Rank,Player,Team,Pos,,League,FP,SD,VORP,ADP,Diff,,AB,R,HR,RBI,SB,AVG,OBP,H,1B,2B,3B,BB,SO,SLG,OPS,CS,,IP,ERA,WHIP,K,W,SV,ER,H,BB,HR,G,GS,L,K/9,QS,HOLDS,BS
1,Aaron Judge,NYY,OF,1,AL,0.0,12.6,13.4,,-1.0,,537.0,109.9,49.9,114.6,6.5,0.280,0.405,150.6,73.6,26.5,0.6,105.5,170.1,0.611,1.016,0.0,,,,,,,,,,,,,,,,,,
2,Shohei Ohtani,LAD,UT,1,NL,0.0,12.7,12.5,,-2.0,,561.4,115.6,43.9,105.1,29.1,0.278,0.370,155.9,77.0,30.6,4.3,77.4,144.9,0.582,0.952,0.0,,,,,,,,,,,,,,,,,,
3,Juan Soto,NYM,OF,2,NL,0.0,10.6,11.4,,-3.0,,546.9,109.9,34.5,95.0,8.0,0.280,0.419,153.1,86.0,30.6,2.0,122.4,112.5,0.532,0.951,0.0,,,,,,,,,,,,,,,,,,
4,Bobby Witt,KC,SS,1,AL,0.0,10.4,10.2,,-4.0,,618.4,108.4,32.4,98.4,35.5,0.290,0.347,179.2,101.8,36.8,8.2,51.4,106.8,0.533,0.881,0.0,,,,,,,,,,,,,,,,,,
5,Yordan Alvarez,HOU,OF,3,AL,0.0,8.9,9.7,,-5.0,,526.5,93.0,38.9,102.9,3.0,0.300,0.389,157.8,86.1,31.3,1.6,71.8,101.5,0.587,0.975,0.0,,,,,,,,,,,,,,,,,,
6,Kyle Tucker,CHC,OF,4,NL,0.0,8.9,9.7,,-6.0,,564.7,95.8,30.9,93.0,19.5,0.277,0.375,156.6,90.1,32.5,3.0,83.5,102.2,0.510,0.885,0.0,,,,,,,,,,,,,,,,,,
7,Elly De La Cruz,CIN,SS,2,NL,0.0,9.8,9.6,,-7.0,,591.6,98.0,26.0,82.4,54.4,0.255,0.332,150.7,86.4,32.0,6.4,64.4,196.1,0.462,0.794,0.0,,,,,,,,,,,,,,,,,,
8,Corbin Carroll,ARI,OF,5,NL,0.0,8.7,9.5,,-8.0,,591.7,106.4,24.0,78.4,40.0,0.261,0.342,154.3,89.3,29.8,11.1,69.2,128.4,0.470,0.813,0.0,,,,,,,,,,,,,,,,,,
9,Tarik Skubal,DET,SP,1,AL,0.0,9.2,9.4,,-9.0,,,,,,,,,,,,,,,,,,,191.2,2.89,1.02,227.8,13.5,0.0,61.5,153.1,42.0,19.1,31.0,31.0,7.6,10.7,19.7,0.0,
10,Paul Skenes,PIT,SP,2,NL,0.0,8.8,8.9,,-10.0,,,,,,,,,,,,,,,,,,,182.9,2.86,1.06,229.3,12.9,0.0,58.1,143.1,50.0,16.4,30.0,30.0,7.8,11.3,18.7,0.0,
11,Fernando Tatis,SD,OF,6,NL,0.0,8.1,8.9,,-11.0,,574.5,98.0,35.4,92.0,20.5,0.275,0.342,157.8,89.4,30.9,2.1,55.3,137.5,0.521,0.862,0.0,,,,,,,,,,,,,,,,,,
12,Ronald Acuna,ATL,OF,7,NL,0.0,7.9,8.7,,-12.0,,476.7,92.1,24.0,67.0,33.1,0.282,0.369,134.6,82.7,25.9,2.0,61.5,102.1,0.496,0.865,0.0,,,,,,,,,,,,,,,,,,
13,Jose Ramirez,CLE,3B,1,AL,0.0,8.3,8.2,,-13.0,,600.9,95.5,29.5,95.9,31.4,0.266,0.333,159.8,90.6,36.7,2.9,57.0,80.1,0.484,0.817,0.0,,,,,,,,,,,,,,,,,,
14,Gunnar Henderson,BAL,SS,3,AL,0.0,8.3,8.1,,-14.0,,582.0,104.1,31.9,89.0,18.1,0.276,0.359,160.5,92.7,30.5,5.4,70.7,142.4,0.511,0.870,0.0,,,,,,,,,,,,,,,,,,
15,Mookie Betts,LAD,SS,4,NL,0.0,8.2,8.1,,-15.0,,574.2,105.8,27.5,90.9,15.9,0.280,0.371,160.6,94.4,35.3,3.4,77.9,91.9,0.497,0.868,0.0,,,,,,,,,,,,,,,,,,
16,Ketel Marte,ARI,2B,1,NL,0.0,6.6,7.9,,-16.0,,569.4,94.3,27.5,89.4,8.0,0.283,0.366,161.2,94.9,33.9,4.9,70.4,111.5,0.505,0.871,0.0,,,,,,,,,,,,,,,,,,
17,Wyatt Langford,TEX,OF,8,AL,0.0,7.1,7.9,,-17.0,,591.0,88.3,27.0,89.4,20.9,0.274,0.354,161.8,96.0,34.3,4.5,69.5,132.7,0.484,0.838,0.0,,,,,,,,,,,,,,,,,,
18,Mason Miller,ATH,RP,1,AL,0.0,7.7,7.9,,-18.0,,,,,,,,,,,,,,,,,,,67.1,2.62,1.02,99.6,3.5,30.3,19.6,46.2,22.1,5.8,61.6,0.0,2.1,13.4,0.0,0.0,
19,Vladimir Guerrero,TOR,1B,1,AL,0.0,8.0,7.9,,-19.0,,599.4,95.5,33.4,102.9,4.5,0.300,0.376,179.8,107.9,36.9,1.5,68.5,95.9,0.534,0.910,0.0,,,,,,,,,,,,,,,,,,
20,Logan Gilbert,SEA,SP,3,AL,0.0,7.6,7.8,,-20.0,,,,,,,,,,,,,,,,,,,197.3,3.22,1.04,208.2,12.5,0.0,70.6,164.4,41.4,24.4,30.9,30.9,8.9,9.5,18.9,0.0,
21,Zack Wheeler,PHI,SP,4,NL,0.0,7.6,7.8,,-21.0,,,,,,,,,,,,,,,,,,,194.8,3.14,1.06,210.1,14.0,0.0,67.9,156.6,50.2,20.3,30.8,30.8,8.3,9.7,18.9,0.0,
22,Julio Rodriguez,SEA,OF,9,AL,0.0,6.9,7.7,,-22.0,,606.2,92.9,29.0,87.9,28.5,0.269,0.322,162.9,100.4,31.2,2.4,45.0,150.3,0.471,0.794,0.0,,,,,,,,,,,,,,,,,,
23,Bryce Harper,PHI,1B,2,NL,0.0,7.8,7.6,,-23.0,,561.8,92.5,30.4,94.3,9.5,0.279,0.379,156.9,91.0,33.9,1.5,84.4,137.3,0.507,0.886,0.0,,,,,,,,,,,,,,,,,,
24,Emmanuel Clase,CLE,RP,2,AL,0.0,7.4,7.5,,-24.0,,,,,,,,,,,,,,,,,,,68.0,2.66,1.02,67.9,4.0,34.5,20.1,56.4,13.2,4.6,63.6,0.0,2.4,9.0,0.0,0.0,
25,Jazz Chisholm,NYY,OF,10,AL,0.0,6.2,7.1,,-25.0,,559.9,83.9,27.0,79.4,35.0,0.249,0.314,139.4,84.7,24.5,3.1,50.0,158.9,0.448,0.762,0.0,,,,,,,,,,,,,,,,,,
26,Garrett Crochet,BOS,SP,5,AL,0.0,6.7,6.9,,-26.0,,,,,,,,,,,,,,,,,,,164.8,3.20,1.09,216.4,12.4,0.0,58.6,134.1,46.0,17.5,29.6,29.1,6.7,11.8,15.9,0.0,
27,Francisco Lindor,NYM,SS,5,NL,0.0,7.0,6.8,,-27.0,,610.8,101.7,29.4,87.4,22.5,0.257,0.328,156.9,93.5,32.0,2.0,61.0,125.8,0.460,0.788,0.0,,,,,,,,,,,,,,,,,,
28,Jacob deGrom,TEX,SP,6,AL,0.0,6.6,6.7,,-28.0,,,,,,,,,,,,,,,,,,,133.6,3.14,1.01,175.6,9.4,0.0,46.5,105.7,29.6,17.3,26.1,25.4,5.9,11.8,13.5,0.0,
29,Freddie Freeman,LAD,1B,3,NL,0.0,6.8,6.7,,-29.0,,566.5,95.8,23.4,92.7,10.5,0.285,0.371,161.7,100.8,35.5,2.0,72.6,106.4,0.479,0.851,0.0,,,,,,,,,,,,,,,,,,
30,Jackson Chourio,MIL,OF,11,NL,0.0,5.7,6.6,,-30.0,,611.4,90.8,24.4,82.5,27.9,0.263,0.316,160.7,101.1,30.7,4.4,45.0,132.6,0.447,0.763,0.0,,,,,,,,,,,,,,,,,,
31,Edwin Diaz,NYM,RP,3,NL,0.0,6.3,6.5,,-31.0,,,,,,,,,,,,,,,,,,,66.2,2.96,1.11,96.1,4.5,34.9,21.8,48.3,25.1,6.0,62.0,0.0,2.6,13.1,0.0,0.5,
32,Devin Williams,NYY,RP,4,AL,0.0,6.3,6.5,,-32.0,,,,,,,,,,,,,,,,,,,65.2,2.90,1.12,89.9,4.5,35.8,21.0,45.0,27.8,5.8,58.0,0.0,2.5,12.4,0.0,0.0,
33,Josh Hader,HOU,RP,5,AL,0.0,6.2,6.4,,-33.0,,,,,,,,,,,,,,,,,,,67.9,3.05,1.09,97.3,4.5,33.8,23.0,47.7,26.2,6.9,61.4,0.0,2.9,12.9,0.0,0.5,
34,Kyle Schwarber,PHI,UT,2,NL,0.0,6.4,6.3,,-34.0,,552.1,90.6,38.9,96.9,4.0,0.222,0.338,122.7,62.7,20.6,0.5,91.0,184.3,0.473,0.811,0.0,,,,,,,,,,,,,,,,,,
35,Jarren Duran,BOS,OF,12,AL,0.0,5.5,6.3,,-35.0,,600.0,95.9,18.0,70.5,31.4,0.265,0.326,158.8,96.7,37.3,6.8,51.1,151.9,0.440,0.765,0.0,,,,,,,,,,,,,,,,,,
36,Matt Olson,ATL,1B,4,NL,0.0,6.3,6.2,,-36.0,,580.7,93.3,35.4,103.8,1.0,0.249,0.341,144.9,79.9,29.0,0.5,76.1,156.1,0.484,0.825,0.0,,,,,,,,,,,,,,,,,,
37,James Wood,WAS,OF,13,NL,0.0,5.3,6.1,,-37.0,,564.6,83.7,21.1,75.3,22.3,0.260,0.345,146.8,93.6,28.2,3.8,69.4,164.2,0.436,0.781,0.0,,,,,,,,,,,,,,,,,,
38,William Contreras,MIL,C,1,NL,0.0,4.6,6.1,,-38.0,,558.0,81.4,24.9,85.9,6.0,0.266,0.349,148.7,91.7,30.6,1.5,67.0,127.2,0.461,0.810,0.0,,,,,,,,,,,,,,,,,,
39,Michael Harris,ATL,OF,14,NL,0.0,5.1,5.9,,-39.0,,580.4,87.3,23.9,78.9,20.9,0.281,0.328,162.9,104.8,31.3,2.9,38.7,123.7,0.468,0.796,0.0,,,,,,,,,,,,,,,,,,
40,Corey Seager,TEX,SS,6,AL,0.0,6.1,5.9,,-40.0,,515.0,87.6,33.3,87.8,1.5,0.290,0.363,149.1,83.4,30.9,1.5,56.2,103.6,0.550,0.913,0.0,,,,,,,,,,,,,,,,,,
41,Ryan Helsley,STL,RP,6,NL,0.0,5.6,5.8,,-41.0,,,,,,,,,,,,,,,,,,,65.7,2.95,1.12,82.8,4.0,33.5,21.5,50.1,23.8,5.2,61.9,0.0,3.0,11.3,0.0,0.5,
42,Seiya Suzuki,CHC,OF,15,NL,0.0,5.0,5.8,,-42.0,,532.6,80.7,23.4,78.2,14.4,0.269,0.351,143.3,88.0,28.4,3.5,63.6,149.8,0.467,0.819,0.0,,,,,,,,,,,,,,,,,,
43,Tyler Glasnow,LAD,SP,7,NL,0.0,5.6,5.8,,-43.0,,,,,,,,,,,,,,,,,,,142.8,3.24,1.08,179.5,10.5,0.0,51.4,114.4,39.4,16.4,25.9,25.8,6.2,11.3,13.4,0.0,
44,Oneil Cruz,PIT,SS,7,NL,0.0,5.8,5.7,,-44.0,,569.1,81.9,26.9,84.9,23.9,0.258,0.329,147.0,86.2,30.9,3.0,56.3,181.2,0.465,0.794,0.0,,,,,,,,,,,,,,,,,,
45,Andres Munoz,SEA,RP,7,AL,0.0,5.5,5.6,,-45.0,,,,,,,,,,,,,,,,,,,64.9,2.84,1.12,87.1,4.0,29.2,20.4,47.7,25.2,5.5,62.0,0.0,3.4,12.1,0.0,2.0,
46,Felix Bautista,BAL,RP,8,AL,0.0,5.4,5.6,,-46.0,,,,,,,,,,,,,,,,,,,59.2,2.89,1.11,84.7,4.0,28.3,19.0,42.7,22.8,5.6,59.7,0.0,2.6,12.9,0.0,0.5,
47,Cole Ragans,KC,SP,8,AL,0.0,5.4,5.6,,-47.0,,,,,,,,,,,,,,,,,,,183.3,3.37,1.18,217.2,12.5,0.0,68.7,151.6,65.2,17.8,30.5,30.5,8.5,10.7,16.8,0.0,
48,Mike Trout,LAA,OF,16,AL,0.0,4.7,5.5,,-48.0,,440.6,71.9,29.9,74.4,8.9,0.262,0.354,115.3,62.1,20.9,2.4,59.5,131.0,0.524,0.878,0.0,,,,,,,,,,,,,,,,,,
49,Austin Riley,ATL,3B,2,NL,0.0,5.6,5.5,,-49.0,,604.2,97.3,34.9,97.4,2.0,0.264,0.327,159.5,89.2,33.0,2.4,53.7,156.8,0.500,0.827,0.0,,,,,,,,,,,,,,,,,,
50,Jhoan Duran,MIN,RP,9,AL,0.0,5.3,5.5,,-50.0,,,,,,,,,,,,,,,,,,,65.6,2.88,1.11,81.2,4.0,28.6,21.0,52.0,20.9,4.8,60.2,0.0,3.0,11.2,0.0,1.0,
51,Pete Alonso,NYM,1B,5,NL,0.0,5.6,5.4,,-51.0,,583.5,87.4,37.0,100.4,3.5,0.242,0.324,141.4,77.1,26.3,1.0,66.6,154.8,0.481,0.805,0.0,,,,,,,,,,,,,,,,,,
52,Lawrence Butler,ATH,OF,17,AL,0.0,4.6,5.4,,-52.0,,576.5,84.3,27.4,73.0,19.9,0.253,0.319,146.0,86.7,29.4,2.5,52.3,148.2,0.456,0.774,0.0,,,,,,,,,,,,,,,,,,
53,Teoscar Hernandez,LAD,OF,18,NL,0.0,4.6,5.4,,-53.0,,584.4,82.5,30.0,92.5,8.5,0.261,0.321,152.7,90.6,30.0,2.1,48.3,182.6,0.473,0.794,0.0,,,,,,,,,,,,,,,,,,
54,Jose Altuve,HOU,2B,2,AL,0.0,4.0,5.4,,-54.0,,587.7,90.8,19.5,67.5,18.9,0.265,0.328,155.9,104.2,30.7,1.4,51.9,109.3,0.422,0.750,0.0,,,,,,,,,,,,,,,,,,
55,Pablo Lopez,MIN,SP,9,AL,0.0,5.2,5.3,,-55.0,,,,,,,,,,,,,,,,,,,186.7,3.57,1.14,196.9,12.5,0.0,74.1,166.5,45.9,22.8,30.7,30.7,9.2,9.5,17.5,0.0,
56,Chris Sale,ATL,SP,10,NL,0.0,5.1,5.3,,-56.0,,,,,,,,,,,,,,,,,,,161.9,3.37,1.16,198.2,13.0,0.0,60.6,143.7,43.8,18.0,29.0,29.0,6.8,11.0,15.9,0.0,
57,Riley Greene,DET,OF,19,AL,0.0,4.5,5.3,,-57.0,,559.4,83.0,24.4,81.2,5.5,0.269,0.353,150.5,93.6,27.5,5.0,68.2,157.9,0.467,0.820,0.0,,,,,,,,,,,,,,,,,,
58,Logan Webb,SF,SP,11,NL,0.0,5.1,5.3,,-58.0,,,,,,,,,,,,,,,,,,,197.8,3.38,1.15,171.1,13.0,0.0,74.2,186.4,42.0,15.8,30.1,30.1,8.9,7.8,19.0,0.0,
59,Ian Happ,CHC,OF,20,NL,0.0,4.4,5.2,,-59.0,,575.8,89.3,23.0,77.9,12.0,0.243,0.335,140.1,85.4,29.3,2.5,75.0,159.2,0.423,0.758,0.0,,,,,,,,,,,,,,,,,,
60,Roki Sasaki,LAD,SP,12,NL,0.0,5.0,5.2,,-60.0,,,,,,,,,,,,,,,,,,,136.2,3.30,1.08,165.1,10.0,0.0,49.9,108.4,38.2,17.0,26.8,25.9,5.7,10.9,12.7,0.0,
61,Manny Machado,SD,3B,3,NL,0.0,5.3,5.2,,-61.0,,582.5,84.3,30.4,93.9,8.0,0.269,0.334,156.7,94.7,30.5,1.1,53.9,124.0,0.482,0.816,0.0,,,,,,,,,,,,,,,,,,
62,Spencer Strider,ATL,SP,13,NL,0.0,5.0,5.2,,-62.0,,,,,,,,,,,,,,,,,,,135.7,3.26,1.10,172.6,9.7,0.0,49.1,105.6,43.2,14.4,26.9,23.6,5.5,11.4,12.4,0.0,
63,Anthony Santander,TOR,OF,21,AL,0.0,4.4,5.2,,-63.0,,584.6,82.5,34.5,97.4,3.0,0.243,0.312,142.3,74.8,31.9,1.0,55.4,132.1,0.479,0.791,0.0,,,,,,,,,,,,,,,,,,
64,Dylan Cease,SD,SP,14,NL,0.0,5.0,5.2,,-64.0,,,,,,,,,,,,,,,,,,,185.6,3.56,1.19,224.2,12.9,0.0,73.4,153.2,68.4,20.9,30.3,30.3,8.9,10.9,16.9,0.0,
65,Framber Valdez,HOU,SP,15,AL,0.0,4.9,5.1,,-65.0,,,,,,,,,,,,,,,,,,,186.9,3.37,1.19,182.0,13.5,0.0,70.0,165.3,56.4,16.7,29.6,29.6,7.7,8.8,19.0,0.0,
66,Brent Rooker,ATH,UT,3,AL,0.0,5.2,5.1,,-66.0,,568.4,85.4,36.5,91.0,8.0,0.245,0.318,139.3,74.1,26.8,2.0,57.2,183.7,0.492,0.809,0.0,,,,,,,,,,,,,,,,,,
67,Trea Turner,PHI,SS,8,NL,0.0,5.2,5.1,,-67.0,,612.6,95.3,22.0,77.0,25.4,0.271,0.319,165.7,107.4,33.0,3.4,40.7,126.3,0.443,0.762,0.0,,,,,,,,,,,,,,,,,,
68,Ozzie Albies,ATL,2B,3,NL,0.0,3.7,5.1,,-68.0,,580.9,83.9,22.0,80.9,13.4,0.267,0.321,154.9,97.1,32.9,2.9,43.8,101.3,0.447,0.767,0.0,,,,,,,,,,,,,,,,,,
69,Jackson Merrill,SD,OF,22,NL,0.0,4.2,5.0,,-69.0,,594.6,82.4,24.0,86.0,14.0,0.276,0.322,164.4,102.2,33.3,4.9,37.9,112.1,0.470,0.792,0.0,,,,,,,,,,,,,,,,,,
70,Corbin Burnes,ARI,SP,16,NL,0.0,4.9,5.0,,-70.0,,,,,,,,,,,,,,,,,,,189.3,3.52,1.15,187.6,12.9,0.0,74.1,168.0,50.6,20.5,31.0,31.0,8.6,8.9,17.6,0.0,
71,Christian Yelich,MIL,OF,23,NL,0.0,4.2,5.0,,-71.0,,474.9,73.4,15.5,61.9,22.9,0.267,0.358,126.9,85.0,24.4,2.0,63.5,115.3,0.425,0.783,0.0,,,,,,,,,,,,,,,,,,
72,Joe Ryan,MIN,SP,17,AL,0.0,4.8,5.0,,-72.0,,,,,,,,,,,,,,,,,,,164.9,3.67,1.09,181.4,10.9,0.0,67.3,142.8,36.9,24.2,28.6,28.5,7.9,9.9,15.4,0.0,
73,Jackson Holliday,BAL,2B,4,AL,0.0,3.6,5.0,,-73.0,,489.3,74.4,14.8,62.4,19.7,0.261,0.352,127.8,85.4,22.7,4.9,65.0,159.4,0.418,0.771,0.0,,,,,,,,,,,,,,,,,,
74,Brenton Doyle,COL,OF,24,NL,0.0,4.1,4.9,,-74.0,,587.3,82.9,22.4,69.0,29.9,0.246,0.302,144.4,91.4,26.2,4.4,44.5,177.5,0.420,0.722,0.0,,,,,,,,,,,,,,,,,,
75,Rafael Devers,BOS,3B,4,AL,0.0,5.0,4.9,,-75.0,,534.7,85.1,30.0,89.2,2.5,0.265,0.346,141.7,79.4,29.8,2.4,62.1,128.0,0.499,0.844,0.0,,,,,,,,,,,,,,,,,,
76,Yoshinobu Yamamoto,LAD,SP,18,NL,0.0,4.7,4.8,,-76.0,,,,,,,,,,,,,,,,,,,158.5,3.40,1.12,171.2,12.4,0.0,59.9,138.0,39.2,17.7,27.5,27.3,7.1,9.7,14.2,0.0,
77,Colton Cowser,BAL,OF,25,AL,0.0,4.0,4.8,,-77.0,,526.0,77.4,27.4,76.0,12.5,0.248,0.328,130.6,76.2,24.0,3.0,59.0,172.4,0.462,0.790,0.0,,,,,,,,,,,,,,,,,,
78,Ryan Walker,SF,RP,10,NL,0.0,4.6,4.8,,-78.0,,,,,,,,,,,,,,,,,,,68.3,3.09,1.12,82.1,4.4,28.2,23.5,55.7,21.0,5.8,59.4,1.2,3.1,10.8,0.0,0.5,
79,Adley Rutschman,BAL,C,2,AL,0.0,3.3,4.8,,-79.0,,538.4,79.3,20.4,72.4,3.0,0.268,0.356,144.2,93.5,29.3,1.0,69.0,95.7,0.440,0.796,0.0,,,,,,,,,,,,,,,,,,
80,Bryan Reynolds,PIT,OF,26,NL,0.0,3.9,4.7,,-80.0,,587.3,84.8,22.9,79.0,8.5,0.268,0.337,157.7,101.2,30.5,3.1,57.2,141.0,0.448,0.785,0.0,,,,,,,,,,,,,,,,,,
81,Bailey Ober,MIN,SP,19,AL,0.0,4.5,4.7,,-81.0,,,,,,,,,,,,,,,,,,,175.1,3.76,1.11,183.8,11.5,0.0,73.2,153.6,41.6,26.6,28.5,28.5,9.0,9.4,16.4,0.0,
82,Randy Arozarena,SEA,OF,27,AL,0.0,3.9,4.7,,-82.0,,557.1,75.7,21.5,75.3,21.6,0.236,0.321,131.5,80.8,27.0,2.1,65.4,162.2,0.408,0.728,0.0,,,,,,,,,,,,,,,,,,
83,Tanner Bibee,CLE,SP,20,AL,0.0,4.5,4.7,,-83.0,,,,,,,,,,,,,,,,,,,176.7,3.60,1.15,182.3,11.5,0.0,70.6,155.0,47.4,21.3,29.4,29.2,8.5,9.3,16.5,0.0,
84,Bryce Miller,SEA,SP,21,AL,0.0,4.5,4.7,,-84.0,,,,,,,,,,,,,,,,,,,178.6,3.57,1.14,175.6,11.5,0.0,70.8,154.9,48.0,23.5,30.0,30.0,9.9,8.8,16.2,0.0,
85,George Kirby,SEA,SP,22,AL,0.0,4.5,4.7,,-85.0,,,,,,,,,,,,,,,,,,,156.8,3.49,1.08,144.1,9.7,0.0,60.8,141.9,27.7,20.3,27.4,27.0,7.6,8.3,15.3,0.0,
86,Jeff Hoffman,TOR,RP,11,AL,0.0,4.4,4.6,,-86.0,,,,,,,,,,,,,,,,,,,66.9,3.16,1.11,83.7,3.5,26.8,23.5,52.6,22.0,7.1,60.6,0.0,3.0,11.3,0.0,6.5,
87,Luis Robert,CHW,OF,28,AL,0.0,3.8,4.6,,-87.0,,567.4,78.9,24.5,74.9,25.5,0.248,0.297,140.8,85.1,29.6,1.6,37.7,173.9,0.435,0.733,0.0,,,,,,,,,,,,,,,,,,
88,Marcus Semien,TEX,2B,5,AL,0.0,3.2,4.6,,-88.0,,587.6,89.4,21.5,71.5,10.0,0.252,0.324,148.0,93.0,30.1,3.5,59.0,100.5,0.425,0.749,0.0,,,,,,,,,,,,,,,,,,
89,Bryan Woo,SEA,SP,23,AL,0.0,4.4,4.6,,-89.0,,,,,,,,,,,,,,,,,,,148.0,3.45,1.08,139.2,9.9,0.0,56.7,128.9,31.1,18.9,27.6,26.9,7.8,8.5,14.7,0.0,
90,Shota Imanaga,CHC,SP,24,NL,0.0,4.4,4.5,,-90.0,,,,,,,,,,,,,,,,,,,173.5,3.65,1.12,173.9,11.9,0.0,70.4,154.9,38.9,25.1,28.8,28.8,8.3,9.0,15.4,0.0,
91,Sonny Gray,STL,SP,25,NL,0.0,4.3,4.5,,-91.0,,,,,,,,,,,,,,,,,,,172.4,3.53,1.17,183.4,11.0,0.0,67.6,153.1,47.7,18.4,30.8,28.4,8.9,9.6,15.8,0.0,
92,Freddy Peralta,MIL,SP,26,NL,0.0,4.3,4.4,,-92.0,,,,,,,,,,,,,,,,,,,174.9,3.70,1.17,201.8,11.5,0.0,72.0,144.5,60.3,24.4,29.4,29.4,9.0,10.4,15.9,0.0,
93,Spencer Schwellenbach,ATL,SP,27,NL,0.0,4.2,4.4,,-93.0,,,,,,,,,,,,,,,,,,,174.8,3.58,1.14,173.5,12.0,0.0,69.5,159.2,40.9,20.1,29.6,29.6,7.7,8.9,15.7,0.0,
94,Max Fried,NYY,SP,28,AL,0.0,4.2,4.4,,-94.0,,,,,,,,,,,,,,,,,,,173.4,3.41,1.18,163.8,12.9,0.0,65.7,155.4,48.8,18.5,29.0,29.0,7.8,8.5,16.9,0.0,
95,Jonathan India,KC,2B,6,AL,0.0,3.0,4.4,,-95.0,,544.7,83.3,15.0,61.9,13.4,0.257,0.345,139.9,91.6,30.3,3.0,69.1,121.2,0.406,0.751,0.0,,,,,,,,,,,,,,,,,,
96,Steven Kwan,CLE,OF,29,AL,0.0,3.6,4.4,,-96.0,,582.6,88.7,9.0,57.9,18.0,0.281,0.361,163.9,122.2,28.0,4.7,68.1,68.2,0.392,0.752,0.0,,,,,,,,,,,,,,,,,,
97,Blake Snell,LAD,SP,29,NL,0.0,4.2,4.3,,-97.0,,,,,,,,,,,,,,,,,,,163.7,3.53,1.22,215.2,12.4,0.0,64.2,132.1,68.2,18.1,29.7,29.6,7.4,11.8,14.9,0.0,
98,Marcell Ozuna,ATL,UT,4,NL,0.0,4.5,4.3,,-98.0,,570.9,83.0,32.4,93.5,1.0,0.256,0.329,146.2,86.4,27.3,0.1,58.4,153.0,0.475,0.804,0.0,,,,,,,,,,,,,,,,,,
99,Aaron Nola,PHI,SP,30,NL,0.0,4.2,4.3,,-99.0,,,,,,,,,,,,,,,,,,,186.3,3.74,1.15,186.2,12.5,0.0,77.4,166.1,48.6,26.0,29.0,29.0,8.8,9.0,16.5,0.0,
100,Matt McLain,CIN,SS,9,NL,0.0,4.5,4.3,,-100.0,,531.7,78.4,22.9,76.7,19.4,0.259,0.332,137.5,80.3,31.3,3.0,55.3,156.1,0.458,0.790,0.0,,,,,,,,,,,,,,,,,,
101,Raisel Iglesias,ATL,RP,12,NL,0.0,4.1,4.3,,-101.0,,,,,,,,,,,,,,,,,,,67.5,3.37,1.16,73.2,4.0,34.3,25.3,59.4,18.7,7.9,59.8,1.8,3.2,9.8,0.0,0.0,
102,Kevin Gausman,TOR,SP,31,AL,0.0,4.1,4.2,,-102.0,,,,,,,,,,,,,,,,,,,182.0,3.67,1.16,182.6,12.0,0.0,74.1,162.6,48.9,21.2,29.3,29.3,10.4,9.0,16.1,0.0,
103,Cody Bellinger,NYY,OF,30,AL,0.0,3.4,4.2,,-103.0,,543.7,76.3,24.1,78.4,11.6,0.259,0.324,141.0,86.5,28.4,2.0,48.9,106.7,0.452,0.776,0.0,,,,,,,,,,,,,,,,,,
104,Xander Bogaerts,SD,2B,7,NL,0.0,2.8,4.2,,-104.0,,563.1,73.0,17.0,71.3,15.4,0.270,0.331,152.1,105.6,28.0,1.6,48.8,107.8,0.416,0.747,0.0,,,,,,,,,,,,,,,,,,
105,Michael King,SD,SP,32,NL,0.0,4.0,4.2,,-105.0,,,,,,,,,,,,,,,,,,,177.0,3.60,1.19,194.5,12.5,0.0,70.8,152.7,58.4,22.0,30.4,30.4,8.6,9.9,15.5,0.0,
106,Josh Lowe,TB,OF,31,AL,0.0,3.4,4.2,,-106.0,,486.9,66.9,17.5,68.2,28.3,0.252,0.319,122.6,74.3,27.7,3.0,45.7,151.5,0.429,0.748,0.0,,,,,,,,,,,,,,,,,,
107,Jasson Dominguez,NYY,OF,32,AL,0.0,3.3,4.1,,-107.0,,493.3,68.4,19.4,64.3,22.4,0.252,0.331,124.1,79.3,23.4,2.0,54.9,135.2,0.425,0.756,0.0,,,,,,,,,,,,,,,,,,
108,Willson Contreras,STL,C,3,NL,0.0,2.6,4.1,,-108.0,,514.3,72.4,24.4,75.7,5.0,0.246,0.328,126.4,75.6,25.9,0.5,59.4,144.1,0.440,0.768,0.0,,,,,,,,,,,,,,,,,,
109,Alex Bregman,BOS,3B,5,AL,0.0,4.2,4.1,,-109.0,,579.0,84.9,24.0,85.9,3.0,0.265,0.347,153.2,95.3,32.0,2.0,68.4,87.4,0.451,0.797,0.0,,,,,,,,,,,,,,,,,,
110,Willy Adames,SF,SS,10,NL,0.0,4.3,4.1,,-110.0,,585.0,84.4,25.0,82.0,12.0,0.244,0.327,142.9,84.9,31.9,1.1,68.2,164.2,0.431,0.758,0.0,,,,,,,,,,,,,,,,,,
111,CJ Abrams,WAS,SS,11,NL,0.0,4.2,4.1,,-111.0,,569.3,82.9,19.0,65.4,36.4,0.250,0.302,142.3,88.9,30.1,4.4,39.7,121.1,0.418,0.720,0.0,,,,,,,,,,,,,,,,,,
112,Luis Castillo,SEA,SP,33,AL,0.0,3.9,4.0,,-112.0,,,,,,,,,,,,,,,,,,,178.6,3.65,1.17,183.9,12.0,0.0,72.4,156.7,52.7,22.6,30.5,30.5,10.8,9.3,15.2,0.0,
113,Cristopher Sanchez,PHI,SP,34,NL,0.0,3.9,4.0,,-113.0,,,,,,,,,,,,,,,,,,,173.7,3.47,1.18,157.3,11.5,0.0,66.9,161.7,43.9,16.7,29.0,29.0,8.0,8.1,16.9,0.0,
114,Justin Steele,CHC,SP,35,NL,0.0,3.8,4.0,,-114.0,,,,,,,,,,,,,,,,,,,165.0,3.46,1.17,161.1,11.0,0.0,63.4,148.2,44.9,16.9,30.0,27.8,7.6,8.8,15.0,0.0,
115,Christian Walker,HOU,1B,6,AL,0.0,4.1,4.0,,-115.0,,546.8,79.4,30.4,91.3,4.5,0.242,0.323,132.1,73.7,27.5,0.5,62.3,136.3,0.461,0.784,0.0,,,,,,,,,,,,,,,,,,
116,Lars Nootbaar,STL,OF,33,NL,0.0,3.2,4.0,,-116.0,,482.1,69.8,19.4,64.2,8.5,0.257,0.361,124.1,76.9,25.2,2.5,73.2,113.9,0.441,0.801,0.0,,,,,,,,,,,,,,,,,,
117,Cal Raleigh,SEA,C,4,AL,0.0,2.5,3.9,,-117.0,,517.0,68.9,30.0,83.4,3.0,0.227,0.310,117.2,61.6,25.1,0.5,58.8,159.5,0.451,0.761,0.0,,,,,,,,,,,,,,,,,,
118,Taylor Ward,LAA,OF,34,AL,0.0,3.1,3.9,,-118.0,,563.7,81.0,23.0,74.5,6.5,0.255,0.332,144.0,89.6,29.4,2.0,61.1,148.4,0.437,0.769,0.0,,,,,,,,,,,,,,,,,,
119,Jorge Soler,LAA,OF,35,AL,0.0,3.0,3.8,,-119.0,,513.5,75.3,29.4,79.3,1.0,0.238,0.327,122.1,67.0,24.6,1.0,64.3,149.0,0.462,0.789,0.0,,,,,,,,,,,,,,,,,,
120,Tanner Scott,LAD,RP,13,NL,0.0,3.6,3.8,,-120.0,,,,,,,,,,,,,,,,,,,66.8,3.09,1.18,85.3,4.5,25.5,22.9,50.8,28.2,6.0,63.0,0.0,2.9,11.5,0.0,0.5,
121,Bryson Stott,PHI,2B,8,NL,0.0,2.4,3.8,,-121.0,,520.7,68.0,13.0,59.4,25.5,0.260,0.326,135.3,95.3,24.1,2.9,47.9,99.1,0.392,0.718,0.0,,,,,,,,,,,,,,,,,,
122,Hunter Greene,CIN,SP,36,NL,0.0,3.6,3.7,,-122.0,,,,,,,,,,,,,,,,,,,170.1,3.80,1.20,201.3,10.4,0.0,71.7,141.6,62.5,22.2,27.2,25.2,8.8,10.7,15.1,0.0,
123,Pete Crow-Armstrong,CHC,OF,36,NL,0.0,2.9,3.7,,-123.0,,534.0,66.4,16.5,61.0,38.1,0.243,0.295,130.0,81.8,24.5,7.2,36.9,146.0,0.409,0.704,0.0,,,,,,,,,,,,,,,,,,
124,Gleyber Torres,DET,2B,9,AL,0.0,2.3,3.7,,-124.0,,573.5,77.3,17.0,70.4,8.0,0.256,0.334,146.9,99.4,29.0,1.6,63.3,119.4,0.401,0.735,0.0,,,,,,,,,,,,,,,,,,
125,Xavier Edwards,MIA,SS,12,NL,0.0,3.8,3.6,,-125.0,,553.0,76.7,4.5,47.8,37.3,0.283,0.354,156.3,122.7,25.2,4.0,57.9,95.6,0.367,0.721,0.0,,,,,,,,,,,,,,,,,,
126,Hunter Brown,HOU,SP,37,AL,0.0,3.5,3.6,,-126.0,,,,,,,,,,,,,,,,,,,173.0,3.63,1.21,183.6,11.9,0.0,69.7,154.2,55.3,19.3,28.9,28.9,8.5,9.5,15.3,0.0,
127,Matt Chapman,SF,3B,6,NL,0.0,3.7,3.6,,-127.0,,570.7,81.0,26.0,82.4,8.0,0.243,0.325,138.9,78.0,32.9,2.0,65.4,163.7,0.445,0.770,0.0,,,,,,,,,,,,,,,,,,
128,Josh Naylor,ARI,1B,7,NL,0.0,3.7,3.5,,-128.0,,562.4,75.9,23.4,90.8,6.5,0.264,0.331,148.6,92.5,32.2,0.5,53.3,95.2,0.448,0.780,0.0,,,,,,,,,,,,,,,,,,
129,Jurickson Profar,ATL,OF,37,NL,0.0,2.7,3.5,,-129.0,,547.1,80.9,16.5,71.7,7.5,0.255,0.341,139.3,94.7,27.1,1.0,67.8,106.5,0.398,0.739,0.0,,,,,,,,,,,,,,,,,,
130,Sandy Alcantara,MIA,SP,38,NL,0.0,3.4,3.5,,-130.0,,,,,,,,,,,,,,,,,,,176.9,3.57,1.19,155.4,10.4,0.0,70.1,165.5,45.0,17.9,29.5,29.5,9.9,7.9,16.0,0.0,
131,Vinnie Pasquantino,KC,1B,8,AL,0.0,3.7,3.5,,-131.0,,563.3,78.7,22.0,90.7,1.5,0.273,0.345,153.7,94.3,34.9,2.5,58.0,85.0,0.461,0.805,0.0,,,,,,,,,,,,,,,,,,
132,Zac Gallen,ARI,SP,39,NL,0.0,3.3,3.5,,-132.0,,,,,,,,,,,,,,,,,,,172.7,3.65,1.20,175.8,11.5,0.0,70.0,154.7,52.1,19.8,29.1,28.7,8.5,9.2,14.8,0.0,
133,Robbie Ray,SF,SP,40,NL,0.0,3.3,3.5,,-133.0,,,,,,,,,,,,,,,,,,,160.5,3.74,1.18,178.2,9.9,0.0,66.7,137.2,51.9,21.7,27.4,26.9,8.4,10.0,14.2,0.0,
134,Ryan Pepiot,TB,SP,41,AL,0.0,3.3,3.4,,-134.0,,,,,,,,,,,,,,,,,,,163.2,3.76,1.17,172.8,10.5,0.0,68.3,137.8,52.8,22.4,28.9,27.5,9.1,9.5,14.3,0.0,
135,Taj Bradley,TB,SP,42,AL,0.0,3.3,3.4,,-135.0,,,,,,,,,,,,,,,,,,,166.5,3.76,1.18,176.9,10.5,0.0,69.6,143.8,52.5,22.3,30.8,28.1,9.0,9.6,14.5,0.0,
136,Triston Casas,BOS,1B,9,AL,0.0,3.6,3.4,,-136.0,,503.3,73.9,26.4,79.4,1.0,0.246,0.349,123.8,72.0,24.9,0.5,74.7,154.1,0.455,0.804,0.0,,,,,,,,,,,,,,,,,,
137,Carlos Rodon,NYY,SP,43,AL,0.0,3.2,3.4,,-137.0,,,,,,,,,,,,,,,,,,,169.8,3.91,1.19,188.3,11.9,0.0,73.7,145.4,55.8,26.7,29.0,29.0,9.0,10.0,15.2,0.0,
138,Luis Garcia,WAS,2B,10,NL,0.0,2.0,3.3,,-138.0,,515.0,63.4,16.9,68.4,16.4,0.276,0.322,141.9,97.6,25.4,2.0,33.1,89.5,0.431,0.753,0.0,,,,,,,,,,,,,,,,,,
139,Brice Turang,MIL,2B,11,NL,0.0,1.9,3.3,,-139.0,,506.6,64.5,6.6,50.0,36.4,0.249,0.317,126.2,94.7,21.5,3.4,47.5,98.6,0.344,0.661,0.0,,,,,,,,,,,,,,,,,,
140,Adolis Garcia,TEX,OF,38,AL,0.0,2.4,3.3,,-140.0,,540.8,73.0,27.1,80.0,10.5,0.234,0.298,126.4,73.3,25.5,0.5,46.5,165.9,0.433,0.731,0.0,,,,,,,,,,,,,,,,,,
141,Junior Caminero,TB,3B,7,AL,0.0,3.3,3.2,,-141.0,,566.6,75.7,27.8,85.7,4.5,0.271,0.323,153.3,92.7,30.2,2.5,41.3,130.5,0.480,0.803,0.0,,,,,,,,,,,,,,,,,,
142,George Springer,TOR,OF,39,AL,0.0,2.4,3.2,,-142.0,,531.4,73.5,20.0,69.4,14.5,0.243,0.317,129.2,82.2,25.0,2.0,54.4,114.6,0.410,0.727,0.0,,,,,,,,,,,,,,,,,,
143,Mark Vientos,NYM,3B,8,NL,0.0,3.3,3.2,,-143.0,,573.9,77.8,32.9,91.3,1.0,0.244,0.309,140.0,78.8,27.2,1.0,51.1,180.6,0.467,0.776,0.0,,,,,,,,,,,,,,,,,,
144,Lane Thomas,CLE,OF,40,AL,0.0,2.3,3.1,,-144.0,,528.3,70.0,16.0,64.9,24.4,0.245,0.309,129.6,82.5,29.0,2.0,45.8,146.5,0.399,0.708,0.0,,,,,,,,,,,,,,,,,,
145,Jack Flaherty,DET,SP,44,AL,0.0,2.9,3.1,,-145.0,,,,,,,,,,,,,,,,,,,155.9,3.73,1.20,171.7,10.5,0.0,64.7,137.8,48.8,19.8,29.0,29.0,8.1,9.9,14.1,0.0,
146,Yusei Kikuchi,LAA,SP,45,AL,0.0,2.9,3.1,,-146.0,,,,,,,,,,,,,,,,,,,176.0,3.96,1.23,198.8,10.5,0.0,77.5,160.9,55.0,27.0,28.6,28.1,10.8,10.2,15.9,0.0,
147,Brandon Lowe,TB,2B,12,AL,0.0,1.7,3.1,,-147.0,,463.0,68.9,24.5,68.0,5.5,0.246,0.318,113.9,63.8,23.0,2.6,46.3,132.2,0.465,0.783,0.0,,,,,,,,,,,,,,,,,,
148,Andres Gimenez,TOR,2B,13,AL,0.0,1.7,3.1,,-148.0,,565.6,71.5,12.5,61.4,28.0,0.257,0.298,145.5,103.1,27.0,2.9,31.1,101.7,0.381,0.679,0.0,,,,,,,,,,,,,,,,,,
149,Will Smith,LAD,C,5,NL,0.0,1.6,3.1,,-149.0,,446.3,65.4,20.4,68.9,1.5,0.256,0.338,114.4,67.0,24.9,2.0,52.2,92.0,0.458,0.797,0.0,,,,,,,,,,,,,,,,,,
150,Yandy Diaz,TB,1B,10,AL,0.0,3.1,3.0,,-150.0,,569.7,83.7,17.5,67.6,2.5,0.284,0.362,161.8,111.8,31.4,1.0,65.5,99.6,0.435,0.797,0.0,,,,,,,,,,,,,,,,,,
151,Paul Goldschmidt,NYY,1B,11,AL,0.0,3.1,3.0,,-151.0,,550.6,77.0,24.0,80.5,7.4,0.253,0.325,139.1,85.1,29.0,1.0,55.7,158.6,0.440,0.765,0.0,,,,,,,,,,,,,,,,,,
152,Nathan Eovaldi,TEX,SP,46,AL,0.0,2.8,3.0,,-152.0,,,,,,,,,,,,,,,,,,,170.0,3.85,1.19,164.1,10.9,0.0,72.7,153.6,48.9,22.9,28.8,28.8,9.0,8.7,15.7,0.0,
153,JJ Bleday,ATH,OF,41,AL,0.0,2.2,3.0,,-153.0,,549.8,73.9,22.0,71.9,4.5,0.236,0.328,129.6,75.3,29.8,2.5,71.1,135.2,0.419,0.747,0.0,,,,,,,,,,,,,,,,,,
154,Dylan Crews,WAS,OF,42,NL,0.0,2.1,2.9,,-154.0,,553.6,74.3,14.5,65.3,26.4,0.244,0.299,135.0,91.9,25.6,3.0,41.1,130.7,0.379,0.678,0.0,,,,,,,,,,,,,,,,,,
155,Jung Hoo Lee,SF,OF,43,NL,0.0,2.1,2.9,,-155.0,,534.1,73.1,12.9,65.7,8.4,0.287,0.349,153.4,103.8,33.3,3.4,47.5,62.4,0.435,0.783,0.0,,,,,,,,,,,,,,,,,,
156,Bo Bichette,TOR,SS,13,AL,0.0,3.1,2.9,,-156.0,,589.9,82.7,19.4,75.3,10.5,0.280,0.328,165.3,109.8,33.4,2.7,39.7,123.2,0.445,0.773,0.0,,,,,,,,,,,,,,,,,,
157,Tyler O'Neill,BAL,OF,44,AL,0.0,2.1,2.9,,-157.0,,434.5,63.4,27.3,67.3,6.5,0.240,0.323,104.2,58.3,18.0,0.5,50.3,150.9,0.473,0.795,0.0,,,,,,,,,,,,,,,,,,
158,Gavin Williams,CLE,SP,47,AL,0.0,2.7,2.9,,-158.0,,,,,,,,,,,,,,,,,,,164.8,3.75,1.20,175.9,9.5,0.0,68.7,141.4,55.9,19.3,28.8,28.1,9.0,9.6,12.5,0.0,
159,Zach Eflin,BAL,SP,48,AL,0.0,2.7,2.9,,-159.0,,,,,,,,,,,,,,,,,,,171.7,3.81,1.17,144.2,11.5,0.0,72.6,166.6,33.7,22.6,28.6,28.6,8.5,7.6,15.3,0.0,
160,Jared Jones,PIT,SP,49,NL,0.0,2.6,2.8,,-160.0,,,,,,,,,,,,,,,,,,,168.0,3.80,1.22,178.6,9.5,0.0,70.9,152.1,52.8,20.3,31.0,28.7,9.5,9.6,14.1,0.0,
161,MacKenzie Gore,WAS,SP,50,NL,0.0,2.6,2.8,,-161.0,,,,,,,,,,,,,,,,,,,168.5,3.75,1.25,184.6,10.5,0.0,70.3,149.8,60.1,19.1,30.6,27.9,8.9,9.9,14.6,0.0,
162,Dansby Swanson,CHC,SS,14,NL,0.0,3.0,2.8,,-162.0,,575.3,76.4,20.0,74.0,16.0,0.245,0.318,140.8,91.9,27.0,2.0,58.8,156.2,0.403,0.721,0.0,,,,,,,,,,,,,,,,,,
163,Cedric Mullins,BAL,OF,45,AL,0.0,2.0,2.8,,-163.0,,458.4,64.6,16.5,56.6,26.1,0.240,0.310,109.9,69.0,21.4,3.0,44.1,102.4,0.408,0.718,0.0,,,,,,,,,,,,,,,,,,
164,Anthony Volpe,NYY,SS,15,AL,0.0,2.9,2.7,,-164.0,,574.6,78.4,16.4,66.9,27.4,0.241,0.303,138.7,89.5,29.2,3.5,48.4,140.6,0.391,0.694,0.0,,,,,,,,,,,,,,,,,,
165,Jeffrey Springs,ATH,SP,51,AL,0.0,2.6,2.7,,-165.0,,,,,,,,,,,,,,,,,,,150.8,3.73,1.18,150.5,8.9,0.0,62.5,133.9,43.7,19.9,29.7,26.9,7.4,9.0,13.3,0.0,
166,Reynaldo Lopez,ATL,SP,52,NL,0.0,2.6,2.7,,-166.0,,,,,,,,,,,,,,,,,,,159.7,3.68,1.22,168.5,10.6,0.0,65.3,142.2,52.7,18.1,28.7,28.7,7.8,9.5,13.3,0.0,
167,Yainer Diaz,HOU,C,6,AL,0.0,1.2,2.7,,-167.0,,532.3,68.4,20.4,76.4,1.0,0.282,0.319,150.4,99.9,28.0,2.0,27.0,99.3,0.458,0.777,0.0,,,,,,,,,,,,,,,,,,
168,Tommy Edman,LAD,OF,46,NL,0.0,1.8,2.6,,-168.0,,522.6,69.4,13.0,62.3,24.9,0.251,0.308,131.4,88.9,26.5,3.0,40.3,99.3,0.388,0.696,0.0,,,,,,,,,,,,,,,,,,
169,Brandon Nimmo,NYM,OF,47,NL,0.0,1.8,2.6,,-169.0,,494.0,71.5,17.0,66.8,7.0,0.245,0.334,121.0,78.1,23.4,2.5,62.4,125.7,0.406,0.740,0.0,,,,,,,,,,,,,,,,,,
170,A.J. Puk,ARI,RP,14,NL,0.0,2.4,2.6,,-170.0,,,,,,,,,,,,,,,,,,,65.6,3.22,1.15,78.7,4.5,16.2,23.5,52.9,22.4,6.5,58.6,0.0,3.0,10.8,0.0,4.0,
171,Drew Rasmussen,TB,SP,53,AL,0.0,2.4,2.5,,-171.0,,,,,,,,,,,,,,,,,,,124.3,3.44,1.14,123.8,7.5,0.0,47.5,110.4,31.4,13.7,32.0,20.0,6.0,9.0,8.8,1.0,
172,Michael Toglia,COL,1B,12,NL,0.0,2.7,2.5,,-172.0,,512.0,69.7,28.3,74.2,8.4,0.233,0.315,119.1,66.3,21.6,3.0,57.8,172.8,0.452,0.767,0.0,,,,,,,,,,,,,,,,,,
173,Nick Pivetta,SD,SP,54,NL,0.0,2.4,2.5,,-173.0,,,,,,,,,,,,,,,,,,,156.9,3.98,1.21,176.7,10.5,0.0,69.3,138.4,51.5,23.9,27.7,27.7,8.2,10.1,14.6,0.0,
174,Shane McClanahan,TB,SP,55,AL,0.0,2.4,2.5,,-174.0,,,,,,,,,,,,,,,,,,,122.8,3.56,1.17,134.1,8.4,0.0,48.6,107.5,36.4,15.1,21.4,19.9,6.8,9.8,11.5,0.0,
175,Garrett Mitchell,MIL,OF,48,NL,0.0,1.7,2.5,,-175.0,,442.4,60.3,15.9,58.6,22.1,0.237,0.318,104.7,66.0,19.8,3.1,50.1,149.2,0.403,0.722,0.0,,,,,,,,,,,,,,,,,,
176,Brandon Pfaadt,ARI,SP,56,NL,0.0,2.3,2.5,,-176.0,,,,,,,,,,,,,,,,,,,164.2,3.98,1.19,163.6,10.9,0.0,72.6,155.1,40.6,23.2,27.4,25.1,8.5,9.0,14.8,0.0,
177,TJ Friedl,CIN,OF,49,NL,0.0,1.6,2.4,,-177.0,,514.2,73.1,14.0,60.3,19.9,0.244,0.312,125.2,83.7,23.1,4.4,48.1,98.3,0.388,0.699,0.0,,,,,,,,,,,,,,,,,,
178,Nolan Jones,COL,OF,50,NL,0.0,1.6,2.4,,-178.0,,444.5,62.3,15.4,57.8,11.9,0.254,0.342,112.9,71.7,23.2,2.5,56.0,145.6,0.422,0.763,0.0,,,,,,,,,,,,,,,,,,
179,Victor Robles,SEA,OF,51,AL,0.0,1.6,2.4,,-179.0,,483.7,67.3,9.0,46.8,36.4,0.241,0.304,116.7,81.7,24.6,1.5,41.3,108.2,0.354,0.658,0.0,,,,,,,,,,,,,,,,,,
180,Jake McCarthy,ARI,OF,52,NL,0.0,1.6,2.4,,-180.0,,474.6,64.9,8.5,54.3,28.0,0.264,0.321,125.3,88.8,22.1,5.9,37.5,91.2,0.389,0.710,0.0,,,,,,,,,,,,,,,,,,
181,Salvador Perez,KC,C,7,AL,0.0,0.9,2.4,,-181.0,,536.9,64.0,24.5,83.1,0.0,0.257,0.302,138.2,87.1,26.0,0.6,32.4,127.6,0.445,0.747,0.0,,,,,,,,,,,,,,,,,,
182,Jordan Westburg,BAL,3B,9,AL,0.0,2.5,2.4,,-182.0,,530.6,72.4,21.9,74.9,10.0,0.265,0.321,140.6,85.0,29.3,4.4,41.1,126.8,0.461,0.782,0.0,,,,,,,,,,,,,,,,,,
183,Robert Suarez,SD,RP,15,NL,0.0,2.2,2.4,,-183.0,,,,,,,,,,,,,,,,,,,64.1,3.53,1.18,63.8,4.0,25.7,25.1,55.7,19.7,7.3,61.8,0.0,3.8,9.0,0.0,0.5,
184,Nico Hoerner,CHC,2B,14,NL,0.0,1.0,2.4,,-184.0,,501.5,65.5,6.0,50.0,26.0,0.271,0.323,135.8,103.8,23.5,2.5,36.8,64.9,0.364,0.687,0.0,,,,,,,,,,,,,,,,,,
185,Isaac Paredes,HOU,3B,10,AL,0.0,2.5,2.4,,-185.0,,531.7,76.9,23.5,73.0,1.5,0.244,0.334,129.7,79.2,26.5,0.5,68.2,101.9,0.428,0.762,0.0,,,,,,,,,,,,,,,,,,
186,Luis Arraez,SD,2B,15,NL,0.0,1.0,2.4,,-186.0,,597.7,78.9,6.0,58.1,7.5,0.305,0.346,182.2,141.2,32.0,3.0,35.6,37.7,0.399,0.745,0.0,,,,,,,,,,,,,,,,,,
187,Heliot Ramos,SF,OF,53,NL,0.0,1.5,2.3,,-187.0,,537.9,69.4,21.4,73.3,8.0,0.252,0.309,135.5,83.4,27.2,3.5,42.3,157.0,0.435,0.744,0.0,,,,,,,,,,,,,,,,,,
188,Orion Kerkering,PHI,RP,16,NL,0.0,2.1,2.3,,-188.0,,,,,,,,,,,,,,,,,,,64.9,2.99,1.11,74.0,4.0,7.2,21.6,52.7,19.3,4.8,59.6,0.0,2.5,10.3,0.0,11.5,
189,Carlos Correa,MIN,SS,16,AL,0.0,2.5,2.3,,-189.0,,497.6,74.2,19.4,69.8,1.0,0.274,0.353,136.3,86.5,28.3,2.1,57.3,107.6,0.457,0.810,0.0,,,,,,,,,,,,,,,,,,
190,Kodai Senga,NYM,SP,57,NL,0.0,2.1,2.3,,-190.0,,,,,,,,,,,,,,,,,,,160.4,3.79,1.25,173.9,10.9,0.0,67.5,137.0,63.6,19.9,30.9,28.2,7.8,9.8,13.9,0.0,
191,Ranger Suarez,PHI,SP,58,NL,0.0,2.1,2.3,,-191.0,,,,,,,,,,,,,,,,,,,162.7,3.66,1.23,146.0,11.0,0.0,66.2,151.3,49.0,17.6,30.7,27.5,8.5,8.1,14.4,0.0,
192,Chris Martin,TEX,RP,17,AL,0.0,2.1,2.3,,-192.0,,,,,,,,,,,,,,,,,,,57.9,3.36,1.12,57.9,3.0,17.3,21.6,53.5,11.3,5.6,55.6,0.0,2.6,9.0,0.0,1.0,
193,Brandon Woodruff,MIL,SP,59,NL,0.0,2.1,2.3,,-193.0,,,,,,,,,,,,,,,,,,,138.7,3.68,1.17,147.4,9.3,0.0,56.7,121.2,41.6,18.2,26.0,25.3,6.7,9.6,9.8,0.0,
194,David Bednar,PIT,RP,18,NL,0.0,2.1,2.2,,-194.0,,,,,,,,,,,,,,,,,,,63.4,3.53,1.20,68.4,3.0,26.4,24.9,52.8,23.5,6.6,62.7,0.0,3.4,9.7,0.0,2.5,
195,Seth Lugo,KC,SP,60,AL,0.0,2.1,2.2,,-195.0,,,,,,,,,,,,,,,,,,,180.9,3.88,1.23,157.4,12.0,0.0,77.9,172.7,49.6,20.4,29.1,28.7,9.4,7.8,15.3,0.0,
196,Nick Castellanos,PHI,OF,54,NL,0.0,1.4,2.2,,-196.0,,578.2,72.5,20.5,81.0,5.0,0.255,0.304,147.7,93.3,30.9,2.9,38.2,146.6,0.425,0.729,0.0,,,,,,,,,,,,,,,,,,
197,Trevor Megill,MIL,RP,19,NL,0.0,2.0,2.1,,-197.0,,,,,,,,,,,,,,,,,,,61.5,3.65,1.21,74.6,3.5,26.9,24.9,52.4,21.8,7.9,53.9,0.9,2.7,10.9,0.0,0.0,
198,Matt Wallner,MIN,OF,55,AL,0.0,1.3,2.1,,-198.0,,443.8,64.4,25.3,64.4,5.0,0.235,0.316,104.1,54.3,22.9,1.6,49.9,169.7,0.464,0.780,0.0,,,,,,,,,,,,,,,,,,
199,Masyn Winn,STL,SS,17,NL,0.0,2.3,2.1,,-199.0,,579.4,80.4,14.0,63.0,19.8,0.262,0.316,151.7,103.7,30.0,3.9,43.8,108.0,0.400,0.716,0.0,,,,,,,,,,,,,,,,,,
200,Kerry Carpenter,DET,OF,56,AL,0.0,1.3,2.1,,-200.0,,458.7,63.9,23.4,71.4,3.0,0.259,0.318,118.7,69.4,22.4,3.5,37.8,124.9,0.476,0.794,0.0,,,,,,,,,,,,,,,,,,
201,Nathaniel Lowe,WAS,1B,13,NL,0.0,2.2,2.1,,-201.0,,541.3,72.3,16.0,73.7,2.0,0.261,0.351,141.1,99.1,24.0,2.0,71.0,134.7,0.401,0.752,0.0,,,,,,,,,,,,,,,,,,
202,Tanner Houck,BOS,SP,61,AL,0.0,1.8,2.0,,-202.0,,,,,,,,,,,,,,,,,,,172.6,3.83,1.23,151.8,11.5,0.0,73.4,162.8,50.2,16.9,32.5,29.4,8.6,7.9,14.4,0.0,
203,Colt Keith,DET,2B,16,AL,0.0,0.7,2.0,,-203.0,,497.1,64.3,15.5,64.9,4.5,0.265,0.328,131.9,89.3,23.2,3.9,43.8,105.5,0.421,0.749,0.0,,,,,,,,,,,,,,,,,,
204,Brendan Donovan,STL,OF,57,NL,0.0,1.2,2.0,,-204.0,,518.2,66.5,12.5,64.3,5.5,0.278,0.344,143.9,101.7,27.8,2.0,49.7,78.4,0.411,0.756,0.0,,,,,,,,,,,,,,,,,,
205,Zach Neto,LAA,SS,18,AL,0.0,2.2,2.0,,-205.0,,482.6,68.4,18.0,63.4,22.9,0.250,0.307,120.6,73.9,26.6,2.1,37.8,123.5,0.426,0.733,0.0,,,,,,,,,,,,,,,,,,
206,Gabriel Moreno,ARI,C,8,NL,0.0,0.5,2.0,,-206.0,,430.1,57.3,10.0,54.9,6.0,0.279,0.354,120.1,82.3,25.8,2.0,46.6,75.8,0.418,0.772,0.0,,,,,,,,,,,,,,,,,,
207,Liam Hendriks,BOS,RP,20,AL,0.0,1.7,1.9,,-207.0,,,,,,,,,,,,,,,,,,,58.4,3.56,1.15,66.6,3.0,19.2,23.1,49.8,17.1,7.4,57.4,0.0,2.4,10.3,0.0,1.5,
208,Jeremy Pena,HOU,SS,19,AL,0.0,2.1,1.9,,-208.0,,600.3,77.9,16.4,69.9,18.0,0.265,0.305,159.2,110.8,29.7,2.2,32.7,118.6,0.404,0.709,0.0,,,,,,,,,,,,,,,,,,
209,Byron Buxton,MIN,OF,58,AL,0.0,1.1,1.9,,-209.0,,432.9,67.3,23.4,66.9,8.5,0.247,0.302,106.9,55.3,25.7,2.5,32.1,128.6,0.480,0.782,0.0,,,,,,,,,,,,,,,,,,
210,Brandon Marsh,PHI,OF,59,NL,0.0,1.1,1.9,,-210.0,,443.6,60.5,14.0,55.4,16.0,0.245,0.327,108.8,69.3,22.1,3.4,51.1,150.7,0.405,0.732,0.0,,,,,,,,,,,,,,,,,,
211,Kirby Yates,LAD,RP,21,NL,0.0,1.7,1.9,,-211.0,,,,,,,,,,,,,,,,,,,59.9,3.21,1.15,74.2,4.0,11.8,21.4,43.5,25.7,6.4,56.2,0.0,2.0,11.1,0.0,7.5,
212,Spencer Steer,CIN,OF,60,NL,0.0,1.1,1.9,,-212.0,,440.3,59.6,16.0,63.0,13.5,0.238,0.321,105.0,62.6,24.4,2.0,50.3,103.9,0.412,0.733,0.0,,,,,,,,,,,,,,,,,,
213,Shea Langeliers,ATH,C,9,AL,0.0,0.3,1.8,,-213.0,,457.3,60.5,25.0,67.6,4.5,0.232,0.296,105.9,58.8,20.6,1.5,39.7,138.1,0.447,0.744,0.0,,,,,,,,,,,,,,,,,,
214,Michael Conforto,LAD,OF,61,NL,0.0,1.0,1.8,,-214.0,,434.9,60.8,21.4,65.8,2.0,0.249,0.329,108.2,63.8,22.0,1.0,49.2,116.4,0.452,0.781,0.0,,,,,,,,,,,,,,,,,,
215,Jason Adam,SD,RP,22,NL,0.0,1.6,1.8,,-215.0,,,,,,,,,,,,,,,,,,,67.6,3.24,1.12,80.0,4.0,7.3,24.4,50.6,25.0,7.5,64.1,0.0,3.0,10.7,0.0,6.5,
216,Jesus Sanchez,MIA,OF,62,NL,0.0,1.0,1.8,,-216.0,,451.6,58.9,19.0,62.9,10.0,0.252,0.320,113.7,70.6,22.6,1.6,42.9,128.1,0.435,0.755,0.0,,,,,,,,,,,,,,,,,,
217,David Peterson,NYM,SP,62,NL,0.0,1.6,1.8,,-217.0,,,,,,,,,,,,,,,,,,,157.9,3.69,1.24,155.4,10.4,0.0,64.8,139.4,55.7,16.7,29.5,26.0,7.6,8.9,10.6,0.0,
218,Luis Rengifo,LAA,3B,11,AL,0.0,1.8,1.7,,-218.0,,513.4,69.7,14.5,60.3,21.9,0.261,0.312,134.0,95.0,21.5,3.0,36.1,89.9,0.399,0.711,0.0,,,,,,,,,,,,,,,,,,
219,Jake Burger,TEX,1B,14,AL,0.0,1.8,1.7,,-219.0,,542.0,72.0,31.9,82.0,1.5,0.241,0.291,130.8,74.2,23.2,1.5,35.8,158.1,0.466,0.757,0.0,,,,,,,,,,,,,,,,,,
220,Nick Lodolo,CIN,SP,63,NL,0.0,1.5,1.6,,-220.0,,,,,,,,,,,,,,,,,,,147.3,3.88,1.23,157.8,8.9,0.0,63.6,134.2,46.6,18.7,23.1,22.7,8.0,9.6,11.6,0.0,
221,Lourdes Gurriel,ARI,OF,63,NL,0.0,0.8,1.6,,-221.0,,522.7,66.9,16.5,73.4,4.6,0.272,0.316,142.3,95.5,27.8,2.5,32.0,101.1,0.430,0.746,0.0,,,,,,,,,,,,,,,,,,
222,Yu Darvish,SD,SP,64,NL,0.0,1.4,1.6,,-222.0,,,,,,,,,,,,,,,,,,,146.7,3.96,1.18,145.1,9.2,0.0,64.5,132.8,40.8,21.1,24.8,24.7,7.8,8.9,10.8,0.0,
223,Max Muncy,LAD,3B,12,NL,0.0,1.7,1.6,,-223.0,,428.0,67.5,23.5,69.5,1.0,0.215,0.331,92.0,49.0,19.0,0.5,70.1,135.5,0.427,0.758,0.0,,,,,,,,,,,,,,,,,,
224,Willi Castro,MIN,OF,64,AL,0.0,0.8,1.6,,-224.0,,531.9,70.8,12.0,54.0,19.0,0.246,0.309,130.9,87.4,27.5,3.9,45.6,139.3,0.380,0.689,0.0,,,,,,,,,,,,,,,,,,
225,Grayson Rodriguez,BAL,SP,65,AL,0.0,1.4,1.6,,-225.0,,,,,,,,,,,,,,,,,,,139.1,3.80,1.23,148.0,9.5,0.0,58.7,126.5,44.2,17.0,26.9,26.4,6.7,9.6,11.4,0.0,
226,Griffin Jax,MIN,RP,23,AL,0.0,1.4,1.6,,-226.0,,,,,,,,,,,,,,,,,,,70.1,3.27,1.13,87.3,4.5,6.1,25.5,59.3,20.0,7.4,58.7,1.9,3.8,11.2,0.0,6.5,
227,Tyler Holton,DET,RP,24,AL,0.0,1.4,1.6,,-227.0,,,,,,,,,,,,,,,,,,,68.6,3.20,1.10,61.6,4.5,6.0,24.4,58.2,17.1,6.5,59.6,0.7,2.9,8.1,0.0,8.5,
228,Matt Strahm,PHI,RP,25,NL,0.0,1.4,1.6,,-228.0,,,,,,,,,,,,,,,,,,,65.7,3.34,1.07,76.9,3.6,2.8,24.4,53.9,16.1,7.9,56.9,0.9,2.2,10.5,0.0,9.5,
229,Edwin Uceta,TB,RP,26,AL,0.0,1.4,1.5,,-229.0,,,,,,,,,,,,,,,,,,,66.7,3.28,1.16,77.4,3.5,10.3,24.3,53.3,24.0,7.3,58.9,0.0,3.0,10.4,0.0,6.0,
230,Nestor Cortes,MIL,SP,66,NL,0.0,1.4,1.5,,-230.0,,,,,,,,,,,,,,,,,,,152.4,4.02,1.20,150.5,9.9,0.0,68.2,141.9,40.5,24.1,34.3,24.6,8.2,8.9,11.6,0.0,
231,Austin Wells,NYY,C,10,AL,0.0,0.0,1.5,,-231.0,,419.4,57.9,18.4,57.9,4.5,0.238,0.320,100.0,58.6,22.4,0.5,47.7,103.6,0.426,0.746,0.0,,,,,,,,,,,,,,,,,,
232,Maikel Garcia,KC,3B,13,AL,0.0,1.6,1.5,,-232.0,,523.1,68.4,7.5,51.0,29.4,0.262,0.320,137.2,99.3,27.0,3.4,41.6,103.1,0.370,0.690,0.0,,,,,,,,,,,,,,,,,,
233,Jose Berrios,TOR,SP,67,AL,0.0,1.3,1.5,,-233.0,,,,,,,,,,,,,,,,,,,185.0,4.13,1.24,160.6,10.6,0.0,84.9,178.5,51.8,26.3,30.1,30.1,11.2,7.8,14.9,0.0,
234,Alec Bohm,PHI,3B,14,NL,0.0,1.6,1.5,,-234.0,,565.9,70.9,16.5,77.4,4.0,0.276,0.327,156.2,104.6,33.1,2.0,40.8,96.3,0.429,0.757,0.0,,,,,,,,,,,,,,,,,,
235,Joc Pederson,TEX,UT,5,AL,0.0,1.6,1.4,,-235.0,,382.9,59.4,22.0,59.5,3.5,0.256,0.346,98.0,57.2,17.8,1.0,49.6,108.9,0.480,0.826,0.0,,,,,,,,,,,,,,,,,,
236,Nolan Schanuel,LAA,1B,15,AL,0.0,1.6,1.4,,-236.0,,498.9,68.8,12.4,56.3,7.5,0.261,0.355,130.4,93.5,22.9,1.5,68.0,95.9,0.388,0.743,0.0,,,,,,,,,,,,,,,,,,
237,Kenley Jansen,LAA,RP,27,AL,0.0,1.2,1.4,,-237.0,,,,,,,,,,,,,,,,,,,58.5,3.79,1.20,67.0,3.0,24.3,24.6,47.8,22.1,7.9,59.9,0.0,3.4,10.3,0.0,0.0,
238,Connor Norby,MIA,3B,15,NL,0.0,1.4,1.3,,-238.0,,535.3,71.3,18.9,64.9,11.4,0.249,0.312,133.4,84.9,27.5,2.1,46.2,161.2,0.415,0.727,0.0,,,,,,,,,,,,,,,,,,
239,Erick Fedde,STL,SP,68,NL,0.0,1.2,1.3,,-239.0,,,,,,,,,,,,,,,,,,,175.5,4.02,1.24,152.8,9.6,0.0,78.4,165.9,52.2,21.8,27.6,27.6,10.0,7.8,13.4,0.0,
240,Ezequiel Tovar,COL,SS,20,NL,0.0,1.5,1.3,,-240.0,,623.3,80.4,22.5,80.5,10.0,0.248,0.281,154.9,95.5,33.0,3.9,26.4,172.7,0.422,0.703,0.0,,,,,,,,,,,,,,,,,,
241,Ryan McMahon,COL,3B,16,NL,0.0,1.4,1.3,,-241.0,,542.7,71.6,18.6,68.6,5.5,0.238,0.323,129.3,83.7,26.4,0.5,64.0,173.6,0.392,0.714,0.0,,,,,,,,,,,,,,,,,,
242,Logan O'Hoppe,LAA,C,11,AL,0.0,-0.2,1.3,,-242.0,,429.0,55.5,22.0,58.6,4.4,0.247,0.307,105.8,62.7,20.1,1.0,35.3,123.8,0.452,0.758,0.0,,,,,,,,,,,,,,,,,,
243,Kumar Rocker,TEX,SP,69,AL,0.0,1.1,1.3,,-243.0,,,,,,,,,,,,,,,,,,,124.4,3.80,1.18,129.0,7.4,0.0,52.5,109.4,38.0,17.3,27.1,23.2,6.5,9.3,8.9,0.0,
244,Max Scherzer,TOR,SP,70,AL,0.0,1.1,1.2,,-244.0,,,,,,,,,,,,,,,,,,,126.2,3.89,1.17,130.0,7.0,0.0,54.5,111.1,36.1,19.0,25.3,22.9,6.2,9.3,8.5,0.0,
245,Walker Buehler,BOS,SP,71,AL,0.0,1.1,1.2,,-245.0,,,,,,,,,,,,,,,,,,,153.4,3.96,1.22,134.4,8.9,0.0,67.5,141.4,46.0,19.0,28.2,25.0,8.1,7.9,13.0,0.0,
246,Nolan Arenado,STL,3B,17,NL,0.0,1.4,1.2,,-246.0,,575.5,70.9,19.5,79.4,3.0,0.261,0.315,150.0,100.1,29.0,1.5,42.8,96.0,0.418,0.732,0.0,,,,,,,,,,,,,,,,,,
247,Lucas Erceg,KC,RP,28,AL,0.0,1.0,1.2,,-247.0,,,,,,,,,,,,,,,,,,,65.3,3.34,1.18,75.2,3.5,11.5,24.2,54.9,22.1,5.8,62.4,0.0,3.0,10.4,0.0,6.0,
248,Evan Carter,TEX,OF,65,AL,0.0,0.4,1.2,,-248.0,,396.7,57.0,12.5,48.0,12.5,0.249,0.336,98.6,62.7,20.4,3.0,49.4,109.8,0.410,0.746,0.0,,,,,,,,,,,,,,,,,,
249,Ryan Pressly,CHC,RP,29,NL,0.0,1.0,1.2,,-249.0,,,,,,,,,,,,,,,,,,,60.1,3.61,1.22,61.7,3.0,22.0,24.1,54.1,18.9,6.2,60.1,0.0,3.0,9.2,0.0,1.0,
250,Clarke Schmidt,NYY,SP,72,AL,0.0,1.0,1.2,,-250.0,,,,,,,,,,,,,,,,,,,144.6,3.84,1.22,140.9,9.8,0.0,61.6,129.0,47.4,19.1,27.1,24.2,7.5,8.8,10.0,0.0,
251,Ivan Herrera,STL,C,12,NL,0.0,-0.3,1.2,,-251.0,,355.8,48.4,10.4,44.4,5.5,0.269,0.356,95.7,67.7,16.5,1.0,45.3,84.5,0.409,0.765,0.0,,,,,,,,,,,,,,,,,,
252,Jesus Luzardo,PHI,SP,73,NL,0.0,1.0,1.1,,-252.0,,,,,,,,,,,,,,,,,,,153.1,4.03,1.24,159.0,10.5,0.0,68.6,139.5,51.1,21.5,33.7,27.0,8.6,9.3,11.8,0.0,
253,Shohei Ohtani - P,LAD,SP,74,NL,0.0,1.0,1.1,,-253.0,,,,,,,,,,,,,,,,,,,86.8,3.54,1.17,101.2,6.0,0.0,34.1,71.5,29.9,10.5,29.6,24.3,3.5,10.5,6.9,0.0,
254,Rhys Hoskins,MIL,1B,16,NL,0.0,1.3,1.1,,-254.0,,489.3,63.9,25.3,75.9,2.5,0.224,0.309,109.6,59.7,24.0,0.6,57.0,155.2,0.430,0.739,0.0,,,,,,,,,,,,,,,,,,
255,Otto Lopez,MIA,2B,17,NL,0.0,-0.2,1.1,,-255.0,,447.7,53.3,7.0,44.9,19.3,0.274,0.327,122.5,89.5,23.0,3.0,33.2,85.7,0.385,0.711,0.0,,,,,,,,,,,,,,,,,,
256,Reese Olson,DET,SP,75,AL,0.0,0.9,1.1,,-256.0,,,,,,,,,,,,,,,,,,,147.5,3.83,1.23,138.3,8.9,0.0,62.8,135.2,46.9,16.6,28.1,27.2,8.4,8.4,10.6,0.0,
257,J.T. Realmuto,PHI,C,13,NL,0.0,-0.4,1.1,,-257.0,,420.2,55.0,15.5,57.0,8.5,0.254,0.312,106.9,67.5,21.9,2.0,33.2,111.5,0.427,0.738,0.0,,,,,,,,,,,,,,,,,,
258,Jo Adell,LAA,OF,66,AL,0.0,0.3,1.1,,-258.0,,443.9,58.9,21.0,61.9,16.9,0.219,0.282,97.4,54.8,19.6,2.0,36.8,143.8,0.414,0.697,0.0,,,,,,,,,,,,,,,,,,
259,Victor Scott,STL,OF,67,NL,0.0,0.3,1.1,,-259.0,,482.2,58.9,8.7,45.5,33.4,0.237,0.291,114.5,81.4,20.4,4.0,34.7,114.1,0.350,0.642,0.0,,,,,,,,,,,,,,,,,,
260,Shane Baz,TB,SP,76,AL,0.0,0.9,1.0,,-260.0,,,,,,,,,,,,,,,,,,,147.9,3.92,1.22,143.4,8.7,0.0,64.4,130.2,50.3,19.9,30.3,25.9,8.2,8.7,10.1,0.0,
261,Jordan Walker,STL,OF,68,NL,0.0,0.2,1.0,,-261.0,,497.7,62.3,16.0,64.3,7.0,0.254,0.313,126.2,81.3,26.7,2.1,40.8,125.2,0.412,0.725,0.0,,,,,,,,,,,,,,,,,,
262,Spencer Arrighetti,HOU,SP,77,AL,0.0,0.8,1.0,,-262.0,,,,,,,,,,,,,,,,,,,154.9,4.09,1.27,162.1,9.9,0.0,70.3,137.0,60.3,20.9,29.1,25.5,9.1,9.4,13.5,0.0,
263,Robert Garcia,TEX,RP,30,AL,0.0,0.8,1.0,,-263.0,,,,,,,,,,,,,,,,,,,62.9,3.33,1.16,73.1,4.5,8.4,23.3,52.4,20.8,6.6,62.7,0.0,3.0,10.5,0.0,5.0,
264,Cade Smith,CLE,RP,31,AL,0.0,0.8,1.0,,-264.0,,,,,,,,,,,,,,,,,,,69.2,3.26,1.15,88.5,4.5,2.9,25.0,57.5,22.2,7.1,60.2,1.7,2.5,11.5,0.0,13.0,
265,Eugenio Suarez,ARI,3B,18,NL,0.0,1.1,1.0,,-265.0,,530.7,68.0,24.4,77.6,1.5,0.232,0.304,123.2,72.7,24.6,1.6,51.6,169.6,0.422,0.726,0.0,,,,,,,,,,,,,,,,,,
266,Clay Holmes,NYM,SP,78,NL,0.0,0.8,1.0,,-266.0,,,,,,,,,,,,,,,,,,,149.7,3.68,1.28,142.2,9.9,0.1,61.2,136.1,55.9,14.8,35.2,24.2,7.7,8.5,10.7,0.0,
267,Justin Martinez,ARI,RP,32,NL,0.0,0.8,1.0,,-267.0,,,,,,,,,,,,,,,,,,,67.3,3.24,1.28,83.1,4.0,15.8,24.3,53.6,32.5,4.2,61.2,0.0,3.0,11.1,0.0,6.5,
268,Daulton Varsho,TOR,OF,69,AL,0.0,0.1,1.0,,-268.0,,521.6,71.5,17.5,66.0,7.0,0.226,0.296,118.0,71.2,26.5,2.8,48.7,153.8,0.388,0.684,0.0,,,,,,,,,,,,,,,,,,
269,Keegan Akin,BAL,RP,33,AL,0.0,0.7,0.9,,-269.0,,,,,,,,,,,,,,,,,,,69.7,3.38,1.10,79.7,3.5,1.5,26.1,58.7,18.0,8.6,60.0,0.7,2.5,10.3,0.0,10.5,
270,Pete Fairbanks,TB,RP,34,AL,0.0,0.7,0.9,,-270.0,,,,,,,,,,,,,,,,,,,58.2,3.63,1.25,66.8,3.0,22.9,23.5,51.1,21.8,5.8,58.5,0.0,3.4,10.3,0.0,1.0,
271,Bowden Francis,TOR,SP,79,AL,0.0,0.8,0.9,,-271.0,,,,,,,,,,,,,,,,,,,158.2,4.16,1.21,148.8,9.1,0.0,73.2,147.7,43.1,25.8,30.3,26.7,9.5,8.5,10.8,0.0,
272,Andrew Vaughn,CHW,1B,17,AL,0.0,1.0,0.9,,-272.0,,571.6,69.4,22.0,77.0,1.5,0.251,0.308,143.7,89.9,30.3,1.5,44.4,128.9,0.425,0.734,0.0,,,,,,,,,,,,,,,,,,
273,Gavin Lux,CIN,2B,18,NL,0.0,-0.5,0.9,,-273.0,,428.9,55.9,11.5,50.9,7.0,0.258,0.331,110.5,75.5,21.5,2.0,44.4,102.7,0.398,0.729,0.0,,,,,,,,,,,,,,,,,,
274,Royce Lewis,MIN,3B,19,AL,0.0,1.0,0.9,,-274.0,,418.1,58.9,21.8,64.7,4.9,0.258,0.324,107.7,61.5,23.4,1.0,38.8,107.5,0.475,0.799,0.0,,,,,,,,,,,,,,,,,,
275,Mitch Keller,PIT,SP,80,NL,0.0,0.7,0.8,,-275.0,,,,,,,,,,,,,,,,,,,181.1,4.13,1.28,166.3,10.5,0.0,83.2,178.6,53.7,22.1,32.8,27.0,11.3,8.3,13.3,0.0,
276,Cody Bradford,TEX,SP,81,AL,0.0,0.7,0.8,,-276.0,,,,,,,,,,,,,,,,,,,95.2,3.80,1.12,87.6,5.2,0.0,40.2,85.5,20.8,13.4,32.0,16.9,5.1,8.3,6.9,0.0,
277,Joey Ortiz,MIL,3B,20,NL,0.0,0.9,0.8,,-277.0,,520.0,66.3,13.0,64.8,11.5,0.250,0.322,130.1,85.7,27.5,3.9,52.0,117.3,0.393,0.715,0.0,,,,,,,,,,,,,,,,,,
278,Ryan Mountcastle,BAL,1B,18,AL,0.0,0.9,0.8,,-278.0,,501.6,64.8,20.4,72.2,3.0,0.264,0.316,132.5,86.2,24.9,1.1,36.2,126.9,0.440,0.757,0.0,,,,,,,,,,,,,,,,,,
279,Matthew Boyd,CHC,SP,82,NL,0.0,0.6,0.7,,-279.0,,,,,,,,,,,,,,,,,,,130.0,3.92,1.22,135.0,7.9,0.0,56.6,117.2,41.9,17.9,29.9,22.6,6.6,9.3,9.5,0.0,
280,Zack Gelof,ATH,2B,19,AL,0.0,-0.6,0.7,,-280.0,,408.5,52.4,15.4,49.0,18.3,0.228,0.294,93.2,56.5,19.8,1.5,36.0,133.9,0.397,0.691,0.0,,,,,,,,,,,,,,,,,,
281,Jason Foley,DET,RP,35,AL,0.0,0.5,0.7,,-281.0,,,,,,,,,,,,,,,,,,,60.5,3.43,1.21,51.0,3.0,15.8,23.1,55.5,17.5,5.7,61.5,0.0,3.4,7.6,0.0,1.5,
282,Tyler Stephenson,CIN,C,14,NL,0.0,-0.8,0.7,,-282.0,,391.8,51.5,15.0,54.5,0.5,0.259,0.331,101.3,63.9,21.5,1.0,40.2,102.3,0.433,0.764,0.0,,,,,,,,,,,,,,,,,,
283,Jeremiah Estrada,SD,RP,36,NL,0.0,0.5,0.7,,-283.0,,,,,,,,,,,,,,,,,,,65.4,3.20,1.19,88.3,3.5,3.0,23.3,49.8,27.8,6.4,60.9,0.0,2.6,12.2,0.0,10.0,
284,Trevor Larnach,MIN,OF,70,AL,0.0,-0.2,0.6,,-284.0,,417.1,58.0,17.0,55.6,2.5,0.244,0.327,101.7,60.8,22.9,1.1,48.4,121.9,0.426,0.753,0.0,,,,,,,,,,,,,,,,,,
285,Shane Bieber,CLE,SP,83,AL,0.0,0.4,0.6,,-285.0,,,,,,,,,,,,,,,,,,,84.8,3.53,1.14,82.8,5.0,0.0,33.2,74.7,22.0,9.5,29.1,14.3,3.9,8.8,3.8,0.0,
286,Dylan Lee,ATL,RP,37,NL,0.0,0.4,0.6,,-286.0,,,,,,,,,,,,,,,,,,,62.5,3.29,1.12,74.3,3.5,0.0,22.9,51.7,18.5,7.5,60.6,0.0,2.5,10.7,0.0,10.5,
287,Michael Massey,KC,2B,20,AL,0.0,-0.8,0.6,,-287.0,,481.7,58.3,16.9,63.8,3.5,0.258,0.301,124.4,78.1,26.9,2.5,27.8,95.2,0.430,0.731,0.0,,,,,,,,,,,,,,,,,,
288,Christian Encarnacion-Strand,CIN,1B,19,NL,0.0,0.7,0.6,,-288.0,,462.1,61.0,24.0,70.4,1.6,0.256,0.311,118.2,70.1,22.9,1.2,34.9,131.6,0.466,0.777,0.0,,,,,,,,,,,,,,,,,,
289,Jorge Polanco,SEA,2B,21,AL,0.0,-0.8,0.5,,-289.0,,439.1,53.9,16.5,56.4,4.5,0.232,0.312,101.7,64.0,20.2,1.1,48.3,130.4,0.395,0.707,0.0,,,,,,,,,,,,,,,,,,
290,Michael Busch,CHC,1B,20,NL,0.0,0.6,0.5,,-290.0,,467.1,63.0,19.5,67.4,2.0,0.239,0.322,111.8,66.0,24.3,2.0,53.7,141.9,0.425,0.747,0.0,,,,,,,,,,,,,,,,,,
291,Max Kepler,PHI,OF,71,NL,0.0,-0.3,0.5,,-291.0,,436.3,56.8,16.9,58.8,2.0,0.251,0.322,109.6,68.7,22.0,2.0,43.2,100.0,0.427,0.749,0.0,,,,,,,,,,,,,,,,,,
292,Matt Shaw,CHC,3B,21,NL,0.0,0.6,0.4,,-292.0,,448.5,59.1,12.4,55.4,16.1,0.254,0.321,114.1,76.6,22.1,2.9,41.5,109.5,0.400,0.721,0.0,,,,,,,,,,,,,,,,,,
293,Thairo Estrada,COL,2B,22,NL,0.0,-0.9,0.4,,-293.0,,466.1,57.9,13.9,57.4,12.0,0.257,0.292,119.9,82.5,22.0,1.5,21.7,99.5,0.400,0.693,0.0,,,,,,,,,,,,,,,,,,
294,Christopher Morel,TB,3B,22,AL,0.0,0.5,0.4,,-294.0,,439.0,59.6,21.5,63.5,7.6,0.230,0.307,100.8,58.0,19.7,1.6,46.4,134.0,0.429,0.736,0.0,,,,,,,,,,,,,,,,,,
295,Brandon Sproat,NYM,SP,84,NL,0.0,0.2,0.4,,-295.0,,,,,,,,,,,,,,,,,,,126.7,3.89,1.22,130.4,6.4,0.0,54.8,109.4,45.7,16.7,20.5,16.0,7.6,9.3,7.6,0.0,
296,Trevor Story,BOS,SS,21,AL,0.0,0.5,0.3,,-296.0,,486.6,61.4,16.4,61.3,17.1,0.236,0.298,114.9,69.9,26.5,2.0,40.6,157.4,0.400,0.698,0.0,,,,,,,,,,,,,,,,,,
297,Blake Treinen,LAD,RP,38,NL,0.0,0.2,0.3,,-297.0,,,,,,,,,,,,,,,,,,,57.1,3.44,1.15,63.1,4.0,5.6,21.8,48.6,17.0,7.1,60.8,0.0,2.1,9.9,0.0,7.5,
298,Chris Bassitt,TOR,SP,85,AL,0.0,0.2,0.3,,-298.0,,,,,,,,,,,,,,,,,,,172.7,4.10,1.29,158.2,10.1,0.0,78.7,162.9,59.1,21.6,30.3,28.1,9.9,8.2,11.1,0.0,
299,Nick Gonzales,PIT,2B,23,NL,0.0,-1.1,0.3,,-299.0,,442.9,53.9,10.5,52.4,6.4,0.264,0.322,117.1,77.9,25.8,3.0,35.2,101.3,0.407,0.729,0.0,,,,,,,,,,,,,,,,,,
300,Luke Weaver,NYY,RP,39,AL,0.0,0.1,0.3,,-300.0,,,,,,,,,,,,,,,,,,,66.5,3.58,1.13,69.1,3.9,4.6,26.5,55.2,19.9,9.2,60.4,0.0,2.4,9.3,0.0,9.5,
301,Cole Sands,MIN,RP,40,AL,0.0,0.1,0.2,,-301.0,,,,,,,,,,,,,,,,,,,65.0,3.44,1.14,69.7,4.0,2.5,24.8,54.4,19.5,7.4,58.4,0.0,2.4,9.6,0.0,9.5,
302,Michael Wacha,KC,SP,86,AL,0.0,0.1,0.2,,-302.0,,,,,,,,,,,,,,,,,,,160.6,4.07,1.25,138.0,10.0,0.0,72.7,151.9,49.5,21.0,27.2,27.2,8.7,7.7,10.4,0.0,
303,Sean Manaea,NYM,SP,87,NL,0.0,0.1,0.2,,-303.0,,,,,,,,,,,,,,,,,,,150.8,4.09,1.27,152.0,9.6,0.0,68.5,139.6,52.6,20.2,28.7,28.2,7.9,9.1,10.2,0.0,
304,Garrett Whitlock,BOS,RP,41,AL,0.0,0.0,0.2,,-304.0,,,,,,,,,,,,,,,,,,,61.5,3.48,1.13,61.4,3.0,3.3,23.8,55.1,14.5,6.9,58.2,0.0,2.6,9.0,0.0,9.0,
305,Jake Cronenworth,SD,1B,21,NL,0.0,0.3,0.2,,-305.0,,526.0,67.4,14.0,66.4,4.5,0.245,0.318,128.7,84.9,26.4,3.4,53.7,108.4,0.388,0.706,0.0,,,,,,,,,,,,,,,,,,
306,Josh Bell,WAS,1B,22,NL,0.0,0.3,0.1,,-306.0,,489.3,60.9,18.5,67.0,1.0,0.245,0.322,120.0,78.1,21.9,1.5,52.0,108.7,0.409,0.731,0.0,,,,,,,,,,,,,,,,,,
307,Alexis Diaz,CIN,RP,42,NL,0.0,0.0,0.1,,-307.0,,,,,,,,,,,,,,,,,,,65.7,3.89,1.30,72.0,3.5,25.0,28.4,53.9,31.4,7.8,62.3,0.0,3.4,9.9,0.0,1.0,
308,Tyler Fitzgerald,SF,SS,22,NL,0.0,0.3,0.1,,-308.0,,502.1,63.5,15.6,59.4,20.4,0.231,0.287,116.2,73.0,24.2,3.5,36.9,163.3,0.387,0.673,0.0,,,,,,,,,,,,,,,,,,
309,Miguel Vargas,CHW,3B,23,AL,0.0,0.2,0.1,,-309.0,,443.4,58.2,14.9,53.3,10.4,0.235,0.324,104.2,64.2,23.1,2.0,55.2,104.9,0.397,0.721,0.0,,,,,,,,,,,,,,,,,,
310,Jackson Jobe,DET,SP,88,AL,0.0,-0.1,0.1,,-310.0,,,,,,,,,,,,,,,,,,,152.4,4.08,1.26,157.8,8.7,0.0,69.1,139.6,52.3,20.3,28.9,25.2,8.7,9.3,7.5,0.0,
311,Andrew Benintendi,CHW,OF,72,AL,0.0,-0.7,0.1,,-311.0,,473.0,57.7,12.0,53.8,5.5,0.256,0.322,121.0,84.9,22.6,1.5,43.3,89.2,0.386,0.707,0.0,,,,,,,,,,,,,,,,,,
312,Ha-Seong Kim,TB,SS,23,AL,0.0,0.2,0.1,,-312.0,,379.0,53.0,9.5,43.4,19.0,0.244,0.334,92.5,63.0,18.0,2.0,48.0,77.2,0.377,0.711,0.0,,,,,,,,,,,,,,,,,,
313,Aroldis Chapman,BOS,RP,43,AL,0.0,-0.1,0.1,,-313.0,,,,,,,,,,,,,,,,,,,59.8,3.36,1.28,87.1,4.0,9.8,22.3,43.5,32.7,5.1,57.3,0.0,2.9,13.1,0.0,4.5,
314,Roman Anthony,BOS,OF,73,AL,0.0,-0.8,0.0,,-314.0,,334.6,45.4,11.4,41.3,8.4,0.261,0.342,87.4,55.1,18.9,2.0,38.6,94.8,0.432,0.773,0.0,,,,,,,,,,,,,,,,,,
315,Yimi Garcia,TOR,RP,44,AL,0.0,-0.2,0.0,,-315.0,,,,,,,,,,,,,,,,,,,61.5,3.49,1.16,69.4,3.0,3.6,23.9,52.0,19.1,7.3,56.5,0.0,2.9,10.2,0.0,2.5,
316,Brayan Bello,BOS,SP,89,AL,0.0,-0.1,0.0,,-316.0,,,,,,,,,,,,,,,,,,,149.9,4.01,1.29,137.4,9.6,0.0,66.8,142.8,50.9,16.8,27.6,25.7,8.4,8.3,11.3,0.0,
317,MJ Melendez,KC,OF,74,AL,0.0,-0.8,0.0,,-317.0,,431.8,55.0,16.5,58.4,5.5,0.231,0.306,99.9,58.9,21.5,3.0,44.0,121.8,0.410,0.716,0.0,,,,,,,,,,,,,,,,,,
318,Tyler Soderstrom,ATH,1B,23,AL,0.0,0.1,0.0,,-318.0,,470.4,59.4,24.4,66.9,0.5,0.238,0.305,112.2,63.9,22.4,1.5,42.9,137.9,0.448,0.753,0.0,,,,,,,,,,,,,,,,,,
319,Carlos Santana,CLE,1B,24,AL,0.0,0.1,0.0,,-319.0,,489.3,62.4,17.5,66.9,3.0,0.229,0.314,111.9,71.5,22.8,0.0,57.7,100.2,0.383,0.697,0.0,,,,,,,,,,,,,,,,,,
319,Nolan Gorman,STL,2B,24,NL,0.0,-1.3,0.0,,-319.0,,376.3,48.5,20.5,56.0,4.0,0.220,0.296,83.0,46.0,16.5,0.0,38.0,137.0,0.428,0.723,0.0,,,,,,,,,,,,,,,,,,
319,Josh Jung,TEX,3B,24,AL,0.0,0.1,0.0,,-319.0,,515.0,65.3,21.4,69.3,4.0,0.250,0.295,128.9,80.7,24.8,2.0,31.0,145.9,0.431,0.726,0.0,,,,,,,,,,,,,,,,,,
319,Alejandro Kirk,TOR,C,15,AL,0.0,-1.5,0.0,,-319.0,,379.1,45.4,9.5,47.9,0.5,0.269,0.343,101.8,71.9,20.4,0.0,40.5,53.1,0.398,0.741,0.0,,,,,,,,,,,,,,,,,,
319,Alec Burleson,STL,OF,75,NL,0.0,-0.8,0.0,,-319.0,,409.4,54.4,13.1,54.1,6.0,0.267,0.319,109.5,76.4,19.0,1.0,29.3,60.7,0.415,0.734,0.0,,,,,,,,,,,,,,,,,,
319,Ben Joyce,LAA,RP,45,AL,0.0,-0.2,0.0,,-319.0,,,,,,,,,,,,,,,,,,,63.1,3.37,1.25,77.4,3.5,9.0,23.6,51.0,28.0,5.8,60.2,0.0,3.0,11.0,0.0,7.0,
319,Jameson Taillon,CHC,SP,90,NL,0.0,-0.2,0.0,,-319.0,,,,,,,,,,,,,,,,,,,165.1,4.25,1.24,134.2,9.6,0.0,77.9,162.9,42.0,24.8,29.4,26.3,9.9,7.3,11.1,0.0,
319,Jacob Wilson,ATH,SS,24,AL,0.0,0.2,0.0,,-319.0,,474.2,61.8,8.4,50.4,6.4,0.286,0.350,135.6,97.7,26.0,3.5,43.9,60.9,0.409,0.758,0.0,,,,,,,,,,,,,,,,,,
327,Carlos Estevez,KC,RP,46,AL,0.0,-0.2,0.0,,-327.0,,,,,,,,,,,,,,,,,,,64.5,3.88,1.26,64.1,3.6,21.3,27.8,58.2,23.0,7.6,61.7,0.0,3.0,8.9,0.0,2.5,
328,Luis Severino,ATH,SP,91,AL,0.0,-0.2,0.0,,-328.0,,,,,,,,,,,,,,,,,,,174.8,4.26,1.28,153.2,9.5,0.0,82.6,167.3,56.7,25.6,29.5,27.3,10.8,7.9,11.6,0.0,
329,Matt Vierling,DET,OF,76,AL,0.0,-0.8,0.0,,-329.0,,439.3,56.0,11.5,52.3,8.0,0.256,0.318,112.3,75.4,21.5,4.0,38.0,99.4,0.401,0.719,0.0,,,,,,,,,,,,,,,,,,
330,Brett Baty,NYM,3B,25,NL,0.0,0.1,-0.1,,-330.0,,415.3,49.5,14.4,52.3,2.8,0.243,0.351,101.0,58.6,25.5,2.5,64.9,181.5,0.421,0.772,0.0,,,,,,,,,,,,,,,,,,
331,Jacob Young,WAS,OF,77,NL,0.0,-0.9,-0.1,,-331.0,,465.6,55.9,4.0,40.3,28.4,0.247,0.298,114.8,88.7,19.6,2.5,32.6,99.4,0.325,0.624,0.0,,,,,,,,,,,,,,,,,,
332,Camilo Doval,SF,RP,47,NL,0.0,-0.3,-0.1,,-332.0,,,,,,,,,,,,,,,,,,,64.6,3.45,1.24,77.5,4.0,8.5,24.8,52.3,27.8,5.8,61.2,0.0,3.4,10.8,0.0,9.0,
333,Andrew Heaney,PIT,SP,92,NL,0.0,-0.3,-0.1,,-333.0,,,,,,,,,,,,,,,,,,,138.2,4.15,1.24,132.5,7.5,0.0,63.7,129.9,41.5,18.7,35.8,21.5,9.1,8.6,9.3,0.0,
334,Merrill Kelly,ARI,SP,93,NL,0.0,-0.3,-0.1,,-334.0,,,,,,,,,,,,,,,,,,,153.0,4.11,1.28,139.8,9.0,0.0,69.8,145.5,49.6,19.0,29.5,24.1,9.0,8.2,10.2,0.0,
335,JP Sears,ATH,SP,94,AL,0.0,-0.3,-0.1,,-335.0,,,,,,,,,,,,,,,,,,,168.7,4.39,1.24,138.9,8.6,0.0,82.3,160.1,48.5,28.1,35.1,23.1,10.5,7.4,11.4,0.0,
336,Hunter Harvey,KC,RP,48,AL,0.0,-0.3,-0.1,,-336.0,,,,,,,,,,,,,,,,,,,61.2,3.48,1.15,65.1,3.0,2.5,23.6,52.6,17.8,6.5,58.3,0.0,2.9,9.6,0.0,9.0,
337,Jose Soriano,LAA,SP,95,AL,0.0,-0.3,-0.1,,-337.0,,,,,,,,,,,,,,,,,,,149.4,3.85,1.32,147.5,9.0,0.0,64.0,133.1,64.8,15.2,28.8,25.7,8.1,8.9,9.1,0.0,
338,Ronel Blanco,HOU,SP,96,AL,0.0,-0.3,-0.1,,-338.0,,,,,,,,,,,,,,,,,,,154.1,4.18,1.30,153.9,9.6,0.0,71.6,138.2,62.1,22.5,29.2,28.5,10.0,9.0,11.0,0.0,
339,David Festa,MIN,SP,97,AL,0.0,-0.3,-0.2,,-339.0,,,,,,,,,,,,,,,,,,,103.5,3.85,1.23,109.2,5.5,0.0,44.3,90.8,36.3,12.7,32.3,19.4,5.4,9.5,6.9,0.0,
340,Jesse Winker,NYM,OF,78,NL,0.0,-1.0,-0.2,,-340.0,,350.1,48.0,11.0,42.0,5.0,0.241,0.343,84.5,56.5,16.5,0.5,51.3,85.2,0.386,0.729,0.0,,,,,,,,,,,,,,,,,,
341,Grant Holmes,ATL,SP,98,NL,0.0,-0.3,-0.2,,-341.0,,,,,,,,,,,,,,,,,,,126.6,3.93,1.25,122.8,6.9,0.0,55.3,117.4,40.3,16.6,37.2,20.3,6.6,8.7,7.4,0.0,
342,Jake Fraley,CIN,OF,79,NL,0.0,-1.0,-0.2,,-342.0,,347.5,47.0,8.1,41.6,17.0,0.250,0.322,87.0,60.0,17.4,1.5,34.8,72.3,0.379,0.701,0.0,,,,,,,,,,,,,,,,,,
343,Kutter Crawford,BOS,SP,99,AL,0.0,-0.3,-0.2,,-343.0,,,,,,,,,,,,,,,,,,,113.7,4.09,1.18,108.9,6.7,0.0,51.7,101.3,32.8,17.2,29.4,18.6,6.7,8.6,6.7,0.5,
344,Jack Leiter,TEX,SP,100,AL,0.0,-0.4,-0.2,,-344.0,,,,,,,,,,,,,,,,,,,155.7,4.13,1.26,160.7,8.6,0.0,71.4,134.0,61.7,22.8,39.1,23.3,8.7,9.3,5.8,3.6,
345,Parker Meadows,DET,OF,80,AL,0.0,-1.0,-0.2,,-345.0,,372.4,51.9,11.2,40.0,15.1,0.239,0.314,89.1,56.7,17.2,3.9,38.5,96.4,0.397,0.711,0.0,,,,,,,,,,,,,,,,,,
346,Spencer Torkelson,DET,1B,25,AL,0.0,-0.1,-0.2,,-346.0,,439.5,55.5,18.0,58.5,1.5,0.246,0.328,108.0,68.3,20.0,1.7,50.7,97.7,0.422,0.750,0.0,,,,,,,,,,,,,,,,,,
347,LaMonte Wade,SF,1B,26,NL,0.0,-0.1,-0.2,,-347.0,,396.5,57.4,12.0,45.9,2.0,0.246,0.354,97.6,65.2,18.9,1.5,62.1,99.2,0.393,0.746,0.0,,,,,,,,,,,,,,,,,,
348,Luke Raley,SEA,OF,81,AL,0.0,-1.1,-0.3,,-348.0,,430.4,55.0,19.0,57.9,10.0,0.222,0.282,95.4,56.4,18.0,2.0,34.5,144.7,0.405,0.688,0.0,,,,,,,,,,,,,,,,,,
349,Chas McCormick,HOU,OF,82,AL,0.0,-1.1,-0.3,,-349.0,,384.5,50.9,13.0,46.4,13.4,0.242,0.307,93.0,62.3,16.6,1.1,33.9,108.8,0.392,0.698,0.0,,,,,,,,,,,,,,,,,,
350,Aaron Bummer,ATL,RP,49,NL,0.0,-0.5,-0.3,,-350.0,,,,,,,,,,,,,,,,,,,64.0,3.24,1.22,73.0,4.0,1.5,23.0,54.3,23.5,4.6,59.3,0.0,2.5,10.3,0.0,11.5,
351,Kristian Campbell,BOS,2B,25,AL,0.0,-1.7,-0.3,,-351.0,,274.0,38.5,8.0,34.5,9.4,0.263,0.342,72.1,47.7,14.9,1.5,31.2,72.2,0.416,0.759,0.0,,,,,,,,,,,,,,,,,,
352,Evan Phillips,LAD,RP,50,NL,0.0,-0.5,-0.4,,-352.0,,,,,,,,,,,,,,,,,,,50.7,3.39,1.16,56.3,3.0,1.6,19.1,42.6,16.3,5.6,52.7,0.0,2.0,10.0,0.0,5.5,
353,Ryan Jeffers,MIN,C,16,AL,0.0,-1.8,-0.4,,-353.0,,365.6,49.4,16.0,51.0,3.0,0.233,0.303,85.1,50.2,17.9,1.0,35.0,93.5,0.419,0.722,0.0,,,,,,,,,,,,,,,,,,
354,Jordan Romano,PHI,RP,51,NL,0.0,-0.5,-0.4,,-354.0,,,,,,,,,,,,,,,,,,,56.3,4.01,1.27,59.5,3.5,22.9,25.1,51.2,20.3,7.9,59.9,0.0,3.0,9.5,0.0,0.5,
355,Hayden Birdsong,SF,SP,101,NL,0.0,-0.5,-0.4,,-355.0,,,,,,,,,,,,,,,,,,,116.1,3.94,1.27,127.7,6.4,0.0,50.8,99.9,47.9,12.9,32.3,22.2,7.5,9.9,7.6,0.0,
356,Wilyer Abreu,BOS,OF,83,AL,0.0,-1.2,-0.4,,-356.0,,355.9,47.7,14.0,47.7,7.5,0.238,0.318,84.7,49.2,20.4,1.0,39.5,108.6,0.419,0.737,0.0,,,,,,,,,,,,,,,,,,
357,A.J. Minter,NYM,RP,52,NL,0.0,-0.6,-0.4,,-357.0,,,,,,,,,,,,,,,,,,,54.8,3.44,1.18,63.2,2.6,3.0,20.9,46.1,18.7,6.1,52.8,0.0,2.5,10.4,0.0,2.5,
358,Kyle Manzardo,CLE,UT,6,AL,0.0,-0.3,-0.4,,-358.0,,390.9,54.8,17.0,55.0,1.0,0.247,0.332,96.4,55.6,23.4,0.5,47.4,103.2,0.439,0.772,0.0,,,,,,,,,,,,,,,,,,
359,Nick Martinez,CIN,SP,102,NL,0.0,-0.6,-0.4,,-359.0,,,,,,,,,,,,,,,,,,,156.4,4.22,1.27,131.8,8.5,0.0,73.4,156.8,41.8,22.5,35.2,24.5,9.1,7.6,10.8,0.0,
360,Francisco Alvarez,NYM,C,17,NL,0.0,-1.9,-0.4,,-360.0,,343.9,44.9,16.5,49.9,1.5,0.237,0.310,81.5,48.4,15.6,1.0,34.6,93.4,0.432,0.742,0.0,,,,,,,,,,,,,,,,,,
361,Ben Brown,CHC,SP,103,NL,0.0,-0.6,-0.4,,-361.0,,,,,,,,,,,,,,,,,,,70.8,3.51,1.22,82.5,3.9,0.0,27.6,60.1,26.0,7.9,33.8,13.3,3.0,10.5,3.3,1.0,
362,Porter Hodge,CHC,RP,53,NL,0.0,-0.6,-0.4,,-362.0,,,,,,,,,,,,,,,,,,,63.1,3.53,1.27,72.3,3.5,10.8,24.7,51.0,28.8,6.1,57.9,0.0,3.0,10.3,0.0,5.5,
363,Spencer Horwitz,PIT,1B,27,NL,0.0,-0.3,-0.4,,-363.0,,382.0,52.3,10.0,47.4,1.0,0.268,0.361,102.2,68.3,23.0,1.0,52.7,81.4,0.411,0.772,0.0,,,,,,,,,,,,,,,,,,
364,Gregory Santos,SEA,RP,54,AL,0.0,-0.6,-0.4,,-364.0,,,,,,,,,,,,,,,,,,,56.6,3.35,1.21,58.8,2.9,4.0,21.1,49.4,18.8,4.8,53.9,0.0,2.0,9.4,0.0,9.5,
365,Tommy Pham,PIT,OF,84,NL,0.0,-1.2,-0.4,,-365.0,,409.6,52.4,10.9,45.4,9.5,0.252,0.317,103.1,69.3,21.0,2.0,37.1,100.3,0.393,0.710,0.0,,,,,,,,,,,,,,,,,,
366,Justin Slaten,BOS,RP,55,AL,0.0,-0.6,-0.4,,-366.0,,,,,,,,,,,,,,,,,,,64.7,3.51,1.18,65.0,3.0,3.5,25.2,56.6,19.8,6.9,58.3,0.0,3.0,9.0,0.0,11.5,
367,Reid Detmers,LAA,SP,104,AL,0.0,-0.6,-0.4,,-367.0,,,,,,,,,,,,,,,,,,,125.6,4.13,1.27,141.2,6.9,0.0,57.7,114.7,44.7,18.5,34.8,20.1,7.4,10.1,7.9,0.0,
368,Beau Brieske,DET,SP,105,AL,0.0,-0.6,-0.4,,-368.0,,,,,,,,,,,,,,,,,,,64.7,3.66,1.22,62.0,3.0,8.5,26.3,55.3,23.7,7.1,60.3,0.4,3.4,8.6,1.8,5.0,
369,Kyle Finnegan,WSH,RP,56,NL,0.0,-0.6,-0.5,,-369.0,,,,,,,,,,,,,,,,,,,63.5,3.94,1.30,60.2,3.0,22.9,27.8,58.8,23.4,7.4,59.5,0.0,3.0,8.5,0.0,0.0,
370,Hyeseong Kim,LAD,2B,26,NL,0.0,-1.8,-0.5,,-370.0,,345.2,44.9,4.5,33.5,14.5,0.269,0.329,92.8,68.8,17.0,2.5,29.3,60.7,0.372,0.701,0.0,,,,,,,,,,,,,,,,,,
371,Ryan Weathers,MIA,SP,106,NL,0.0,-0.7,-0.5,,-371.0,,,,,,,,,,,,,,,,,,,148.7,4.07,1.29,136.5,7.4,0.0,67.2,141.4,50.8,19.1,26.5,26.0,9.3,8.3,9.1,0.0,
372,Sal Frelick,MIL,OF,85,NL,0.0,-1.3,-0.5,,-372.0,,412.4,50.0,4.5,41.0,14.4,0.261,0.328,107.4,81.8,18.1,3.0,39.0,68.0,0.352,0.680,0.0,,,,,,,,,,,,,,,,,,
373,Jonny DeLuca,TB,OF,86,AL,0.0,-1.4,-0.6,,-373.0,,429.8,53.4,10.6,49.4,16.4,0.232,0.293,99.6,65.0,20.7,3.4,35.2,96.0,0.370,0.663,0.0,,,,,,,,,,,,,,,,,,
374,Patrick Bailey,SF,C,18,NL,0.0,-2.1,-0.6,,-374.0,,426.7,50.3,11.4,47.9,2.5,0.245,0.314,104.5,70.1,21.9,1.0,40.7,112.6,0.382,0.696,0.0,,,,,,,,,,,,,,,,,,
375,Jeimer Candelario,CIN,3B,26,NL,0.0,-0.5,-0.6,,-375.0,,450.1,58.0,17.0,62.0,4.0,0.244,0.309,109.7,64.4,26.2,2.0,40.2,118.6,0.424,0.733,0.0,,,,,,,,,,,,,,,,,,
376,Aaron Civale,MIL,SP,107,NL,0.0,-0.8,-0.6,,-376.0,,,,,,,,,,,,,,,,,,,146.9,4.29,1.27,137.8,8.9,0.0,70.0,143.2,43.9,23.4,30.3,26.8,9.6,8.4,10.0,0.0,
377,Joel Payamps,MIL,RP,57,NL,0.0,-0.8,-0.6,,-377.0,,,,,,,,,,,,,,,,,,,62.7,3.56,1.18,62.9,3.0,3.6,24.8,54.7,19.4,7.6,59.8,0.0,2.4,9.0,0.0,12.0,
378,Mike Tauchman,CHW,OF,87,AL,0.0,-1.4,-0.6,,-378.0,,338.7,48.4,7.5,35.4,7.4,0.243,0.343,82.2,58.7,15.0,1.0,48.7,84.6,0.360,0.703,0.0,,,,,,,,,,,,,,,,,,
379,Bo Naylor,CLE,C,19,AL,0.0,-2.1,-0.6,,-379.0,,367.1,46.4,14.5,47.5,6.5,0.221,0.300,81.1,48.6,17.0,1.0,39.0,112.6,0.391,0.691,0.0,,,,,,,,,,,,,,,,,,
380,Ryan Bliss,SEA,2B,27,AL,0.0,-2.0,-0.6,,-380.0,,346.0,43.1,7.1,34.3,24.9,0.227,0.294,78.5,54.3,15.4,1.7,30.9,104.8,0.343,0.636,0.0,,,,,,,,,,,,,,,,,,
381,Kevin Ginkel,ARI,RP,58,NL,0.0,-0.8,-0.6,,-381.0,,,,,,,,,,,,,,,,,,,63.9,3.55,1.19,68.1,3.6,3.1,25.2,56.5,19.6,6.5,60.4,0.0,3.0,9.6,0.0,10.0,
382,Will Vest,DET,RP,59,AL,0.0,-0.8,-0.7,,-382.0,,,,,,,,,,,,,,,,,,,64.7,3.46,1.19,62.4,3.0,2.0,24.9,57.3,19.6,5.9,63.6,0.0,3.4,8.7,0.0,7.5,
383,Justin Verlander,SF,SP,108,NL,0.0,-0.8,-0.7,,-383.0,,,,,,,,,,,,,,,,,,,126.8,4.11,1.23,107.3,8.0,0.0,57.9,121.4,35.1,17.2,27.7,23.9,7.5,7.6,8.0,0.0,
384,Danny Coulombe,MIN,RP,60,AL,0.0,-0.9,-0.7,,-384.0,,,,,,,,,,,,,,,,,,,53.8,3.42,1.17,54.4,3.0,0.6,20.4,46.7,16.3,5.8,51.5,0.0,2.0,9.1,0.0,4.5,
385,Brady Singer,CIN,SP,109,NL,0.0,-0.9,-0.7,,-385.0,,,,,,,,,,,,,,,,,,,168.8,4.33,1.32,158.6,9.1,0.0,81.2,168.9,53.5,24.5,32.2,26.0,10.9,8.5,10.4,0.0,
386,Austin Hays,CIN,OF,88,NL,0.0,-1.5,-0.7,,-386.0,,429.7,52.9,16.0,55.5,4.0,0.251,0.299,107.7,66.4,23.9,1.5,28.3,110.0,0.424,0.724,0.0,,,,,,,,,,,,,,,,,,
387,Ke'Bryan Hayes,PIT,3B,27,NL,0.0,-0.6,-0.7,,-387.0,,480.5,56.1,11.0,54.4,14.5,0.255,0.305,122.3,84.9,23.5,3.0,33.3,100.6,0.384,0.690,0.0,,,,,,,,,,,,,,,,,,
388,Dustin May,LAD,SP,110,NL,0.0,-0.9,-0.8,,-388.0,,,,,,,,,,,,,,,,,,,79.7,3.60,1.20,74.4,4.9,0.0,31.8,70.1,25.9,8.0,33.1,16.4,3.0,8.4,2.5,0.0,
389,Yuki Matsui,SD,RP,61,NL,0.0,-1.0,-0.8,,-389.0,,,,,,,,,,,,,,,,,,,59.0,3.51,1.20,68.4,3.0,1.5,23.0,46.9,23.6,7.5,54.0,0.0,1.6,10.4,0.0,5.5,
390,Kyle Isbel,KC,OF,89,AL,0.0,-1.7,-0.9,,-390.0,,439.7,56.4,9.0,45.5,14.4,0.240,0.296,105.5,70.4,21.0,5.0,33.2,101.0,0.372,0.668,0.0,,,,,,,,,,,,,,,,,,
391,Calvin Faucher,MIA,RP,62,NL,0.0,-1.1,-0.9,,-391.0,,,,,,,,,,,,,,,,,,,63.3,3.74,1.32,65.4,3.0,17.5,26.4,56.5,27.0,6.2,55.9,0.0,3.9,9.3,0.0,1.0,
392,Alex Vesia,LAD,RP,63,NL,0.0,-1.1,-0.9,,-392.0,,,,,,,,,,,,,,,,,,,60.1,3.56,1.20,73.4,3.5,1.0,23.7,47.3,24.8,7.5,54.8,0.0,2.6,11.0,0.0,7.0,
393,Bryan Abreu,HOU,RP,64,AL,0.0,-1.1,-0.9,,-393.0,,,,,,,,,,,,,,,,,,,73.0,3.68,1.25,95.3,4.0,4.4,29.9,60.4,31.0,8.3,61.0,2.1,2.9,11.7,0.0,13.0,
394,Isiah Kiner-Falefa,PIT,2B,28,NL,0.0,-2.3,-0.9,,-394.0,,423.8,52.5,6.0,41.6,12.6,0.259,0.302,109.7,83.6,17.6,2.5,25.1,72.8,0.355,0.657,0.0,,,,,,,,,,,,,,,,,,
395,Danny Jansen,TB,C,20,AL,0.0,-2.5,-1.0,,-395.0,,332.4,43.0,14.5,47.4,0.5,0.226,0.310,75.1,42.7,17.9,0.0,38.1,77.8,0.411,0.720,0.0,,,,,,,,,,,,,,,,,,
396,Tomoyuki Sugano,BAL,SP,111,AL,0.0,-1.2,-1.0,,-396.0,,,,,,,,,,,,,,,,,,,141.2,4.09,1.25,101.3,8.0,0.0,64.2,141.0,35.6,18.5,29.0,27.2,7.6,6.5,7.9,0.0,
397,Dedniel Nunez,NYM,RP,65,NL,0.0,-1.2,-1.0,,-397.0,,,,,,,,,,,,,,,,,,,49.1,3.45,1.20,56.9,2.6,0.5,18.8,41.1,17.6,5.6,49.6,0.1,2.2,10.4,0.0,5.0,
398,Mike Yastrzemski,SF,OF,90,NL,0.0,-1.9,-1.0,,-398.0,,415.2,54.0,15.5,50.6,3.5,0.223,0.299,92.7,53.7,20.0,3.6,42.2,119.9,0.401,0.699,0.0,,,,,,,,,,,,,,,,,,
399,Keibert Ruiz,WAS,C,21,NL,0.0,-2.6,-1.1,,-399.0,,444.2,48.9,12.6,56.0,3.5,0.247,0.289,109.8,76.2,21.0,0.1,25.1,57.9,0.379,0.669,0.0,,,,,,,,,,,,,,,,,,
400,Sean Murphy,ATL,C,22,NL,0.0,-2.6,-1.1,,-400.0,,309.9,42.9,13.0,45.4,0.5,0.234,0.314,72.4,43.5,15.5,0.5,34.1,79.9,0.413,0.726,0.0,,,,,,,,,,,,,,,,,,
401,Jordan Beck,COL,OF,91,NL,0.0,-1.9,-1.1,,-401.0,,344.2,44.4,9.5,42.0,9.4,0.249,0.318,85.8,56.3,17.9,2.0,32.7,105.4,0.396,0.714,0.0,,,,,,,,,,,,,,,,,,
402,Jake Irvin,WAS,SP,112,NL,0.0,-1.3,-1.1,,-402.0,,,,,,,,,,,,,,,,,,,162.0,4.32,1.29,132.8,8.6,0.0,77.8,158.9,50.7,24.3,31.7,24.0,10.9,7.4,9.5,0.0,
403,Reed Garrett,NYM,RP,66,NL,0.0,-1.3,-1.2,,-403.0,,,,,,,,,,,,,,,,,,,65.9,3.52,1.24,76.9,4.0,2.0,25.8,55.1,27.0,6.4,60.8,0.0,2.6,10.5,0.0,12.0,
404,Kyle Harrison,SF,SP,113,NL,0.0,-1.3,-1.2,,-404.0,,,,,,,,,,,,,,,,,,,103.0,4.01,1.25,104.4,5.7,0.0,45.9,92.0,36.9,13.1,34.7,13.0,6.3,9.1,5.4,3.5,
405,Tony Gonsolin,LAD,SP,114,NL,0.0,-1.3,-1.2,,-405.0,,,,,,,,,,,,,,,,,,,80.6,3.94,1.18,71.4,5.1,0.0,35.3,69.0,26.3,11.8,33.3,14.4,3.8,8.0,3.8,0.0,
406,Bryan Hudson,MIL,RP,67,NL,0.0,-1.3,-1.2,,-406.0,,,,,,,,,,,,,,,,,,,61.7,3.58,1.20,66.1,3.0,0.6,24.5,51.8,22.1,7.7,58.5,0.0,2.6,9.6,0.0,7.0,
407,Ceddanne Rafaela,BOS,SS,25,AL,0.0,-1.0,-1.2,,-407.0,,436.4,55.8,12.9,53.3,18.4,0.253,0.283,110.5,72.1,22.5,3.0,17.3,114.8,0.407,0.691,0.0,,,,,,,,,,,,,,,,,,
408,Caleb Durbin,MIL,2B,29,NL,0.0,-2.6,-1.2,,-408.0,,312.1,39.6,6.3,33.4,17.5,0.239,0.305,74.6,52.5,15.1,0.7,28.3,48.5,0.352,0.658,0.0,,,,,,,,,,,,,,,,,,
409,Luis Gil,NYY,SP,115,AL,0.0,-1.4,-1.2,,-409.0,,,,,,,,,,,,,,,,,,,89.3,3.96,1.25,100.0,5.7,0.0,39.3,72.9,39.1,12.3,33.4,13.5,4.4,10.1,5.1,0.0,
410,J.P. Crawford,SEA,SS,26,AL,0.0,-1.1,-1.3,,-410.0,,479.5,61.0,9.6,49.6,3.0,0.235,0.327,112.6,78.9,23.0,1.0,62.1,107.3,0.347,0.674,0.0,,,,,,,,,,,,,,,,,,
411,Endy Rodriguez,PIT,C,23,NL,0.0,-2.8,-1.3,,-411.0,,341.4,40.9,9.9,41.4,2.5,0.255,0.318,86.9,55.6,19.9,1.5,30.1,75.1,0.409,0.727,0.0,,,,,,,,,,,,,,,,,,
412,Trent Thornton,SEA,RP,68,AL,0.0,-1.5,-1.3,,-412.0,,,,,,,,,,,,,,,,,,,63.6,3.59,1.21,65.0,3.0,0.5,25.4,55.0,21.7,7.3,62.0,0.0,3.0,9.2,0.0,7.5,
413,Miles Mikolas,STL,SP,116,NL,0.0,-1.5,-1.3,,-413.0,,,,,,,,,,,,,,,,,,,164.0,4.42,1.26,117.8,8.6,0.0,80.6,173.4,33.0,24.6,27.3,27.3,10.9,6.5,9.1,0.0,
414,Paul Sewald,CLE,RP,69,AL,0.0,-1.5,-1.3,,-414.0,,,,,,,,,,,,,,,,,,,59.8,3.79,1.20,65.1,3.0,3.4,25.2,50.9,20.8,7.9,54.3,0.0,2.9,9.8,0.0,9.0,
415,Andrew Painter,PHI,SP,117,NL,0.0,-1.5,-1.3,,-415.0,,,,,,,,,,,,,,,,,,,67.1,3.83,1.20,68.7,4.0,0.0,28.6,60.5,19.9,8.4,31.2,15.9,3.5,9.2,2.9,0.0,
416,DJ Herz,WAS,SP,118,NL,0.0,-1.5,-1.3,,-416.0,,,,,,,,,,,,,,,,,,,121.0,4.15,1.33,131.8,7.0,0.0,55.7,108.5,52.1,16.3,30.0,22.2,7.6,9.8,8.3,0.0,
417,Jose Leclerc,ATH,RP,70,AL,0.0,-1.5,-1.3,,-417.0,,,,,,,,,,,,,,,,,,,65.1,3.69,1.24,75.7,3.5,3.5,26.7,52.0,28.7,7.1,57.4,0.0,2.9,10.5,0.0,8.5,
418,Tyson Miller,CHC,RP,71,NL,0.0,-1.5,-1.3,,-418.0,,,,,,,,,,,,,,,,,,,62.0,3.73,1.18,57.4,3.5,1.9,25.7,54.6,18.7,7.9,59.7,0.0,2.5,8.3,0.0,9.0,
419,Adrian Morejon,SD,RP,72,NL,0.0,-1.5,-1.3,,-419.0,,,,,,,,,,,,,,,,,,,63.1,3.53,1.23,67.8,3.0,1.0,24.8,55.8,21.8,6.8,60.0,0.0,2.9,9.7,0.0,6.5,
420,Cam Smith,HOU,3B,28,AL,0.0,-1.3,-1.4,,-420.0,,406.0,52.3,14.6,60.4,2.5,0.246,0.309,99.7,59.9,19.0,6.2,35.1,101.1,0.431,0.740,0.0,,,,,,,,,,,,,,,,,,
421,Zebby Matthews,MIN,SP,119,AL,0.0,-1.6,-1.4,,-421.0,,,,,,,,,,,,,,,,,,,93.5,4.11,1.21,85.8,5.4,0.0,42.7,92.5,21.0,13.9,28.9,16.1,5.1,8.3,5.3,0.0,
422,Charlie Morton,BAL,SP,120,AL,0.0,-1.6,-1.4,,-422.0,,,,,,,,,,,,,,,,,,,144.4,4.27,1.34,146.7,8.6,0.0,68.6,135.6,57.7,19.2,26.5,22.9,8.5,9.1,8.5,0.0,
423,Tyler Mahle,TEX,SP,121,AL,0.0,-1.6,-1.4,,-423.0,,,,,,,,,,,,,,,,,,,135.1,4.35,1.29,126.3,7.5,0.0,65.3,129.3,44.8,21.3,26.0,21.5,7.7,8.4,8.7,0.0,
424,Nick Mears,MIL,RP,73,NL,0.0,-1.6,-1.4,,-424.0,,,,,,,,,,,,,,,,,,,61.4,3.67,1.23,76.8,3.0,1.8,25.0,49.8,26.0,7.4,59.6,0.0,3.0,11.3,0.0,1.5,
425,Luis L. Ortiz,CLE,SP,122,AL,0.0,-1.6,-1.4,,-425.0,,,,,,,,,,,,,,,,,,,136.5,4.19,1.30,119.6,7.5,0.0,63.5,127.9,50.1,17.8,33.4,22.0,8.4,7.9,8.3,0.0,
426,Hunter Gaddis,CLE,RP,74,AL,0.0,-1.6,-1.4,,-426.0,,,,,,,,,,,,,,,,,,,66.1,3.75,1.18,61.9,3.5,0.5,27.5,58.8,19.1,8.9,57.8,0.0,3.0,8.4,0.0,11.0,
427,Jakob Junis,CLE,SP,123,AL,0.0,-1.6,-1.4,,-427.0,,,,,,,,,,,,,,,,,,,72.3,3.92,1.20,63.4,3.9,0.0,31.5,69.1,17.4,9.2,39.5,11.5,3.7,7.9,4.0,5.0,
428,Jose A. Ferrer,WAS,RP,75,NL,0.0,-1.6,-1.5,,-428.0,,,,,,,,,,,,,,,,,,,62.8,3.62,1.24,56.7,3.5,4.9,25.2,57.7,20.4,5.4,60.6,0.0,2.6,8.1,0.0,4.5,
429,Fernando Cruz,NYY,RP,76,AL,0.0,-1.6,-1.5,,-429.0,,,,,,,,,,,,,,,,,,,61.3,3.69,1.24,88.7,3.4,0.5,25.1,48.9,27.1,8.0,55.7,0.0,3.4,13.0,0.0,12.0,
430,Edouard Julien,MIN,2B,30,AL,0.0,-2.8,-1.5,,-430.0,,269.4,37.0,8.0,29.5,4.5,0.231,0.335,62.1,40.6,12.6,1.0,39.9,96.2,0.374,0.709,0.0,,,,,,,,,,,,,,,,,,
431,Brooks Lee,MIN,SS,27,AL,0.0,-1.3,-1.5,,-431.0,,422.0,51.2,11.9,50.8,5.5,0.260,0.319,109.6,72.6,23.6,1.5,34.8,71.5,0.407,0.727,0.0,,,,,,,,,,,,,,,,,,
432,Geraldo Perdomo,ARI,SS,28,NL,0.0,-1.3,-1.5,,-432.0,,389.2,51.9,6.0,39.1,12.1,0.246,0.330,95.7,69.5,17.3,2.9,46.2,74.9,0.352,0.682,0.0,,,,,,,,,,,,,,,,,,
433,Jose Alvarado,PHI,RP,77,NL,0.0,-1.7,-1.5,,-433.0,,,,,,,,,,,,,,,,,,,60.0,3.50,1.27,68.2,3.0,3.1,23.3,49.9,26.5,5.2,58.5,0.0,2.9,10.2,0.0,5.5,
434,Tanner Banks,PHI,RP,78,NL,0.0,-1.7,-1.5,,-434.0,,,,,,,,,,,,,,,,,,,65.4,3.63,1.22,67.0,3.0,0.5,26.4,58.6,21.0,7.2,62.9,0.0,2.6,9.2,0.0,10.0,
435,Will Warren,NYY,SP,124,AL,0.0,-1.7,-1.5,,-435.0,,,,,,,,,,,,,,,,,,,110.7,3.98,1.26,108.5,5.9,0.0,48.9,102.7,36.8,14.2,39.2,17.4,5.8,8.8,3.0,0.0,
436,Brayan Rocchio,CLE,SS,29,AL,0.0,-1.4,-1.6,,-436.0,,461.3,57.5,8.0,49.4,13.0,0.231,0.304,106.6,74.7,22.9,1.1,45.5,99.2,0.338,0.641,0.0,,,,,,,,,,,,,,,,,,
437,Tylor Megill,NYM,SP,125,NL,0.0,-1.7,-1.6,,-437.0,,,,,,,,,,,,,,,,,,,90.7,3.94,1.25,94.9,5.9,0.0,39.7,80.0,33.7,11.4,33.7,14.5,4.9,9.4,3.5,4.0,
438,Erik Miller,SF,SP,126,NL,0.0,-1.7,-1.6,,-438.0,,,,,,,,,,,,,,,,,,,55.2,3.51,1.27,68.4,2.6,1.0,21.6,43.4,26.6,5.0,60.0,0.8,3.0,11.2,1.1,4.5,
439,Ian Hamilton,NYY,RP,79,AL,0.0,-1.8,-1.6,,-439.0,,,,,,,,,,,,,,,,,,,60.0,3.55,1.25,65.0,3.0,2.0,23.6,51.4,23.7,5.5,57.0,0.0,2.1,9.8,0.0,6.5,
440,Mark Leiter,NYY,RP,80,AL,0.0,-1.8,-1.6,,-440.0,,,,,,,,,,,,,,,,,,,59.2,3.65,1.22,67.4,3.0,0.6,24.0,49.5,22.8,7.2,58.8,0.0,3.0,10.3,0.0,5.5,
441,Eduardo Rodriguez,ARI,SP,127,NL,0.0,-1.8,-1.6,,-441.0,,,,,,,,,,,,,,,,,,,134.1,4.19,1.32,123.4,8.6,0.0,62.5,132.0,44.4,16.3,30.8,23.3,8.6,8.3,7.7,0.0,
442,Garrett Cleavinger,TB,RP,81,AL,0.0,-1.8,-1.6,,-442.0,,,,,,,,,,,,,,,,,,,62.9,3.67,1.25,71.2,3.6,2.6,25.7,51.2,27.3,7.1,56.0,0.0,2.9,10.2,0.0,9.5,
443,Yennier Cano,BAL,RP,82,AL,0.0,-1.8,-1.6,,-443.0,,,,,,,,,,,,,,,,,,,63.2,3.55,1.25,61.1,3.5,2.1,24.9,56.7,22.2,6.2,60.8,0.0,2.5,8.7,0.0,7.0,
444,Heston Kjerstad,BAL,OF,92,AL,0.0,-2.4,-1.6,,-444.0,,333.0,43.0,12.5,44.0,2.5,0.253,0.315,84.4,55.0,15.4,1.5,28.1,94.3,0.421,0.736,0.0,,,,,,,,,,,,,,,,,,
445,Masataka Yoshida,BOS,UT,7,AL,0.0,-1.5,-1.6,,-445.0,,336.7,43.3,10.0,44.8,3.0,0.282,0.341,94.8,64.7,18.7,1.5,28.5,54.1,0.435,0.775,0.0,,,,,,,,,,,,,,,,,,
446,Joey Bart,PIT,C,24,NL,0.0,-3.1,-1.7,,-446.0,,358.2,41.9,12.9,44.9,0.5,0.244,0.302,87.3,57.6,16.7,0.0,28.5,108.0,0.398,0.701,0.0,,,,,,,,,,,,,,,,,,
447,Andrew Abbott,CIN,SP,128,NL,0.0,-1.8,-1.7,,-447.0,,,,,,,,,,,,,,,,,,,144.2,4.39,1.32,136.7,7.6,0.0,70.4,136.4,53.4,24.1,25.5,23.9,9.8,8.5,8.5,0.0,
448,Andrew McCutchen,PIT,UT,8,NL,0.0,-1.5,-1.7,,-448.0,,386.3,51.0,13.0,47.0,3.1,0.231,0.321,89.1,57.1,18.0,1.0,48.5,107.3,0.383,0.704,0.0,,,,,,,,,,,,,,,,,,
449,Pierce Johnson,ATL,RP,83,NL,0.0,-1.9,-1.7,,-449.0,,,,,,,,,,,,,,,,,,,64.0,3.75,1.25,76.2,4.0,2.6,26.7,54.9,25.0,7.6,60.7,0.0,2.6,10.7,0.0,7.5,
450,Pavin Smith,ARI,OF,93,NL,0.0,-2.5,-1.7,,-450.0,,289.3,38.0,10.5,39.0,1.5,0.245,0.331,70.8,45.2,14.1,1.0,35.4,68.5,0.409,0.740,0.0,,,,,,,,,,,,,,,,,,
451,Jose Butto,NYM,RP,84,NL,0.0,-1.9,-1.7,,-451.0,,,,,,,,,,,,,,,,,,,63.2,3.66,1.24,64.0,3.5,1.5,25.7,53.0,25.1,7.5,54.8,0.0,2.6,9.1,0.0,9.5,
452,Eury Perez,MIA,SP,129,NL,0.0,-1.9,-1.7,,-452.0,,,,,,,,,,,,,,,,,,,75.1,3.98,1.24,83.6,3.6,0.0,33.3,66.6,26.5,10.2,26.9,17.5,5.0,10.0,3.5,0.0,
453,Hayden Wesneski,HOU,SP,130,AL,0.0,-1.9,-1.8,,-453.0,,,,,,,,,,,,,,,,,,,103.8,4.14,1.26,100.4,6.4,0.0,47.7,97.7,32.6,15.0,34.0,19.0,5.7,8.7,4.5,1.0,
454,Jose Miranda,MIN,3B,29,AL,0.0,-1.7,-1.8,,-454.0,,429.4,51.6,11.9,55.1,2.0,0.269,0.314,115.4,75.7,26.3,1.5,26.9,74.1,0.421,0.735,0.0,,,,,,,,,,,,,,,,,,
455,Jonathan Aranda,TB,1B,28,AL,0.0,-1.7,-1.8,,-455.0,,342.3,45.0,14.0,48.0,0.5,0.248,0.327,85.0,52.5,17.5,1.0,37.6,97.0,0.428,0.754,0.0,,,,,,,,,,,,,,,,,,
456,Tim Herrin,CLE,RP,85,AL,0.0,-2.0,-1.8,,-456.0,,,,,,,,,,,,,,,,,,,62.6,3.52,1.26,67.4,3.0,0.0,24.5,53.9,25.1,5.6,61.3,0.0,2.9,9.7,0.0,7.0,
457,Ryan Feltner,COL,SP,131,NL,0.0,-2.0,-1.9,,-457.0,,,,,,,,,,,,,,,,,,,168.2,4.54,1.33,143.6,7.5,0.0,84.8,169.0,55.5,23.7,27.5,27.5,11.6,7.7,9.6,0.0,
458,Jake Meyers,HOU,OF,94,AL,0.0,-2.7,-1.9,,-458.0,,381.4,48.0,11.0,45.5,8.0,0.234,0.292,89.1,59.0,17.5,1.5,29.5,101.1,0.374,0.666,0.0,,,,,,,,,,,,,,,,,,
459,Edward Cabrera,MIA,SP,132,NL,0.0,-2.1,-1.9,,-459.0,,,,,,,,,,,,,,,,,,,135.5,4.22,1.37,147.9,7.0,0.0,63.5,121.7,63.6,17.4,28.2,23.2,9.3,9.8,6.7,0.0,
460,Dennis Santana,PIT,RP,86,NL,0.0,-2.1,-1.9,,-460.0,,,,,,,,,,,,,,,,,,,67.0,3.77,1.26,64.4,3.0,3.9,28.0,58.6,25.6,6.6,60.8,0.0,3.3,8.7,0.0,5.0,
461,Connor Wong,BOS,C,25,AL,0.0,-3.4,-2.0,,-461.0,,356.2,42.0,10.5,40.0,6.5,0.243,0.292,86.6,55.8,19.4,1.0,23.1,101.3,0.391,0.683,0.0,,,,,,,,,,,,,,,,,,
462,Quinn Mathews,STL,SP,133,NL,0.0,-2.1,-2.0,,-462.0,,,,,,,,,,,,,,,,,,,95.8,3.91,1.30,92.5,5.5,0.0,41.6,89.2,35.4,10.3,26.5,18.3,5.5,8.7,4.4,0.0,
463,Andrew Nardi,MIA,RP,87,NL,0.0,-2.2,-2.0,,-463.0,,,,,,,,,,,,,,,,,,,42.9,3.64,1.23,52.3,1.7,1.0,17.3,35.7,17.3,5.0,50.4,0.0,2.0,11.0,0.0,2.5,
464,Aaron Ashby,MIL,SP,134,NL,0.0,-2.2,-2.0,,-464.0,,,,,,,,,,,,,,,,,,,70.2,3.71,1.29,74.7,4.0,0.0,28.9,59.9,30.6,7.3,39.4,8.9,3.8,9.6,2.9,1.0,
465,Kris Bubic,KC,SP,135,AL,0.0,-2.2,-2.0,,-465.0,,,,,,,,,,,,,,,,,,,120.6,4.22,1.33,120.0,6.9,0.0,56.5,119.9,40.9,15.0,32.4,23.3,7.4,9.0,7.4,0.0,
466,Jose Siri,NYM,OF,95,NL,0.0,-2.8,-2.0,,-466.0,,356.1,45.1,15.5,44.1,14.5,0.208,0.265,74.1,42.3,14.7,1.6,26.2,136.5,0.389,0.654,0.0,,,,,,,,,,,,,,,,,,
467,Jeff McNeil,NYM,2B,31,NL,0.0,-3.4,-2.1,,-467.0,,380.7,46.5,6.6,41.6,3.5,0.250,0.304,95.3,67.7,20.0,1.0,28.0,55.2,0.360,0.664,0.0,,,,,,,,,,,,,,,,,,
468,Anthony Bender,MIA,RP,88,NL,0.0,-2.2,-2.1,,-468.0,,,,,,,,,,,,,,,,,,,60.4,3.77,1.27,61.1,3.0,5.0,25.3,55.7,21.3,6.4,59.3,0.0,3.4,9.1,0.0,9.0,
469,Brock Burke,LAA,RP,89,AL,0.0,-2.2,-2.1,,-469.0,,,,,,,,,,,,,,,,,,,65.4,3.78,1.24,67.7,3.0,1.0,27.5,59.2,21.9,8.3,61.8,0.0,3.9,9.3,0.0,8.0,
470,Ryan Fernandez,STL,RP,90,NL,0.0,-2.3,-2.1,,-470.0,,,,,,,,,,,,,,,,,,,65.7,3.65,1.28,67.7,3.5,1.9,26.6,57.9,25.8,6.2,61.8,0.0,3.0,9.3,0.0,11.0,
471,Caleb Ferguson,PIT,RP,91,NL,0.0,-2.3,-2.1,,-471.0,,,,,,,,,,,,,,,,,,,56.4,3.58,1.26,60.0,2.6,0.6,22.4,49.3,21.9,5.1,55.9,0.0,2.5,9.6,0.0,7.0,
472,Kris Bryant,COL,UT,9,NL,0.0,-2.0,-2.1,,-472.0,,384.3,48.9,11.5,48.4,0.5,0.248,0.322,95.4,63.6,19.8,0.5,39.4,110.2,0.392,0.714,0.0,,,,,,,,,,,,,,,,,,
473,Ryan O'Hearn,BAL,1B,29,AL,0.0,-2.0,-2.1,,-473.0,,323.2,42.7,12.0,45.7,2.5,0.261,0.324,84.5,54.6,16.4,1.4,28.5,64.1,0.433,0.757,0.0,,,,,,,,,,,,,,,,,,
474,Sean Burke,CHW,SP,136,AL,0.0,-2.3,-2.1,,-474.0,,,,,,,,,,,,,,,,,,,123.1,4.27,1.33,122.5,5.6,0.0,58.3,110.9,52.4,17.9,30.3,18.6,9.1,9.0,6.4,0.0,
475,Chad Green,TOR,RP,92,AL,0.0,-2.3,-2.2,,-475.0,,,,,,,,,,,,,,,,,,,63.7,3.99,1.23,61.4,3.0,4.2,28.3,58.7,19.7,8.8,60.4,0.0,3.4,8.7,0.0,4.5,
476,Clayton Kershaw,LAD,SP,137,NL,0.0,-2.3,-2.2,,-476.0,,,,,,,,,,,,,,,,,,,54.5,3.83,1.24,50.4,3.6,0.0,23.2,51.6,15.9,7.2,24.2,13.3,3.0,8.3,3.1,0.0,
477,Frankie Montas,NYM,SP,138,NL,0.0,-2.3,-2.2,,-477.0,,,,,,,,,,,,,,,,,,,102.2,4.14,1.31,100.2,6.5,0.0,47.0,94.9,38.9,14.4,23.6,20.9,5.6,8.8,6.0,0.0,
478,Max Meyer,MIA,SP,139,NL,0.0,-2.3,-2.2,,-478.0,,,,,,,,,,,,,,,,,,,138.3,4.26,1.33,125.7,7.0,0.0,65.5,136.8,47.7,18.2,27.9,25.1,9.5,8.2,6.2,0.0,
479,Tobias Myers,MIL,SP,140,NL,0.0,-2.4,-2.2,,-479.0,,,,,,,,,,,,,,,,,,,118.7,4.30,1.29,108.4,7.1,0.0,56.8,116.2,36.5,18.9,35.1,23.0,7.2,8.2,5.5,0.0,
480,Bubba Chandler,PIT,SP,141,NL,0.0,-2.4,-2.2,,-480.0,,,,,,,,,,,,,,,,,,,88.2,3.96,1.30,83.0,5.0,0.0,38.8,80.4,34.6,9.5,28.3,16.0,5.7,8.5,5.3,0.0,
481,Hunter Goodman,COL,C,26,NL,0.0,-3.7,-2.2,,-481.0,,299.7,37.9,15.4,44.9,2.0,0.238,0.283,71.3,40.4,15.0,0.5,18.0,88.2,0.446,0.729,0.0,,,,,,,,,,,,,,,,,,
482,Tyler Anderson,LAA,SP,142,AL,0.0,-2.4,-2.2,,-482.0,,,,,,,,,,,,,,,,,,,163.7,4.47,1.35,134.3,8.6,0.0,81.3,158.7,62.3,23.8,31.4,22.0,10.3,7.4,9.1,0.0,
483,Richie Palacios,TB,OF,96,AL,0.0,-3.0,-2.2,,-483.0,,263.9,34.6,4.6,27.6,11.0,0.235,0.328,62.1,43.1,12.9,1.5,34.4,57.9,0.348,0.676,0.0,,,,,,,,,,,,,,,,,,
484,Will Wagner,TOR,2B,32,AL,0.0,-3.6,-2.2,,-484.0,,267.4,33.2,5.5,30.2,3.0,0.259,0.331,69.2,48.3,14.4,1.0,27.5,56.5,0.382,0.713,0.0,,,,,,,,,,,,,,,,,,
485,Alec Marsh,KC,SP,143,AL,0.0,-2.4,-2.2,,-485.0,,,,,,,,,,,,,,,,,,,95.6,4.21,1.27,92.1,5.1,0.0,44.7,89.1,32.3,12.3,35.4,12.8,6.2,8.7,4.7,0.0,
486,Tommy Kahnle,DET,RP,93,AL,0.0,-2.4,-2.3,,-486.0,,,,,,,,,,,,,,,,,,,53.1,3.59,1.29,54.7,2.5,2.9,21.1,45.8,22.6,5.3,56.2,0.0,2.6,9.3,0.0,6.0,
487,Griffin Canning,NYM,SP,144,NL,0.0,-2.4,-2.3,,-487.0,,,,,,,,,,,,,,,,,,,97.6,4.19,1.27,92.3,5.4,0.0,45.5,91.5,32.3,13.9,42.3,13.7,6.4,8.5,4.3,0.0,
488,Jared Koenig,MIL,RP,94,NL,0.0,-2.5,-2.3,,-488.0,,,,,,,,,,,,,,,,,,,63.4,3.73,1.26,62.5,3.6,1.6,26.3,57.4,22.8,7.3,60.3,0.8,3.0,8.9,0.0,8.0,
489,Michel Otanez,ATH,RP,95,AL,0.0,-2.5,-2.3,,-489.0,,,,,,,,,,,,,,,,,,,59.3,3.64,1.30,78.3,3.0,1.0,24.0,45.9,31.4,5.7,55.4,0.0,2.0,11.9,0.0,7.0,
490,Jonah Bride,MIA,1B,30,NL,0.0,-2.2,-2.3,,-490.0,,347.4,42.9,9.0,43.4,1.5,0.241,0.334,83.8,57.3,16.5,1.0,45.6,82.0,0.372,0.706,0.0,,,,,,,,,,,,,,,,,,
491,Yoan Moncada,LAA,3B,30,AL,0.0,-2.2,-2.3,,-491.0,,377.8,46.5,12.5,45.0,2.4,0.248,0.315,93.9,60.0,19.4,1.9,34.9,111.1,0.410,0.725,0.0,,,,,,,,,,,,,,,,,,
492,Tony Santillan,CIN,RP,96,NL,0.0,-2.5,-2.4,,-492.0,,,,,,,,,,,,,,,,,,,61.7,3.94,1.27,72.7,3.0,3.3,27.0,52.5,25.7,8.0,57.9,0.0,3.0,10.6,0.0,8.0,
493,Jerar Encarnacion,SF,OF,97,NL,0.0,-3.2,-2.4,,-493.0,,321.9,39.7,12.4,42.7,3.0,0.241,0.302,77.7,49.3,15.5,0.5,26.3,114.3,0.409,0.711,0.0,,,,,,,,,,,,,,,,,,
494,Dean Kremer,BAL,SP,145,AL,0.0,-2.5,-2.4,,-494.0,,,,,,,,,,,,,,,,,,,127.5,4.36,1.31,112.4,8.5,0.0,61.7,122.9,44.5,19.2,26.8,26.0,8.5,7.9,6.6,0.0,
495,Jose Caballero,TB,SS,30,AL,0.0,-2.2,-2.4,,-495.0,,302.1,38.4,6.5,29.4,25.9,0.236,0.298,71.4,49.1,14.2,1.6,25.0,84.6,0.358,0.656,0.0,,,,,,,,,,,,,,,,,,
496,Orlando Arcia,ATL,SS,31,NL,0.0,-2.2,-2.4,,-496.0,,481.9,56.9,13.5,56.5,2.0,0.231,0.290,111.1,75.9,21.6,0.0,37.9,109.2,0.360,0.649,0.0,,,,,,,,,,,,,,,,,,
497,Jordan Hicks,SF,SP,146,NL,0.0,-2.6,-2.4,,-497.0,,,,,,,,,,,,,,,,,,,121.5,4.08,1.36,109.3,6.6,0.0,55.1,114.1,51.5,12.2,29.9,21.8,7.8,8.1,6.4,0.0,
498,Brock Stewart,MIN,RP,97,AL,0.0,-2.6,-2.5,,-498.0,,,,,,,,,,,,,,,,,,,51.8,3.81,1.26,65.7,2.6,1.0,21.9,44.2,21.1,5.7,53.6,0.0,2.0,11.4,0.0,4.5,
499,JoJo Romero,STL,RP,98,NL,0.0,-2.7,-2.5,,-499.0,,,,,,,,,,,,,,,,,,,59.6,3.79,1.25,55.9,3.0,1.1,25.1,54.8,19.9,6.6,59.3,0.2,3.0,8.4,0.0,5.5,
500,Jonathan Cannon,CHW,SP,147,AL,0.0,-2.7,-2.5,,-500.0,,,,,,,,,,,,,,,,,,,157.6,4.47,1.34,120.3,7.0,0.0,78.4,159.1,52.4,23.2,35.7,18.5,11.1,6.9,8.3,0.0,
501,Seranthony Dominguez,BAL,RP,99,AL,0.0,-2.7,-2.5,,-501.0,,,,,,,,,,,,,,,,,,,63.5,3.94,1.28,68.1,3.6,4.0,27.8,57.5,23.9,7.8,62.0,0.0,3.9,9.6,0.0,5.0,
502,Jose Quintana,MIL,SP,148,NL,0.0,-2.7,-2.6,,-502.0,,,,,,,,,,,,,,,,,,,126.9,4.24,1.35,105.9,7.6,0.0,59.8,125.0,46.5,17.0,28.4,20.9,8.0,7.5,7.6,0.0,
503,Juan Brito,CLE,2B,33,AL,0.0,-3.9,-2.6,,-503.0,,225.4,29.0,6.0,28.9,4.0,0.246,0.326,55.4,35.5,13.4,0.5,25.3,50.9,0.389,0.715,0.0,,,,,,,,,,,,,,,,,,
504,Landen Roupp,SF,SP,149,NL,0.0,-2.8,-2.6,,-504.0,,,,,,,,,,,,,,,,,,,101.6,4.06,1.33,98.4,5.3,0.0,45.9,96.6,38.9,11.2,34.2,18.1,6.2,8.7,4.4,0.0,
505,Ty France,MIN,1B,31,AL,0.0,-2.5,-2.6,,-505.0,,382.7,46.4,11.9,46.4,0.5,0.256,0.314,97.9,65.8,20.0,0.0,30.6,78.9,0.402,0.716,0.0,,,,,,,,,,,,,,,,,,
506,Derek Hill,MIA,OF,98,NL,0.0,-3.5,-2.7,,-506.0,,326.5,37.3,8.9,33.8,9.4,0.247,0.300,80.6,54.5,15.2,2.0,23.5,98.6,0.387,0.687,0.0,,,,,,,,,,,,,,,,,,
507,Steven Matz,STL,SP,150,NL,0.0,-2.8,-2.7,,-507.0,,,,,,,,,,,,,,,,,,,109.3,4.29,1.33,99.5,6.0,0.0,52.0,111.2,33.9,14.8,33.6,20.7,6.4,8.2,6.7,0.0,
508,Mitch Garver,SEA,C,27,AL,0.0,-4.2,-2.7,,-508.0,,269.4,32.5,11.0,36.0,0.0,0.208,0.305,55.9,34.3,10.6,0.0,35.6,86.7,0.370,0.675,0.0,,,,,,,,,,,,,,,,,,
509,Tyler Ferguson,ATH,RP,100,AL,0.0,-2.9,-2.7,,-509.0,,,,,,,,,,,,,,,,,,,64.1,3.81,1.30,71.6,3.5,1.5,27.1,53.5,29.6,6.6,52.3,0.0,2.9,10.1,0.0,5.5,
510,Casey Mize,DET,SP,151,AL,0.0,-2.8,-2.7,,-510.0,,,,,,,,,,,,,,,,,,,113.3,4.21,1.32,91.3,6.6,0.0,53.0,114.6,34.8,13.9,27.0,24.4,8.1,7.3,5.8,0.0,
511,Emilio Pagan,CIN,RP,101,NL,0.0,-2.9,-2.7,,-511.0,,,,,,,,,,,,,,,,,,,62.4,4.12,1.24,65.1,3.0,2.5,28.6,56.8,20.3,10.1,61.5,0.0,3.0,9.4,0.0,3.5,
512,Paul Blackburn,NYM,SP,152,NL,0.0,-2.9,-2.7,,-512.0,,,,,,,,,,,,,,,,,,,86.7,4.13,1.27,74.0,5.0,0.0,39.8,83.5,26.6,11.5,35.6,12.6,5.3,7.7,3.3,1.0,
513,Colin Holderman,PIT,RP,102,NL,0.0,-2.9,-2.7,,-513.0,,,,,,,,,,,,,,,,,,,63.2,3.83,1.29,63.0,3.0,2.5,26.9,56.0,25.7,6.6,60.6,0.0,3.0,9.0,0.0,9.5,
514,Manuel Rodriguez,TB,RP,103,AL,0.0,-2.9,-2.7,,-514.0,,,,,,,,,,,,,,,,,,,61.8,3.82,1.28,59.7,2.6,2.1,26.3,55.5,23.8,6.2,60.0,0.0,3.0,8.7,0.0,7.0,
515,Taylor Rogers,CIN,RP,104,NL,0.0,-2.9,-2.7,,-515.0,,,,,,,,,,,,,,,,,,,61.5,3.97,1.29,66.3,3.0,4.0,27.1,55.2,23.9,7.5,61.6,0.0,3.4,9.7,0.0,5.5,
516,Michael Soroka,WAS,SP,153,NL,0.0,-2.9,-2.8,,-516.0,,,,,,,,,,,,,,,,,,,123.3,4.28,1.34,112.5,6.4,0.0,58.6,114.8,49.9,17.0,34.4,19.8,8.1,8.2,4.9,1.5,
517,Hunter Renfroe,KC,OF,99,AL,0.0,-3.6,-2.8,,-517.0,,325.4,39.5,12.0,44.0,1.0,0.232,0.297,75.4,47.3,16.0,0.0,28.6,77.7,0.392,0.689,0.0,,,,,,,,,,,,,,,,,,
518,Agustin Ramirez,MIA,C,28,NL,0.0,-4.3,-2.8,,-518.0,,218.0,26.9,7.5,27.4,4.5,0.245,0.316,53.5,35.1,10.5,0.5,21.3,50.8,0.401,0.717,0.0,,,,,,,,,,,,,,,,,,
519,Michael McGreevy,STL,SP,154,NL,0.0,-3.0,-2.8,,-519.0,,,,,,,,,,,,,,,,,,,64.7,3.88,1.27,52.2,3.4,0.0,27.8,65.7,16.6,6.6,37.5,7.1,3.5,7.3,2.3,0.5,
520,German Marquez,COL,SP,155,NL,0.0,-3.0,-2.8,,-520.0,,,,,,,,,,,,,,,,,,,152.8,4.65,1.35,129.0,7.0,0.0,78.9,157.9,48.3,21.8,23.7,21.3,9.7,7.6,8.7,0.0,
521,Jhonkensy Noel,CLE,OF,100,AL,0.0,-3.6,-2.8,,-521.0,,324.5,39.0,16.9,46.9,1.0,0.228,0.281,74.0,43.0,13.5,0.6,22.6,97.7,0.429,0.710,0.0,,,,,,,,,,,,,,,,,,
522,Javier Assad,CHC,SP,156,NL,0.0,-3.0,-2.8,,-522.0,,,,,,,,,,,,,,,,,,,102.5,4.16,1.30,85.1,5.7,0.0,47.4,96.5,37.1,13.1,46.3,11.3,5.9,7.5,4.0,1.0,
523,Alek Thomas,ARI,OF,101,NL,0.0,-3.6,-2.8,,-523.0,,270.3,35.5,7.0,34.0,7.0,0.257,0.309,69.3,45.3,14.5,2.5,19.4,55.1,0.406,0.715,0.0,,,,,,,,,,,,,,,,,,
524,Miguel Andujar,ATH,OF,102,AL,0.0,-3.6,-2.8,,-524.0,,348.9,40.7,6.7,38.5,4.4,0.260,0.306,90.7,65.4,17.5,1.1,21.8,56.8,0.374,0.680,0.0,,,,,,,,,,,,,,,,,,
525,Josh Smith,TEX,3B,31,AL,0.0,-2.7,-2.9,,-525.0,,343.3,45.0,9.0,38.5,6.0,0.241,0.312,82.9,54.5,17.9,1.5,33.3,78.6,0.381,0.693,0.0,,,,,,,,,,,,,,,,,,
526,Christian Moore,LAA,2B,34,AL,0.0,-4.2,-2.9,,-526.0,,269.1,34.6,9.5,32.6,4.0,0.249,0.299,67.0,43.5,12.5,1.5,18.1,76.6,0.412,0.711,0.0,,,,,,,,,,,,,,,,,,
527,Slade Cecconi,CLE,SP,157,AL,0.0,-3.1,-2.9,,-527.0,,,,,,,,,,,,,,,,,,,58.9,4.11,1.24,56.7,2.9,0.0,26.8,57.0,15.7,9.0,41.5,8.9,3.0,8.7,1.6,2.0,
528,Collin Snider,SEA,RP,105,AL,0.0,-3.1,-2.9,,-528.0,,,,,,,,,,,,,,,,,,,64.7,3.92,1.29,64.4,3.0,2.5,28.2,58.9,24.7,8.0,61.8,0.0,3.4,9.0,0.0,8.5,
529,Andre Pallante,STL,SP,158,NL,0.0,-3.1,-2.9,,-529.0,,,,,,,,,,,,,,,,,,,137.2,4.09,1.39,103.8,7.7,0.0,62.4,138.4,53.0,11.7,34.3,21.7,9.4,6.8,6.8,0.0,
530,Mitchell Parker,WAS,SP,159,NL,0.0,-3.1,-2.9,,-530.0,,,,,,,,,,,,,,,,,,,129.0,4.36,1.34,114.2,6.7,0.0,62.4,127.1,45.9,17.8,33.7,19.8,8.4,8.0,5.2,0.0,
531,Jonah Heim,TEX,C,29,AL,0.0,-4.4,-2.9,,-531.0,,323.8,37.5,11.0,38.6,1.5,0.230,0.287,74.5,48.5,14.5,0.5,24.5,66.8,0.380,0.667,0.0,,,,,,,,,,,,,,,,,,
532,Freddy Fermin,KC,C,30,AL,0.0,-4.4,-2.9,,-532.0,,281.1,32.9,6.5,33.9,1.0,0.254,0.310,71.4,51.4,13.0,0.5,21.7,58.1,0.373,0.684,0.0,,,,,,,,,,,,,,,,,,
533,Chase Meidroth,CHW,SS,32,AL,0.0,-2.8,-3.0,,-533.0,,236.4,30.9,4.0,23.9,7.4,0.252,0.352,59.6,45.1,9.6,1.0,34.4,52.0,0.352,0.704,0.0,,,,,,,,,,,,,,,,,,
534,Wenceel Perez,DET,OF,103,AL,0.0,-3.8,-3.0,,-534.0,,293.2,36.6,6.0,30.0,9.0,0.240,0.307,70.3,47.4,13.5,3.4,26.8,66.6,0.371,0.678,0.0,,,,,,,,,,,,,,,,,,
535,Michael Kopech,LAD,RP,106,NL,0.0,-3.2,-3.0,,-535.0,,,,,,,,,,,,,,,,,,,50.1,3.93,1.30,60.0,3.0,3.6,21.9,41.2,23.8,6.2,53.0,0.0,2.5,10.8,0.0,4.5,
536,Yariel Rodriguez,TOR,SP,160,AL,0.0,-3.1,-3.0,,-536.0,,,,,,,,,,,,,,,,,,,89.0,4.18,1.32,94.8,4.5,0.0,41.4,80.0,37.3,12.0,30.5,13.3,5.4,9.6,3.3,0.0,
537,Miguel Amaya,CHC,C,31,NL,0.0,-4.5,-3.0,,-537.0,,302.1,36.9,8.0,36.5,1.5,0.236,0.297,71.3,48.3,13.9,1.0,24.8,69.4,0.369,0.665,0.0,,,,,,,,,,,,,,,,,,
538,Tirso Ornelas,SD,OF,104,NL,0.0,-3.8,-3.0,,-538.0,,311.9,36.3,9.4,37.2,4.0,0.242,0.302,75.3,49.8,15.1,1.0,25.8,73.0,0.387,0.690,0.0,,,,,,,,,,,,,,,,,,
539,Gregory Soto,BAL,RP,107,AL,0.0,-3.2,-3.0,,-539.0,,,,,,,,,,,,,,,,,,,56.2,3.76,1.32,62.2,2.5,2.3,23.5,49.4,25.0,5.8,53.8,1.6,2.1,10.0,0.0,6.0,
540,Dylan Moore,SEA,SS,33,AL,0.0,-2.8,-3.0,,-540.0,,290.1,37.7,8.6,30.6,18.1,0.208,0.297,60.3,36.0,14.2,1.5,34.8,96.6,0.356,0.653,0.0,,,,,,,,,,,,,,,,,,
541,Lucas Giolito,BOS,SP,161,AL,0.0,-3.2,-3.0,,-541.0,,,,,,,,,,,,,,,,,,,118.1,4.48,1.33,119.1,7.0,0.0,58.8,112.3,44.8,18.7,27.1,23.6,7.2,9.1,4.9,0.0,
542,Kyle Hart,SD,SP,162,NL,0.0,-3.2,-3.0,,-542.0,,,,,,,,,,,,,,,,,,,84.5,4.26,1.28,69.9,4.1,0.0,40.0,80.3,28.1,12.4,42.8,8.4,5.5,7.4,4.8,2.0,
543,Carson Kelly,CHC,C,32,NL,0.0,-4.5,-3.0,,-543.0,,267.3,31.9,8.5,33.0,1.5,0.231,0.304,61.9,41.7,11.1,0.5,26.2,61.7,0.372,0.676,0.0,,,,,,,,,,,,,,,,,,
544,Starling Marte,NYM,OF,105,NL,0.0,-3.8,-3.0,,-544.0,,251.6,32.1,5.5,27.5,11.5,0.256,0.308,64.5,46.0,11.4,1.5,17.7,59.4,0.379,0.687,0.0,,,,,,,,,,,,,,,,,,
545,Harrison Bader,MIN,OF,106,AL,0.0,-3.9,-3.1,,-545.0,,297.9,37.1,8.0,33.5,13.5,0.240,0.284,71.5,47.0,15.4,1.0,17.2,65.3,0.379,0.663,0.0,,,,,,,,,,,,,,,,,,
546,Jordan Lawlar,ARI,SS,34,NL,0.0,-2.9,-3.1,,-546.0,,243.5,33.3,6.9,28.8,11.9,0.253,0.323,61.5,40.4,12.6,1.5,23.8,69.4,0.402,0.725,0.0,,,,,,,,,,,,,,,,,,
547,Mike Clevinger,CHW,RP,108,AL,0.0,-3.3,-3.1,,-547.0,,,,,,,,,,,,,,,,,,,52.3,4.30,1.28,49.0,2.0,8.5,25.0,50.0,17.0,8.0,50.0,0.5,4.0,8.4,1.0,10.0,
548,Jace Jung,DET,3B,32,AL,0.0,-3.0,-3.1,,-548.0,,314.8,39.5,8.1,35.9,1.1,0.238,0.330,74.9,50.5,16.1,0.1,41.0,89.9,0.367,0.698,0.0,,,,,,,,,,,,,,,,,,
549,Matthew Liberatore,STL,SP,163,NL,0.0,-3.3,-3.1,,-549.0,,,,,,,,,,,,,,,,,,,74.4,4.03,1.31,69.1,4.5,1.9,33.3,71.8,25.4,8.8,52.2,2.9,4.1,8.4,1.5,9.5,
550,Joey Estes,ATH,SP,164,AL,0.0,-3.3,-3.1,,-550.0,,,,,,,,,,,,,,,,,,,121.1,4.64,1.27,90.7,6.0,0.0,62.5,119.5,34.4,21.9,28.2,19.0,8.8,6.7,5.9,0.0,
551,Andy Pages,LAD,OF,107,NL,0.0,-3.9,-3.1,,-551.0,,227.7,31.6,9.6,33.1,2.0,0.250,0.313,56.8,33.9,12.4,1.0,19.8,58.4,0.439,0.752,0.0,,,,,,,,,,,,,,,,,,
552,Kyle Stowers,MIA,OF,108,NL,0.0,-3.9,-3.1,,-552.0,,342.7,40.0,11.5,43.0,1.5,0.226,0.289,77.3,47.3,16.5,2.0,29.0,114.2,0.386,0.675,0.0,,,,,,,,,,,,,,,,,,
553,Randal Grichuk,ARI,OF,109,NL,0.0,-4.0,-3.2,,-553.0,,242.8,31.0,10.0,33.5,1.0,0.263,0.314,63.9,39.7,13.2,1.0,17.1,53.5,0.449,0.763,0.0,,,,,,,,,,,,,,,,,,
554,Leody Taveras,TEX,OF,110,AL,0.0,-4.0,-3.2,,-554.0,,264.8,34.7,7.1,29.1,11.6,0.238,0.296,63.0,41.6,12.8,1.5,20.7,60.7,0.377,0.673,0.0,,,,,,,,,,,,,,,,,,
555,Seth Halvorsen,COL,RP,109,NL,0.0,-3.4,-3.2,,-555.0,,,,,,,,,,,,,,,,,,,64.7,4.25,1.34,62.3,3.0,11.3,30.5,61.8,24.9,7.8,64.6,0.0,3.8,8.7,0.0,2.0,
556,Fraser Ellard,CHW,RP,110,AL,0.0,-3.4,-3.2,,-556.0,,,,,,,,,,,,,,,,,,,64.9,3.94,1.34,65.6,2.6,4.5,28.4,58.1,28.8,6.9,60.1,0.0,3.3,9.1,0.0,7.0,
557,Rob Refsnyder,BOS,OF,111,AL,0.0,-4.1,-3.3,,-557.0,,188.0,26.1,6.0,24.1,2.5,0.258,0.334,48.6,32.0,9.5,1.0,20.2,52.2,0.415,0.750,0.0,,,,,,,,,,,,,,,,,,
558,Jason Heyward,SD,OF,112,NL,0.0,-4.1,-3.3,,-558.0,,279.5,35.0,9.5,35.4,3.5,0.231,0.300,64.5,40.5,13.5,1.0,26.3,63.3,0.388,0.689,0.0,,,,,,,,,,,,,,,,,,
559,Luis Campusano,SD,C,33,NL,0.0,-4.8,-3.3,,-559.0,,249.9,31.0,8.0,31.6,0.0,0.253,0.305,63.2,43.3,12.0,0.0,17.5,41.9,0.397,0.701,0.0,,,,,,,,,,,,,,,,,,
560,Chase Dollander,COL,SP,165,NL,0.0,-3.5,-3.4,,-560.0,,,,,,,,,,,,,,,,,,,112.5,4.43,1.34,99.3,4.9,0.0,55.4,105.5,44.7,16.5,26.4,17.3,5.7,7.9,5.1,0.0,
561,Jon Gray,TEX,SP,166,AL,0.0,-3.5,-3.4,,-561.0,,,,,,,,,,,,,,,,,,,97.9,4.40,1.32,91.3,5.6,0.0,47.8,96.9,32.3,14.5,26.7,18.2,5.9,8.4,4.5,0.0,
562,Colin Rea,CHC,SP,167,NL,0.0,-3.5,-3.4,,-562.0,,,,,,,,,,,,,,,,,,,98.7,4.44,1.28,79.2,5.7,0.0,48.7,99.3,27.5,14.6,37.9,12.4,6.4,7.2,4.1,0.5,
563,Zack Littell,TB,SP,168,AL,0.0,-3.5,-3.4,,-563.0,,,,,,,,,,,,,,,,,,,120.6,4.54,1.31,102.7,6.7,0.0,60.8,125.9,31.7,20.2,33.4,20.5,8.3,7.7,4.0,1.5,
564,Josh Rojas,CHW,3B,33,AL,0.0,-3.3,-3.4,,-564.0,,318.5,39.5,7.0,32.0,10.0,0.235,0.308,74.9,52.3,14.6,1.0,31.9,80.9,0.353,0.661,0.0,,,,,,,,,,,,,,,,,,
565,Donovan Solano,SEA,2B,35,AL,0.0,-4.7,-3.4,,-565.0,,306.1,33.5,5.5,34.9,1.0,0.245,0.304,74.9,56.3,13.1,0.0,24.6,74.3,0.342,0.645,0.0,,,,,,,,,,,,,,,,,,
566,Martin Perez,CHW,SP,169,AL,0.0,-3.6,-3.4,,-566.0,,,,,,,,,,,,,,,,,,,141.5,4.48,1.39,106.0,6.5,0.0,70.4,145.4,50.7,19.7,28.1,19.6,10.1,6.7,8.3,0.0,
567,Derek Law,WAS,RP,111,NL,0.0,-3.6,-3.4,,-567.0,,,,,,,,,,,,,,,,,,,67.3,4.01,1.31,57.9,3.5,3.1,30.0,64.3,24.0,7.8,54.5,3.2,3.6,7.7,0.0,7.5,
568,Johan Rojas,PHI,OF,113,NL,0.0,-4.2,-3.4,,-568.0,,282.3,35.5,4.0,27.4,19.0,0.242,0.280,68.2,50.1,12.1,2.0,14.3,61.1,0.341,0.621,0.0,,,,,,,,,,,,,,,,,,
569,Matt Mervis,MIA,UT,10,NL,0.0,-3.3,-3.5,,-569.0,,368.0,40.3,11.5,44.8,3.0,0.235,0.298,86.3,55.3,18.4,1.1,31.4,121.3,0.385,0.682,0.0,,,,,,,,,,,,,,,,,,
570,Brandon Drury,CHW,2B,36,AL,0.0,-4.8,-3.5,,-570.0,,280.8,34.3,9.0,35.9,0.5,0.235,0.292,66.1,41.9,14.1,1.0,21.4,70.8,0.389,0.681,0.0,,,,,,,,,,,,,,,,,,
571,Ben Lively,CLE,SP,170,AL,0.0,-3.6,-3.5,,-571.0,,,,,,,,,,,,,,,,,,,118.2,4.49,1.32,92.6,6.7,0.0,59.0,118.1,38.4,17.9,21.9,21.2,8.9,7.0,5.5,0.0,
572,Chris Paddack,MIN,SP,171,AL,0.0,-3.7,-3.5,,-572.0,,,,,,,,,,,,,,,,,,,99.7,4.44,1.31,91.2,5.5,0.0,49.2,102.5,28.6,15.5,30.9,16.7,6.8,8.2,4.0,5.5,
573,Will Brennan,CLE,OF,114,AL,0.0,-4.3,-3.5,,-573.0,,287.1,31.9,5.0,31.9,6.5,0.262,0.306,75.2,54.3,14.9,1.0,17.4,46.6,0.373,0.680,0.0,,,,,,,,,,,,,,,,,,
574,Sean Bouchard,COL,OF,115,NL,0.0,-4.3,-3.5,,-574.0,,171.7,22.9,5.5,20.9,3.0,0.252,0.335,43.3,27.1,9.7,1.0,20.2,54.6,0.416,0.751,0.0,,,,,,,,,,,,,,,,,,
575,Jacob Webb,TEX,RP,112,AL,0.0,-3.7,-3.5,,-575.0,,,,,,,,,,,,,,,,,,,61.8,4.05,1.31,61.7,3.0,2.1,27.8,54.4,26.3,8.2,61.6,0.0,3.0,9.0,0.0,8.5,
576,Victor Caratini,HOU,C,34,AL,0.0,-5.0,-3.5,,-576.0,,190.3,23.5,6.0,22.6,1.0,0.251,0.320,47.8,34.1,7.6,0.0,18.1,44.3,0.386,0.705,0.0,,,,,,,,,,,,,,,,,,
577,Jake Rogers,DET,C,35,AL,0.0,-5.1,-3.6,,-577.0,,313.0,36.5,12.5,38.6,1.5,0.207,0.269,64.7,38.6,13.1,0.5,25.3,105.7,0.371,0.640,0.0,,,,,,,,,,,,,,,,,,
578,Giancarlo Stanton,NYY,UT,11,AL,0.0,-3.4,-3.6,,-578.0,,235.2,32.6,16.1,39.3,0.0,0.230,0.304,54.1,28.7,9.3,0.0,23.7,77.6,0.475,0.779,0.0,,,,,,,,,,,,,,,,,,
579,Kyle Farmer,COL,2B,37,NL,0.0,-4.9,-3.6,,-579.0,,245.7,30.4,7.0,29.0,2.5,0.250,0.301,61.4,41.5,12.0,1.0,17.0,55.4,0.392,0.693,0.0,,,,,,,,,,,,,,,,,,
580,Dairon Blanco,KC,OF,116,AL,0.0,-4.4,-3.6,,-580.0,,154.2,22.5,3.0,15.4,22.9,0.241,0.296,37.2,26.2,7.0,1.0,11.4,40.1,0.358,0.654,0.0,,,,,,,,,,,,,,,,,,
581,Seth Brown,ATH,OF,117,AL,0.0,-4.4,-3.6,,-581.0,,272.4,33.1,11.6,35.6,3.5,0.228,0.288,62.1,37.4,12.1,1.0,21.8,79.8,0.407,0.695,0.0,,,,,,,,,,,,,,,,,,
582,Kyle Higashioka,TEX,C,36,AL,0.0,-5.2,-3.7,,-582.0,,288.0,32.9,13.5,38.4,1.5,0.217,0.268,62.6,37.3,11.7,0.1,18.8,86.3,0.399,0.667,0.0,,,,,,,,,,,,,,,,,,
583,Cade Povich,BAL,SP,172,AL,0.0,-3.9,-3.7,,-583.0,,,,,,,,,,,,,,,,,,,103.0,4.39,1.36,97.5,6.4,0.0,50.3,99.8,40.3,14.8,28.4,19.3,6.1,8.5,4.5,0.0,
584,Drake Baldwin,ATL,C,37,NL,0.0,-5.2,-3.7,,-584.0,,201.0,23.9,5.0,23.4,0.0,0.241,0.319,48.5,33.9,9.6,0.0,21.8,49.4,0.363,0.683,0.0,,,,,,,,,,,,,,,,,,
585,AJ Smith-Shawver,ATL,SP,173,NL,0.0,-4.0,-3.8,,-585.0,,,,,,,,,,,,,,,,,,,90.9,4.31,1.36,95.4,5.3,0.0,43.5,85.8,37.6,12.5,40.6,13.2,5.6,9.4,2.7,2.0,
586,Tyler Black,MIL,UT,12,NL,0.0,-3.7,-3.8,,-586.0,,185.4,23.5,5.0,22.0,8.0,0.244,0.336,45.1,30.3,8.3,1.5,24.5,53.1,0.385,0.722,0.0,,,,,,,,,,,,,,,,,,
587,Jacob Stallings,COL,C,38,NL,0.0,-5.3,-3.8,,-587.0,,246.0,28.0,5.6,26.6,0.5,0.236,0.306,58.1,41.6,11.0,0.0,23.5,63.7,0.348,0.654,0.0,,,,,,,,,,,,,,,,,,
588,Travis d'Arnaud,LAA,C,39,AL,0.0,-5.3,-3.8,,-588.0,,225.7,27.5,10.0,30.6,1.0,0.234,0.289,52.8,31.9,10.4,0.5,16.6,61.4,0.417,0.706,0.0,,,,,,,,,,,,,,,,,,
589,Blake Perkins,MIL,OF,118,NL,0.0,-4.7,-3.9,,-589.0,,222.0,28.0,4.0,23.0,9.5,0.225,0.307,50.0,35.8,9.1,1.0,24.8,63.8,0.330,0.637,0.0,,,,,,,,,,,,,,,,,,
590,Ernie Clement,TOR,3B,34,AL,0.0,-3.7,-3.9,,-590.0,,335.8,39.8,7.0,37.4,8.4,0.258,0.295,86.6,59.5,18.1,2.0,16.7,38.7,0.386,0.681,0.0,,,,,,,,,,,,,,,,,,
591,Wilmer Flores,SF,1B,32,NL,0.0,-3.7,-3.9,,-591.0,,311.5,38.4,9.5,39.0,0.0,0.239,0.309,74.6,49.6,15.4,0.0,29.7,59.2,0.381,0.690,0.0,,,,,,,,,,,,,,,,,,
592,Simeon Woods Richardson,MIN,SP,174,AL,0.0,-4.1,-3.9,,-592.0,,,,,,,,,,,,,,,,,,,115.3,4.52,1.36,98.2,6.5,0.0,57.9,114.4,42.0,16.1,24.0,19.9,8.0,7.7,4.9,0.0,
593,Trevor Williams,WAS,SP,175,NL,0.0,-4.1,-3.9,,-593.0,,,,,,,,,,,,,,,,,,,108.3,4.55,1.33,88.7,6.0,0.0,54.7,111.1,33.1,17.4,34.5,20.5,7.3,7.4,4.7,0.0,
594,Lance McCullers,HOU,SP,176,AL,0.0,-4.1,-3.9,,-594.0,,,,,,,,,,,,,,,,,,,71.2,4.15,1.35,71.3,4.0,0.0,32.8,68.0,28.4,8.6,29.2,11.2,4.1,9.0,2.9,0.0,
595,Cade Cavalli,WAS,SP,177,NL,0.0,-4.1,-3.9,,-595.0,,,,,,,,,,,,,,,,,,,78.6,4.31,1.34,76.6,3.6,0.0,37.6,73.4,31.5,10.6,19.8,13.4,5.1,8.8,3.1,0.0,
596,Marcus Stroman,NYY,SP,178,AL,0.0,-4.1,-3.9,,-596.0,,,,,,,,,,,,,,,,,,,133.7,4.40,1.39,98.4,8.0,0.0,65.3,136.9,48.3,17.7,28.1,22.4,8.7,6.6,5.2,0.0,
597,Triston McKenzie,CLE,SP,179,AL,0.0,-4.1,-4.0,,-597.0,,,,,,,,,,,,,,,,,,,108.8,4.52,1.37,103.6,5.0,0.0,54.6,98.0,50.9,17.4,33.6,10.8,7.6,8.6,4.7,0.0,
598,Davis Martin,CHW,SP,180,AL,0.0,-4.1,-4.0,,-598.0,,,,,,,,,,,,,,,,,,,126.3,4.61,1.39,111.6,5.5,0.0,64.7,127.3,48.5,19.3,26.2,24.5,10.7,8.0,6.5,0.0,
599,Austin Slater,CHW,OF,119,AL,0.0,-4.8,-4.0,,-599.0,,185.3,24.1,4.0,19.5,4.0,0.238,0.326,44.0,31.3,7.7,1.0,22.9,58.3,0.355,0.681,0.0,,,,,,,,,,,,,,,,,,
600,Mitch Haniger,SEA,OF,120,AL,0.0,-4.8,-4.0,,-600.0,,287.4,32.0,10.5,35.0,0.0,0.220,0.293,63.3,40.6,12.1,0.1,27.9,90.1,0.373,0.666,0.0,,,,,,,,,,,,,,,,,,
601,Dane Myers,MIA,OF,121,NL,0.0,-4.8,-4.0,,-601.0,,269.1,31.0,6.5,27.5,7.0,0.240,0.295,64.4,44.9,12.6,0.5,20.0,82.4,0.362,0.657,0.0,,,,,,,,,,,,,,,,,,
602,Tyrone Taylor,NYM,OF,122,NL,0.0,-4.8,-4.0,,-602.0,,284.3,34.6,9.0,33.0,7.5,0.231,0.277,65.6,39.7,15.4,1.5,17.2,72.4,0.391,0.668,0.0,,,,,,,,,,,,,,,,,,
603,Justin Turner,CHC,3B,35,NL,0.0,-3.9,-4.0,,-603.0,,263.7,32.6,6.5,32.7,0.5,0.251,0.325,66.3,47.2,12.6,0.0,27.0,54.3,0.373,0.698,0.0,,,,,,,,,,,,,,,,,,
604,Jose Trevino,CIN,C,40,NL,0.0,-5.5,-4.0,,-604.0,,246.2,28.9,7.5,29.4,1.5,0.236,0.290,58.1,39.7,11.0,0.0,17.5,46.1,0.372,0.662,0.0,,,,,,,,,,,,,,,,,,
605,Michael Lorenzen,KC,SP,181,AL,0.0,-4.2,-4.1,,-605.0,,,,,,,,,,,,,,,,,,,125.7,4.51,1.38,97.6,7.0,0.0,63.0,125.3,48.2,16.5,33.1,23.7,7.9,7.0,5.6,0.0,
606,Oswaldo Cabrera,NYY,3B,36,AL,0.0,-3.9,-4.1,,-606.0,,339.0,42.4,8.6,38.0,6.0,0.230,0.289,78.1,52.0,16.5,1.0,26.3,75.6,0.361,0.649,0.0,,,,,,,,,,,,,,,,,,
607,Griffin Conine,MIA,OF,123,NL,0.0,-4.9,-4.1,,-607.0,,310.7,33.4,11.0,37.4,1.0,0.216,0.284,67.1,43.0,12.6,0.6,27.8,114.3,0.366,0.649,0.0,,,,,,,,,,,,,,,,,,
608,Nick Yorke,PIT,2B,38,NL,0.0,-5.4,-4.1,,-608.0,,152.8,18.7,3.5,17.1,4.5,0.254,0.320,38.7,27.1,7.6,0.5,14.1,36.4,0.379,0.699,0.0,,,,,,,,,,,,,,,,,,
609,Mitch Spence,ATH,SP,182,AL,0.0,-4.2,-4.1,,-609.0,,,,,,,,,,,,,,,,,,,109.9,4.54,1.36,90.7,5.4,0.0,55.4,113.1,35.9,16.4,43.1,11.1,7.2,7.4,5.1,0.0,
610,Tyler Freeman,CLE,OF,124,AL,0.0,-4.9,-4.1,,-610.0,,211.4,27.0,4.5,23.4,7.0,0.248,0.307,52.4,36.5,10.5,1.0,16.9,35.3,0.371,0.677,0.0,,,,,,,,,,,,,,,,,,
611,Deyvison De Los Santos,MIA,1B,33,NL,0.0,-4.0,-4.1,,-611.0,,315.8,36.4,13.9,42.4,0.5,0.248,0.288,78.2,48.1,15.2,1.0,17.1,93.3,0.434,0.722,0.0,,,,,,,,,,,,,,,,,,
612,Jarred Kelenic,ATL,OF,125,NL,0.0,-5.0,-4.2,,-612.0,,191.8,25.6,7.0,24.1,5.0,0.237,0.304,45.5,27.0,10.4,1.0,17.5,59.4,0.412,0.716,0.0,,,,,,,,,,,,,,,,,,
613,Elias Diaz,SD,C,41,NL,0.0,-5.7,-4.2,,-613.0,,285.0,31.9,7.5,32.0,0.5,0.229,0.283,65.4,45.4,12.5,0.0,20.0,69.4,0.353,0.635,0.0,,,,,,,,,,,,,,,,,,
614,Luis Garcia - P,HOU,SP,183,AL,0.0,-4.4,-4.2,,-614.0,,,,,,,,,,,,,,,,,,,78.9,4.31,1.35,77.1,4.0,0.7,37.8,79.4,26.7,10.7,20.4,16.3,4.4,8.8,1.6,0.0,
615,Tyler Kinley,COL,RP,113,NL,0.0,-4.4,-4.3,,-615.0,,,,,,,,,,,,,,,,,,,65.5,4.53,1.37,68.6,3.0,9.8,33.0,61.6,28.1,9.0,62.5,0.0,4.8,9.4,0.0,4.5,
616,Jorge Lopez,WAS,RP,114,NL,0.0,-4.4,-4.3,,-616.0,,,,,,,,,,,,,,,,,,,59.5,4.22,1.35,53.1,3.0,4.7,27.9,57.4,22.8,7.7,59.7,0.0,3.4,8.0,0.0,7.0,
617,Mauricio Dubon,HOU,OF,126,AL,0.0,-5.1,-4.3,,-617.0,,308.6,35.6,5.0,31.6,4.0,0.255,0.291,78.8,57.8,14.9,1.0,14.6,46.1,0.359,0.650,0.0,,,,,,,,,,,,,,,,,,
618,Lenyn Sosa,CHW,3B,37,AL,0.0,-4.2,-4.3,,-618.0,,357.0,38.4,11.0,42.0,3.0,0.251,0.284,89.6,58.9,18.6,1.0,15.6,78.6,0.401,0.685,0.0,,,,,,,,,,,,,,,,,,
619,Kyle Hendricks,LAA,SP,184,AL,0.0,-4.5,-4.3,,-619.0,,,,,,,,,,,,,,,,,,,120.5,4.62,1.35,83.3,6.0,0.0,61.8,126.1,36.2,19.3,41.1,12.5,9.6,6.2,4.9,0.0,
620,Orelvis Martinez,TOR,2B,39,AL,0.0,-5.7,-4.4,,-620.0,,197.8,24.5,8.0,26.6,1.0,0.233,0.293,46.0,28.0,9.5,0.5,16.0,57.0,0.408,0.701,0.0,,,,,,,,,,,,,,,,,,
621,Osvaldo Bido,ATH,SP,185,AL,0.0,-4.5,-4.4,,-621.0,,,,,,,,,,,,,,,,,,,98.3,4.53,1.37,92.3,4.5,0.0,49.5,95.1,39.4,14.1,28.5,15.2,7.7,8.5,3.9,0.0,
622,Gio Urshela,ATH,3B,38,AL,0.0,-4.3,-4.4,,-622.0,,342.8,38.4,6.5,37.5,1.5,0.257,0.303,88.0,62.5,17.8,1.1,21.4,67.9,0.372,0.675,0.0,,,,,,,,,,,,,,,,,,
623,Rhett Lowder,CIN,SP,186,NL,0.0,-4.6,-4.4,,-623.0,,,,,,,,,,,,,,,,,,,109.5,4.54,1.38,92.0,5.6,0.0,55.2,114.1,37.2,16.4,29.9,16.8,6.7,7.6,4.7,0.0,
624,DJ LeMahieu,NYY,1B,34,AL,0.0,-4.3,-4.4,,-624.0,,271.1,32.4,5.0,28.9,1.0,0.244,0.323,66.0,47.9,12.7,0.5,30.0,57.5,0.349,0.672,0.0,,,,,,,,,,,,,,,,,,
625,Amed Rosario,WAS,2B,40,NL,0.0,-5.8,-4.5,,-625.0,,206.4,23.1,3.0,21.5,7.5,0.263,0.295,54.2,40.1,9.6,1.5,8.9,42.9,0.367,0.662,0.0,,,,,,,,,,,,,,,,,,
626,Gus Varland,CHW,RP,115,AL,0.0,-4.7,-4.5,,-626.0,,,,,,,,,,,,,,,,,,,61.5,4.27,1.35,58.4,2.0,3.6,29.2,59.7,23.5,8.0,58.0,0.0,3.4,8.5,0.0,6.0,
627,Bailey Falter,PIT,SP,187,NL,0.0,-4.7,-4.5,,-627.0,,,,,,,,,,,,,,,,,,,113.5,4.58,1.36,83.0,5.6,0.0,57.8,118.2,36.1,15.7,33.9,13.7,8.0,6.6,4.3,0.0,
628,Sam Hilliard,COL,OF,127,NL,0.0,-5.3,-4.5,,-628.0,,160.8,21.1,6.5,20.6,4.5,0.230,0.307,36.9,22.3,7.2,1.0,16.9,57.4,0.408,0.715,0.0,,,,,,,,,,,,,,,,,,
629,Nick Fortes,MIA,C,42,NL,0.0,-6.1,-4.6,,-629.0,,294.2,30.6,6.0,29.1,3.5,0.224,0.274,66.0,47.4,12.1,0.5,19.3,53.4,0.330,0.605,0.0,,,,,,,,,,,,,,,,,,
630,Trey Sweeney,DET,SS,35,AL,0.0,-4.4,-4.6,,-630.0,,288.7,34.9,6.5,31.9,7.5,0.231,0.294,66.6,45.3,12.8,1.9,24.5,87.8,0.356,0.650,0.0,,,,,,,,,,,,,,,,,,
631,Brooks Baldwin,CHW,2B,41,AL,0.0,-6.0,-4.6,,-631.0,,164.9,19.4,3.0,17.0,5.9,0.246,0.304,40.6,28.8,8.2,0.5,13.0,34.7,0.357,0.661,0.0,,,,,,,,,,,,,,,,,,
632,Ramon Laureano,BAL,OF,128,AL,0.0,-5.4,-4.6,,-632.0,,202.8,25.6,7.5,25.6,5.0,0.239,0.290,48.6,30.5,9.6,1.0,13.8,63.4,0.408,0.698,0.0,,,,,,,,,,,,,,,,,,
633,Luis Matos,SF,OF,129,NL,0.0,-5.6,-4.8,,-633.0,,208.6,24.5,5.0,25.4,2.0,0.256,0.303,53.3,36.3,11.0,1.0,13.4,33.9,0.390,0.693,0.0,,,,,,,,,,,,,,,,,,
634,Enrique Hernandez,LAD,OF,130,NL,0.0,-5.6,-4.8,,-634.0,,232.0,27.6,7.0,28.6,1.0,0.234,0.293,54.2,34.7,11.5,1.0,18.5,51.0,0.382,0.676,0.0,,,,,,,,,,,,,,,,,,
635,Curtis Mead,TB,2B,42,AL,0.0,-6.2,-4.8,,-635.0,,226.3,26.5,4.5,27.1,5.0,0.227,0.279,51.3,34.9,10.5,1.3,15.6,52.3,0.344,0.623,0.0,,,,,,,,,,,,,,,,,,
636,Ian Anderson,ATL,SP,188,NL,0.0,-5.0,-4.9,,-636.0,,,,,,,,,,,,,,,,,,,81.9,4.39,1.38,70.9,4.6,0.0,40.0,80.4,32.6,10.6,32.3,9.1,4.9,7.8,2.7,0.0,
637,Colson Montgomery,CHW,SS,36,AL,0.0,-4.7,-4.9,,-637.0,,305.6,35.1,8.0,33.1,3.5,0.212,0.291,64.7,43.2,12.5,1.0,32.4,99.7,0.338,0.629,0.0,,,,,,,,,,,,,,,,,,
638,Oliver Dunn,MIL,3B,39,NL,0.0,-4.9,-5.0,,-638.0,,244.4,30.1,6.5,27.1,5.6,0.214,0.298,52.4,34.2,10.2,1.5,27.7,90.6,0.348,0.647,0.0,,,,,,,,,,,,,,,,,,
639,Mickey Moniak,LAA,OF,131,AL,0.0,-5.8,-5.0,,-639.0,,251.1,30.1,9.6,31.7,5.5,0.222,0.264,55.8,33.6,11.1,1.5,13.5,76.6,0.393,0.656,0.0,,,,,,,,,,,,,,,,,,
640,Eloy Jimenez,TB,UT,13,AL,0.0,-4.9,-5.0,,-640.0,,159.8,19.6,6.0,22.1,1.0,0.268,0.328,42.8,28.8,7.9,0.0,13.4,37.7,0.431,0.759,0.0,,,,,,,,,,,,,,,,,,
641,Paul DeJong,WAS,SS,37,NL,0.0,-4.9,-5.1,,-641.0,,314.9,35.0,13.5,40.0,2.5,0.215,0.268,67.7,40.7,13.4,0.1,21.8,106.1,0.386,0.655,0.0,,,,,,,,,,,,,,,,,,
642,Luisangel Acuna,NYM,SS,38,NL,0.0,-5.1,-5.3,,-642.0,,220.9,28.3,4.4,23.3,11.4,0.247,0.291,54.6,38.5,10.1,1.5,12.9,45.5,0.367,0.657,0.0,,,,,,,,,,,,,,,,,,
643,Kyle Freeland,COL,SP,189,NL,0.0,-5.5,-5.3,,-643.0,,,,,,,,,,,,,,,,,,,146.1,5.09,1.40,103.7,6.6,0.0,82.7,164.5,39.4,25.2,43.3,15.6,10.9,6.4,6.5,0.0,
644,Jose Tena,WAS,3B,40,NL,0.0,-5.2,-5.4,,-644.0,,236.9,28.1,5.5,26.2,7.0,0.247,0.292,58.6,40.1,12.0,1.0,14.2,65.2,0.376,0.668,0.0,,,,,,,,,,,,,,,,,,
645,Ramon Urias,BAL,3B,41,AL,0.0,-5.3,-5.4,,-645.0,,224.2,27.1,6.5,27.1,1.5,0.245,0.303,55.0,37.8,9.6,1.0,17.5,54.5,0.384,0.687,0.0,,,,,,,,,,,,,,,,,,
646,Jacob Melton,HOU,OF,132,AL,0.0,-6.3,-5.5,,-646.0,,152.3,18.5,4.0,15.6,7.0,0.236,0.293,36.0,23.7,7.2,1.0,11.6,44.6,0.376,0.669,0.0,,,,,,,,,,,,,,,,,,
647,Eguy Rosario,SD,3B,42,NL,0.0,-5.5,-5.7,,-647.0,,221.6,27.4,8.0,27.4,4.5,0.230,0.284,51.0,31.8,10.2,1.0,15.9,66.9,0.393,0.677,0.0,,,,,,,,,,,,,,,,,,
648,Oswald Peraza,NYY,3B,43,AL,0.0,-5.6,-5.7,,-648.0,,189.6,23.5,6.0,21.0,7.0,0.229,0.293,43.4,28.8,8.1,0.5,16.4,49.8,0.371,0.665,0.0,,,,,,,,,,,,,,,,,,
649,Santiago Espinal,CIN,3B,44,NL,0.0,-5.7,-5.8,,-649.0,,182.4,20.6,2.5,19.6,4.0,0.256,0.312,46.7,35.5,8.7,0.0,13.9,29.8,0.346,0.658,0.0,,,,,,,,,,,,,,,,,,
650,Zach McKinstry,DET,SS,39,AL,0.0,-5.8,-6.0,,-650.0,,180.1,21.7,3.1,17.6,7.0,0.234,0.303,42.1,29.8,8.2,1.0,16.8,45.6,0.343,0.645,0.0,,,,,,,,,,,,,,,,,,
651,Jose Iglesias,SD,SS,40,NL,0.0,-5.8,-6.0,,-651.0,,264.3,30.0,2.5,25.6,3.5,0.260,0.295,68.6,52.1,13.5,0.5,12.4,47.3,0.343,0.638,0.0,,,,,,,,,,,,,,,,,,
652,Javier Baez,DET,SS,41,AL,0.0,-6.1,-6.2,,-652.0,,273.2,29.7,7.6,31.1,6.0,0.224,0.263,61.1,40.6,12.0,1.0,13.8,71.7,0.358,0.621,0.0,,,,,,,,,,,,,,,,,,
653,Austin Gomber,COL,SP,190,NL,0.0,-6.4,-6.3,,-653.0,,,,,,,,,,,,,,,,,,,136.9,5.21,1.42,95.2,6.6,0.0,79.2,153.7,40.2,25.0,41.0,15.1,10.8,6.3,5.3,0.0,
654,Kevin Newman,LAA,SS,42,AL,0.0,-6.3,-6.5,,-654.0,,185.8,20.6,2.0,16.6,5.0,0.253,0.300,47.0,35.3,8.6,1.0,11.9,34.8,0.343,0.643,0.0,,,,,,,,,,,,,,,,,,