"ID","Player","Team","Position","Status","Roster Status","Age","Salary","Contract","Score","Ros","+/-"
"*02jh6*","Eugenio Suarez","ARI","3B","ISO","Active","33","7","2nd","100","98%","+0.6%"
"*05r8n*","Yoshinobu Yamamoto","LAD","SP","MCM","Active","26","38","2nd","100","100%","0%"
"*05ge9*","Shota Imanaga","CHC","SP","MFR","Active","31","32","1st","98.14","100%","-0.1%"
"*02z0s*","Aaron Judge","NYY","OF","LEX","Active","32","72","2nd","94.66","100%","+0.1%"
"*03deg*","Justin Steele","CHC","SP","MFR","Active","29","6","2027","91.49","99%","0%"
"*05y0j*","Spencer Arrighetti","HOU","SP","NJ","Active","25","13","1st","91.23","95%","-0.4%"
"*04n0m*","Logan Gilbert","SEA","SP","SHS","Active","27","13","2026","91.2","100%","0%"
"*02c2r*","Carlos Rodon","NYY","SP","ECH","Active","32","11","2025","89.34","99%","+0.1%"
"*01ut7*","Nathan Eovaldi","TEX","SP","ISO","Active","35","2","2026","89.2","97%","+0.4%"
"*04ywk*","Tylor Megill","NYM","SP","NJ","Active","29","5","2nd","89.05","55%","+6.6%"
"*01sb3*","Zack Wheeler","PHI","SP","WEQ","Active","34","46","2nd","89.02","100%","0%"
"*02yc4*","Shohei Ohtani","LAD","UT","ECH","Active","30","49","2025","88.24","100%","0%"
"*041r1*","Jesus Luzardo","PHI","SP","FLA","Active","27","20","5th","87.78","94%","-0.1%"
"*02hi7*","Kevin Gausman","TOR","SP","ECH","Active","34","18","1st","87.74","99%","+0.1%"
"*03d7h*","Mitch Keller","PIT","SP","NJ","Active","28","6","2027","87.59","97%","+0.5%"
"*031d4*","Zack Littell","TB","SP","ROX","Active","29","1","1st","87.33","55%","-1.5%"
"*0512m*","Ryan Pepiot","TB","SP","YRK","Active","27","11","2026","86.89","98%","+0.2%"
"*03qr0*","Cedric Mullins","BAL","OF","ISO","Active","30","16","2026","85.81","90%","+2.8%"
"*0260v*","Sonny Gray","STL","SP","RUM","Active","35","22","2025","85.43","99%","-0.1%"
"*041sq*","Tommy Edman","LAD","2B,OF","SML","Active","29","19","1st","84.81","95%","+0.4%"
"*05gsc*","Jordan Westburg","BAL","2B,3B","WEQ","Active","26","12","2nd","84.76","99%","+0.1%"
"*060x1*","Wilyer Abreu","BOS","OF","ECH","Active","25","10","1st","84.61","85%","+8.5%"
"*05144*","Hunter Brown","HOU","SP","MCM","Active","26","14","2027","84.11","99%","-0.1%"
"*04aea*","Hunter Greene","CIN","SP","YRK","Active","25","15","4th","83.98","100%","0%"
"*04q2n*","Adley Rutschman","BAL","C","ROX","Active","27","20","4th","83.63","100%","0%"
"*03d6n*","Erick Fedde","STL","SP","WEQ","Active","32","6","1st","83.03","86%","-1.1%"
"*04y9o*","Jack Leiter","TEX","SP","LEX","Active","24","10","1st","82.79","72%","+5.8%"
"*03dc4*","Freddy Peralta","MIL","SP","LEX","Active","28","30","1st","82.56","99%","0%"
"*05wru*","Paul Skenes","PIT","SP","YRK","Active","22","10","2nd","82.05","100%","0%"
"*041yb*","Dean Kremer","BAL","SP","RR","Active","29","5","2nd","81.61","47%","-4.2%"
"*02mwq*","Zach Eflin","BAL","SP","LEX","Active","30","4","2025","81.4","97%","+0.1%"
"*06ala*","Osvaldo Bido","ATH","SP","CFL","Active","29","1","1st","81.2","34%","-0.5%"
"*04ml0*","Yusei Kikuchi","LAA","SP","YRK","Active","33","2","2026","80.94","98%","0%"
"*04mlr*","Jeffrey Springs","ATH","SP","SHS","Active","32","11","1st","80.68","88%","+2.3%"
"*03d6w*","Jack Flaherty","DET","SP","LRB","Active","29","24","1st","80.25","99%","-0.1%"
"*03zlh*","Oneil Cruz","PIT","SS,OF","RUM","Active","26","15","4th","79.46","100%","+0.1%"
"*05lg3*","Brandon Pfaadt","ARI","SP","RR","Active","26","10","3rd","79.35","98%","0%"
"*04ps7*","Joe Ryan","MIN","SP","LEX","Active","28","34","1st","78.51","99%","0%"
"*02btf*","Mookie Betts","LAD","SS,OF","RUM","Active","32","64","1st","78.25","100%","0%"
"*04q05*","Alex Vesia","LAD","RP","YRK","Active","28","2","1st","77.81","40%","+5.1%"
"*04eek*","Griffin Canning","NYM","SP","WEQ","Active","28","2","1st","77.78","43%","+2.5%"
"*03btv*","Sandy Alcantara","MIA","SP","SML","Active","29","1","2nd","77.32","99%","-0.1%"
"*041ps*","Nick Lodolo","CIN","SP","FLA","Active","27","15","4th","77.06","94%","-0.8%"
"*01uca*","Chris Sale","ATL","SP","CFL","Active","36","38","1st","76.63","100%","0%"
"*042sz*","Will Smith","LAD","C","NJ","Active","30","27","1st","76.36","100%","0%"
"*04cd5*","MacKenzie Gore","WSH","SP","ISO","Active","26","3","2026","76.26","98%","+0.7%"
"*04tjl*","Otto Lopez","MIA","2B","ECH","Active","26","11","1st","75.92","54%","+5.2%"
"*04c0o*","Jose Soriano","LAA","SP","ISO","Active","26","8","1st","75.84","68%","+2%"
"*02bx4*","Clay Holmes","NYM","SP,RP","TSN","Active","32","26","1st","75.56","94%","+0.3%"
"*03nuc*","Luis Castillo","SEA","SP","NJ","Active","32","29","2025","75.51","100%","0%"
"*000dp*","Justin Verlander","SF","SP","LEX","Active","42","11","2026","74.72","72%","-0.1%"
"*03cag*","Kyle Schwarber","PHI","UT","RR","Active","32","29","2025","74.7","99%","0%"
"*03pzn*","Andres Gimenez","TOR","2B","FLA","Active","26","15","2026","74.48","96%","+0.3%"
"*05vy6*","Bryce Miller","SEA","SP","FLA","Active","26","22","2026","74.08","99%","+0.1%"
"*03df2*","Dylan Cease","SD","SP","KEN","Active","29","39","1st","73.7","100%","0%"
"*03rmz*","Keibert Ruiz","WSH","C","ROX","Active","26","15","4th","73.62","69%","+0.9%"
"*04auj*","Framber Valdez","HOU","SP","SML","Active","31","11","2025","73.37","100%","0%"
"*05ajh*","Garrett Crochet","BOS","SP","LEX","Active","25","8","2nd","73.02","100%","0%"
"*03pir*","Kyle Tucker","CHC","OF","RR","Active","28","30","6th","72.94","100%","0%"
"*02hj7*","Merrill Kelly","ARI","SP","LRB","Active","36","10","1st","72.77","87%","+0.7%"
"*03zbh*","Fernando Tatis Jr.","SD","OF","YRK","Active","26","20","6th","72.42","100%","0%"
"*05gtn*","Tyler Soderstrom","ATH","1B","FLA","Active","23","8","2nd","71.74","78%","+5.5%"
"*03dbm*","Logan Webb","SF","SP","TSN","Active","28","12","2026","71.37","100%","0%"
"*03sef*","Seth Lugo","KC","SP","MCM","Active","35","10","2025","71.27","99%","0%"
"*02bqr*","Blake Snell","LAD","SP","ROX","Active","32","29","2025","71.24","100%","0%"
"*05xod*","Sean Burke","CHW","SP","LIL","Active","25","10","1st","70.96","72%","+5.7%"
"*04y9p*","Anthony Volpe","NYY","SS","RR","Active","23","10","3rd","70.58","99%","0%"
"*04yk2*","Spencer Torkelson","DET","1B","MFR","Active","25","7","1st","70.53","81%","+7%"
"*02xic*","Teoscar Hernandez","LAD","OF","MFR","Active","32","33","1st","70.15","100%","0%"
"*04px8*","Reese Olson","DET","SP","ISO","Active","25","5","2026","69.52","87%","-1.8%"
"*03nmw*","Ian Happ","CHC","OF","CFL","Active","30","29","1st","69.52","99%","-0.1%"
"*043f9*","Pablo Lopez","MIN","SP","MFR","Active","29","23","2025","69.5","99%","-0.1%"
"*02i2j*","Max Fried","NYY","SP","SHS","Active","31","16","2025","69.3","100%","0%"
"*04pt2*","Lars Nootbaar","STL","OF","ISO","Active","27","11","2026","69.17","79%","+1.7%"
"*03120*","Cody Bellinger","NYY","1B,OF","NJ","Active","29","17","2026","69.03","100%","+0.1%"
"*01cgo*","Freddie Freeman","LAD","1B","SHS","Active","35","44","2025","68.8","100%","0%"
"*05jp7*","Gavin Williams","CLE","SP","SHS","Active","25","8","3rd","68.46","95%","-0.5%"
"*041ma*","Cole Ragans","KC","SP","YRK","Active","27","7","2028","68.45","100%","0%"
"*02bve*","Blake Treinen","LAD","RP","RR","Active","36","1","1st","68.23","56%","+10.3%"
"*03ab0*","Luis Severino","ATH","SP","MFR","Active","31","12","2026","68.03","92%","+1.9%"
"*03xs3*","Miguel Amaya","CHC","C","FLA","Active","26","1","2nd","67.79","34%","+5.1%"
"*05tq1*","Spencer Schwellenbach","ATL","SP","SML","Active","24","14","2nd","67.45","99%","-0.1%"
"*030vs*","Kirby Yates","LAD","RP","SHS","Active","38","5","2nd","67.39","87%","-0.3%"
"*05ahg*","Austin Wells","NYY","C","LRB","Active","25","8","2026","66.99","94%","+0.7%"
"*02mwk*","Jose Berrios","TOR","SP","LRB","Active","30","11","1st","66.66","98%","+0.2%"
"*05gdz*","Roki Sasaki","LAD","SP","FLA","Active","23","10","1st","66.53","99%","+0.2%"
"*03djk*","Tanner Houck","BOS","SP","MFR","Active","28","2","2027","66.14","96%","-0.4%"
"*05rfu*","Kyle Manzardo","CLE","UT","LRB","Active","24","10","2nd","65.98","75%","+4.8%"
"*03dfa*","Tanner Scott","LAD","RP","RUM","Active","30","5","2026","65.39","98%","0%"
"*04aq4*","Adolis Garcia","TEX","OF","WEQ","Active","32","14","2025","65.28","99%","+0.1%"
"*04p10*","Bryson Stott","PHI","2B","NJ","Active","27","13","2026","65.18","93%","-2.3%"
"*05r01*","Robert Suarez","SD","RP","KEN","Active","34","34","1st","65.16","98%","0%"
"*02j77*","Chris Martin","TEX","RP","LEX","Active","38","3","1st","65.1","41%","-1%"
"*063vu*","Matt Shaw","CHC","2B,3B,SS","ECH","Active","23","10","1st","64.83","96%","-1.1%"
"*04ppz*","Jake Irvin","WSH","SP","ROX","Active","28","1","1st","64.38","56%","-5.3%"
"*02n96*","Josh Hader","HOU","RP","ROX","Active","30","53","2nd","64","99%","+0.1%"
"*02yd1*","Jorge Polanco","SEA","2B,3B","LEX","Active","31","1","1st","63.31","45%","+8.8%"
"*01sy3*","Nolan Arenado","STL","3B","RR","Active","33","19","1st","62.86","97%","-0.1%"
"*025it*","Jason Adam","SD","RP","RR","Active","33","1","1st","62.81","62%","-3.2%"
"*04ptt*","Tarik Skubal","DET","SP","TSN","Active","28","20","5th","62.69","100%","0%"
"*041qb*","Bo Bichette","TOR","SS","TSN","Active","27","25","1st","62.65","99%","-0.1%"
"*02yk4*","Tyler O'Neill","BAL","OF","TSN","Active","29","19","1st","62.62","95%","+0.5%"
"*031b2*","Jonah Heim","TEX","C","RUM","Active","29","6","2025","61.63","49%","-2%"
"*041qo*","Zac Gallen","ARI","SP","LIL","Active","29","20","1st","61.47","99%","0%"
"*04e2u*","Brent Rooker","ATH","UT","MCM","Active","30","5","2028","61.31","100%","0%"
"*06f0q*","Kristian Campbell","BOS","2B,SS,OF","CFL","Active","22","10","1st","60.96","93%","+0.7%"
"*04pr1*","Steven Kwan","CLE","OF","MCM","Active","27","20","1st","60.9","99%","-0.1%"
"*03aac*","Walker Buehler","BOS","SP","TSN","Active","30","8","2nd","60.88","97%","-0.1%"
"*05itb*","Randy Vasquez","SD","SP","WEQ","Active","26","5","1st","60.55","13%","+0.3%"
"*04mn4*","Joey Bart","PIT","C","WEQ","Active","28","4","1st","59.64","52%","-3.5%"
"*03ynj*","Juan Soto","NYM","OF","NJ","Active","26","66","1st","59.37","100%","0%"
"*01fh9*","Bryce Harper","PHI","1B","FLA","Active","32","47","2026","58.98","100%","+0.1%"
"*02z0t*","Michael Conforto","LAD","OF","MFR","Active","32","2","2nd","58.95","68%","-5.1%"
"*031t0*","Gleyber Torres","DET","2B","ISO","Active","28","7","1st","58.24","94%","-1%"
"*03i81*","Reynaldo Lopez","ATL","SP","MFR","Active","31","10","2nd","58.11","98%","-0.2%"
"*0326s*","Ketel Marte","ARI","2B","ROX","Active","31","33","2nd","58.1","100%","+0.1%"
"*05ybv*","Jackson Holliday","BAL","2B,SS","FLA","Active","21","10","2nd","58.03","99%","-0.1%"
"*04o2w*","Ben Brown","CHC","SP","NJ","Active","25","1","1st","57.76","55%","-0.4%"
"*051aa*","Porter Hodge","CHC","RP","LRB","Active","24","5","2nd","57.73","74%","-4.7%"
"*04hyc*","Ivan Herrera","STL","C","YRK","Active","24","1","2nd","57.66","66%","-2.3%"
"*04o4s*","Shea Langeliers","ATH","C","ECH","Active","27","17","2nd","57.28","98%","-0.1%"
"*01ual*","Paul Goldschmidt","NYY","1B","ECH","Active","37","29","1st","57.09","98%","-0.2%"
"*05xor*","Christian Encarnacion-Strand","CIN","1B","TSN","Active","25","21","1st","56.88","83%","-2.3%"
"*03qmh*","Jake Cronenworth","SD","1B,2B","MCM","Active","31","17","1st","56.72","89%","-1.1%"
"*02zif*","Ryan Pressly","CHC","RP","WEQ","Active","36","11","1st","55.98","74%","-1.6%"
"*041q8*","Brandon Marsh","PHI","OF","LIL","Active","27","5","1st","55.93","53%","-4.2%"
"*05ua7*","Jackson Merrill","SD","OF","RR","Active","21","10","2nd","55.77","100%","0%"
"*041xv*","Nathaniel Lowe","WSH","1B","SML","Active","29","20","1st","55.74","87%","-2%"
"*0374o*","Chad Green","TOR","RP","LIL","Active","33","10","1st","55.01","47%","-3.8%"
"*03pom*","Austin Riley","ATL","3B","KEN","Active","27","30","6th","54.68","100%","0%"
"*005jn*","Charlie Morton","BAL","SP","FLA","Active","41","1","1st","54.53","73%","+0.5%"
"*01svq*","Manny Machado","SD","3B","ISO","Active","32","36","1st","54.52","100%","+0.1%"
"*03ae8*","Dansby Swanson","CHC","SS","LEX","Active","31","24","1st","54.49","97%","-0.3%"
"*03mnq*","Carlos Estevez","KC","RP","SML","Active","32","1","2025","54.35","75%","-2%"
"*05184*","Vinnie Pasquantino","KC","1B","MCM","Active","27","21","2026","53.67","99%","-0.2%"
"*04y97*","Kyle Stowers","MIA","OF","NJ","Active","27","1","1st","53.08","23%","-1.6%"
"*004ee*","Max Scherzer","TOR","SP","RR","Active","40","3","2nd","52.6","84%","-0.5%"
"*04n8z*","Xavier Edwards","MIA","SS","ECH","Active","25","5","2nd","52.18","97%","-0.4%"
"*04t9b*","Michael Busch","CHC","1B","CFL","Active","27","17","1st","51.72","88%","-3.9%"
"*041wv*","Michael King","SD","SP","ISO","Active","29","10","2025","51.62","100%","0%"
"*04b00*","Brice Turang","MIL","2B","RUM","Active","25","15","2nd","51.51","98%","+0.2%"
"*04mn5*","Alec Bohm","PHI","3B","RUM","Active","28","15","5th","51.36","99%","-0.1%"
"*03ojr*","Vladimir Guerrero Jr.","TOR","1B","SHS","Active","26","30","6th","51.21","100%","0%"
"*03fi0*","Ozzie Albies","ATL","2B","YRK","Active","28","29","1st","51.13","100%","0%"
"*03pdw*","Andrew Benintendi","CHW","OF","ROX","Active","30","1","1st","50.88","33%","+1.2%"
"*051wv*","Pete Crow-Armstrong","CHC","OF","LIL","Active","23","10","2nd","50.68","98%","-0.5%"
"*045qo*","Jazz Chisholm Jr.","NYY","2B,3B,OF","NJ","Active","27","20","5th","50.52","100%","0%"
"*03pjd*","Josh Naylor","ARI","1B","LEX","Active","27","1","2026","50.43","100%","0%"
"*01srb*","Jameson Taillon","CHC","SP","ROX","Active","33","1","1st","50.32","71%","-2.2%"
"*04ppj*","Jeremy Pena","HOU","SS","SHS","Active","27","20","4th","50.28","94%","-1.1%"
"*05g3x*","Maikel Garcia","KC","2B,3B","LRB","Active","25","6","2027","50.2","94%","-1.1%"
"*03e5m*","Bryan Reynolds","PIT","OF","LIL","Active","30","29","1st","49.33","99%","0%"
"*04q56*","Logan O'Hoppe","LAA","C","KEN","Active","25","8","3rd","49","95%","-0.9%"
"*04ee8*","Heliot Ramos","SF","OF","ROX","Active","25","19","2nd","48.77","94%","-1.1%"
"*04pks*","Matt McLain","CIN","2B,SS","MFR","Active","25","15","2025","48.74","99%","-0.1%"
"*04ru5*","Andy Pages","LAD","OF","NJ","Active","24","8","2nd","48.51","48%","-6.3%"
"*04s1g*","Gabriel Moreno","ARI","C","ECH","Active","25","17","1st","48.06","74%","-2.7%"
"*024m0*","Jose Altuve","HOU","2B,OF","MCM","Active","34","33","1st","47.98","99%","0%"
"*03dgq*","Ryan O'Hearn","BAL","1B,OF","CFL","Active","31","1","2nd","47.96","49%","-2.9%"
"*05u2v*","Hunter Goodman","COL","C,OF","LIL","Active","25","7","1st","47.87","39%","+1.8%"
"*02z0e*","Yimi Garcia","TOR","RP","LEX","Active","34","7","1st","47.49","22%","-2.6%"
"*03poq*","Tony Santillan","CIN","RP","YRK","Active","27","7","1st","47.49","28%","+15.9%"
"*04ehz*","Jeremiah Estrada","SD","RP","LIL","Active","26","5","2nd","47.22","45%","-3.6%"
"*0312g*","Tyler Mahle","TEX","SP","MCM","Active","30","5","1st","47.14","40%","-0.6%"
"*04alq*","Pavin Smith","ARI","OF","TSN","Active","29","1","1st","46.89","27%","-2.1%"
"*040b5*","Randy Arozarena","SEA","OF","LRB","Active","30","37","2026","46.83","99%","-0.1%"
"*05yhg*","Will Wagner","TOR","2B,3B","SHS","Active","26","6","1st","46.66","28%","-3.2%"
"*025gb*","Xander Bogaerts","SD","2B,SS","SML","Active","32","11","2nd","46.28","98%","0%"
"*05xch*","Junior Caminero","TB","3B","FLA","Active","21","8","2nd","45.29","99%","-0.1%"
"*05ras*","Colton Cowser","BAL","OF","NJ","Active","25","10","2nd","45.02","98%","-0.1%"
"*027fx*","Jeimer Candelario","CIN","1B,3B","LEX","Active","31","10","1st","44.84","57%","-1.9%"
"*03ql5*","Ryan Helsley","STL","RP","MCM","Active","30","12","2025","44.71","99%","0%"
"*05ucd*","Mason Miller","ATH","RP","NJ","Active","26","21","2028","44.71","99%","0%"
"*04nky*","Trevor Larnach","MIN","OF","LEX","Active","28","2","1st","44.57","39%","-3.3%"
"*0311c*","Devin Williams","NYY","RP","SML","Active","30","24","2nd","44.56","99%","+0.1%"
"*04pbq*","Geraldo Perdomo","ARI","SS","SHS","Active","25","6","1st","44.52","30%","-3%"
"*05t9l*","Max Muncy","ATH","2B,SS","YRK","Active","22","8","1st","44.03","27%","-1.6%"
"*01u75*","Salvador Perez","KC","C,1B","LEX","Active","34","16","2025","43.94","99%","0%"
"*03av1*","Jake Rogers","DET","C","LIL","Active","29","5","1st","43.82","14%","-2.6%"
"*04pst*","Jarren Duran","BOS","OF","RUM","Active","28","9","2027","43.6","100%","0%"
"*0310n*","Ryan McMahon","COL","3B","LRB","Active","30","18","1st","43.36","78%","-2.4%"
"*025ey*","Luke Jackson","TEX","RP","TSN","Active","33","14","1st","43.36","38%","+28.6%"
"*04tlv*","Bryan Abreu","HOU","RP","RUM","Active","27","1","2026","43.28","64%","-3.5%"
"*0429k*","Colin Holderman","PIT","RP","TSN","Active","29","5","2nd","43.27","19%","-2.2%"
"*062ob*","Jose Ferrer","WSH","RP","MFR","Active","25","2","1st","42.86","9%","-2.2%"
"*02w16*","Anthony Santander","TOR","OF","CFL","Active","30","37","1st","42.62","100%","0%"
"*04eor*","Cade Smith","CLE","RP","LEX","Active","25","2","1st","42.52","69%","-3.3%"
"*066n3*","Ryan Walker","SF","RP","SHS","Active","29","6","2nd","42.44","97%","-0.3%"
"*04prt*","Lawrence Butler","ATH","OF","WEQ","Active","24","1","2nd","42.13","99%","0%"
"*04ug5*","Emmanuel Clase","CLE","RP","WEQ","Active","27","44","2nd","41.74","99%","0%"
"*04ggr*","Jarred Kelenic","ATL","OF","TSN","Active","25","7","1st","41.68","27%","-6.6%"
"*04eej*","Gavin Sheets","SD","1B,OF","ECH","Active","28","1","1st","41.63","21%","+3.5%"
"*01spl*","Jurickson Profar","ATL","OF","MFR","Active","32","5","2nd","41.25","98%","-0.1%"
"*01usi*","Marcell Ozuna","ATL","UT","MFR","Active","34","6","2025","41.23","99%","-0.1%"
"*03pji*","Ke'Bryan Hayes","PIT","3B","NJ","Active","28","3","1st","41.11","46%","-3.5%"
"*04enz*","Robert Garcia","TEX","RP","SML","Active","28","5","1st","40.77","18%","-4.1%"
"*01svz*","Kenley Jansen","LAA","RP","CFL","Active","37","19","1st","40.76","77%","-1.6%"
"*04y4e*","Corbin Carroll","ARI","OF","LEX","Active","24","10","3rd","40.57","100%","0%"
"*0622t*","Jacob Wilson","ATH","SS","LRB","Active","23","13","2nd","40.48","64%","-3.7%"
"*04eqa*","Garrett Whitlock","BOS","SP","RUM","Active","28","1","1st","40.09","30%","-5.3%"
"*04nb2*","Riley Greene","DET","OF","KEN","Active","24","15","4th","39.94","99%","-0.1%"
"*04y95*","JJ Bleday","ATH","OF","RR","Active","27","10","2nd","39.94","85%","-1.4%"
"*04pse*","Brendan Donovan","STL","2B,OF","LRB","Active","28","5","2nd","39.7","93%","-0.3%"
"*04lgp*","Bobby Witt Jr.","KC","SS","KEN","Active","24","37","2027","39.19","100%","0%"
"*05rb1*","Sal Frelick","MIL","3B,OF","TSN","Active","24","8","3rd","38.97","51%","-4.7%"
"*04pxp*","Victor Vodnik","COL","RP","KEN","Active","25","1","1st","38.96","10%","-1.3%"
"*02mwm*","Matt Olson","ATL","1B","LIL","Active","31","45","1st","38.9","100%","0%"
"*025fx*","Tommy Pham","PIT","OF","WEQ","Active","37","9","1st","38.89","21%","+0.4%"
"*05udp*","Elly De La Cruz","CIN","SS","NJ","Active","23","10","3rd","38.59","100%","0%"
"*03btu*","Willi Castro","MIN","2B,3B,SS,OF","ISO","Active","27","3","2nd","38.56","91%","-0.3%"
"*04aqc*","David Bednar","PIT","RP","FLA","Active","30","13","2025","38.23","89%","-1.1%"
"*0597k*","Nick Gonzales","PIT","2B","TSN","Active","25","10","2nd","38.1","47%","-5.5%"
"*03qo0*","Pete Fairbanks","TB","RP","ECH","Active","31","7","2027","38.1","88%","-0.5%"
"*060pm*","Wyatt Langford","TEX","OF","YRK","Active","23","10","2nd","37.96","100%","0%"
"*01gya*","Aroldis Chapman","BOS","RP","RUM","Active","37","14","2nd","37.94","78%","+6.1%"
"*0403o*","Andres Munoz","SEA","RP","MCM","Active","26","8","2028","37.94","98%","-0.1%"
"*041am*","Lucas Erceg","KC","RP","RUM","Active","29","10","2nd","37.94","88%","-0.9%"
"*03bin*","Nestor Cortes Jr.","MIL","SP","LRB","Active","30","6","2026","37.76","87%","-1.4%"
"*02mw6*","Corey Seager","TEX","SS","MFR","Active","30","51","1st","37.76","100%","0%"
"*025he*","George Springer","TOR","OF","CFL","Active","35","18","1st","37.59","90%","-1.4%"
"*04qk8*","CJ Abrams","WSH","SS","RR","Active","24","30","4th","37.35","99%","-0.1%"
"*04azv*","Jake Burger","TEX","1B,3B","MFR","Active","28","6","2026","37.23","99%","-0.1%"
"*02w7p*","Alex Bregman","BOS","3B","RUM","Active","31","34","1st","36.84","99%","0%"
"*02bqh*","Trevor Story","BOS","SS","CFL","Active","32","6","2025","36.73","79%","-2.8%"
"*0648z*","Victor Scott","STL","OF","SML","Active","24","14","1st","36.56","57%","+0.7%"
"*04fhb*","Julio Rodriguez","SEA","OF","SHS","Active","24","30","4th","36.55","100%","0%"
"*03qjy*","Brandon Lowe","TB","2B","SML","Active","30","22","1st","36.41","90%","-1.3%"
"*04y44*","Josh Jung","TEX","3B","FLA","Active","27","8","3rd","36.36","91%","-1.9%"
"*04g7n*","Oswald Peraza","NYY","3B","MFR","Minors","24","8","3rd","36.19","12%","-4.3%"
"*03nri*","Lourdes Gurriel Jr.","ARI","OF","NJ","Active","31","3","2025","36.18","88%","-1.4%"
"*05m49*","Jung Hoo Lee","SF","OF","ISO","Active","26","14","1st","35.98","82%","-2.5%"
"*04auk*","Seranthony Dominguez","BAL","RP","SHS","Active","30","1","1st","35.57","21%","-2.3%"
"*05rat*","James Wood","WSH","OF","MCM","Active","22","10","2nd","35.43","100%","0%"
"*04b02*","Seiya Suzuki","CHC","OF","ISO","Active","30","26","2nd","35.27","99%","-0.2%"
"*05t64*","Felix Bautista","BAL","RP","LRB","Active","29","6","2028","35.19","99%","0%"
"*01vja*","Max Kepler","PHI","OF","MCM","Active","32","1","1st","35.18","34%","-1.2%"
"*02bsw*","Mike Clevinger","CHW","SP","CFL","Active","34","1","2nd","35.07","24%","+1.9%"
"*03di6*","Jordan Romano","PHI","RP","MFR","Active","31","19","1st","34.99","76%","-2.5%"
"*03pje*","Taylor Ward","LAA","OF","SHS","Active","31","24","1st","34.88","95%","-0.4%"
"*021jb*","Ryan Brasier","CHC","RP","KEN","Active","37","1","1st","34.88","5%","-1.6%"
"*04t3y*","Alejandro Kirk","TOR","C","TSN","Active","26","18","2nd","34.72","44%","-2.4%"
"*04ru7*","Miguel Vargas","CHW","3B,OF","CFL","Active","25","8","3rd","34.71","37%","+1.2%"
"*05t6u*","Beau Brieske","DET","SP,RP","LRB","Active","26","5","1st","34.56","27%","+4.1%"
"*0374m*","Tyler Rogers","SF","RP","WEQ","Active","34","7","1st","34.56","31%","-3%"
"*04071*","Isaac Paredes","HOU","3B","YRK","Active","26","6","2028","34.22","98%","-0.2%"
"*04en7*","Garrett Mitchell","MIL","OF","ROX","Active","26","10","2nd","34","77%","-4.1%"
"*050ok*","Yennier Cano","BAL","RP","SHS","Active","31","5","1st","33.9","45%","-4.6%"
"*04ekf*","Calvin Faucher","MIA","RP","SML","Active","29","5","2nd","33.9","34%","-2.6%"
"*02c5l*","Luke Weaver","NYY","RP","TSN","Active","31","5","2nd","33.9","80%","-1.6%"
"*05gbf*","Jordan Walker","STL","OF","FLA","Active","22","10","3rd","33.82","73%","-6.6%"
"*04pkr*","Nico Hoerner","CHC","2B","CFL","Active","27","14","2025","33.48","95%","-1.3%"
"*02mzg*","Max Muncy","LAD","3B","SML","Active","34","33","1st","33.32","97%","-0.1%"
"*04pbp*","Christopher Morel","TB","2B,3B,OF","YRK","Active","25","10","2026","33.32","91%","-1%"
"*04355*","Yordan Alvarez","HOU","OF","YRK","Active","27","30","6th","33.3","100%","0%"
"*05m1e*","Jackson Chourio","MIL","OF","SML","Active","21","10","2nd","32.85","100%","0%"
"*03btm*","Jose Alvarado","PHI","RP","FLA","Active","29","5","2025","32.78","39%","+6.1%"
"*04mrn*","Bo Naylor","CLE","C","CFL","Active","25","8","3rd","32.66","43%","-5.9%"
"*05tc7*","Ryan Bliss","SEA","2B","ISO","Active","25","5","1st","32.53","21%","-2%"
"*0414g*","Luis Garcia Jr.","WSH","2B","ISO","Active","24","7","2nd","32.44","97%","-0.2%"
"*04nx3*","Jonathan India","KC","2B,3B,OF","CFL","Active","28","19","1st","32.41","95%","-0.6%"
"*0317q*","Griffin Jax","MIN","RP","ISO","Active","30","6","1st","32.38","73%","-4%"
"*04mra*","Ezequiel Tovar","COL","SS","MFR","Active","23","6","2025","32.35","98%","-0.5%"
"*025i9*","J.T. Realmuto","PHI","C","MFR","Active","34","19","1st","32.1","95%","-0.8%"
"*02bq2*","Brandon Nimmo","NYM","OF","ECH","Active","32","6","2025","31.98","98%","0%"
"*05t9v*","Jonathan Aranda","TB","1B","ECH","Active","26","8","1st","31.86","54%","-6%"
"*051b4*","Jordan Beck","COL","OF","RUM","Active","23","1","1st","31.61","28%","-5.2%"
"*06fqx*","Seth Halvorsen","COL","RP","KEN","Active","25","5","1st","31.29","31%","-4.5%"
"*01uc9*","Nick Castellanos","PHI","OF","LIL","Active","33","17","1st","31.24","98%","-0.3%"
"*03ann*","Jeff Hoffman","TOR","RP","RUM","Active","32","5","2026","31.08","92%","-0.7%"
"*03zcy*","Mark Vientos","NYM","3B","WEQ","Active","25","10","2nd","30.86","99%","0%"
"*03fhx*","Elias Diaz","SD","C","YRK","Active","34","1","1st","30.8","11%","-0.7%"
"*045gu*","TJ Friedl","CIN","OF","MFR","Active","29","8","2025","30.39","73%","-2.7%"
"*03d6s*","Matt Chapman","SF","3B","CFL","Active","31","23","2nd","30.15","99%","0%"
"*025dn*","Christian Yelich","MIL","OF","FLA","Active","33","26","2026","29.97","99%","-0.1%"
"*02my5*","Edwin Diaz","NYM","RP","LEX","Active","31","1","2027","29.96","99%","0%"
"*05143*","Hunter Gaddis","CLE","RP","LRB","Active","26","7","2nd","29.93","40%","-5.1%"
"*01cfr*","Carlos Santana","CLE","1B","KEN","Active","38","1","2026","29.89","57%","-2.7%"
"*041pz*","Pete Alonso","NYM","1B","RR","Active","30","30","6th","29.77","100%","0%"
"*0513c*","Joey Ortiz","MIL","3B,SS","RUM","Active","26","8","2025","29.72","69%","-3.5%"
"*04my4*","Cal Raleigh","SEA","C","RUM","Active","28","13","2025","29.59","100%","0%"
"*02mxf*","Carson Kelly","CHC","C","RR","Active","30","15","1st","29.39","8%","-0.2%"
"*0310z*","J.P. Crawford","SEA","SS","LEX","Active","30","1","1st","29.07","34%","-4.5%"
"*03de9*","Rhys Hoskins","MIL","1B","LEX","Active","32","3","2025","28.79","88%","-1.1%"
"*02bu9*","Marcus Semien","TEX","2B","LRB","Active","34","25","1st","28.76","100%","0%"
"*0524l*","Yainer Diaz","HOU","C","SML","Active","26","12","2025","28.66","99%","0%"
"*06491*","Orion Kerkering","PHI","RP","SML","Active","23","2","2nd","28.42","59%","-5.7%"
"*04y11*","Luis Matos","SF","OF","CFL","Minors","23","10","3rd","27.97","19%","-4.6%"
"*060eu*","Ben Joyce","LAA","RP","LIL","Active","24","8","2nd","27.7","74%","-4.8%"
"*05y2k*","Mason Montgomery","TB","RP","YRK","Active","24","6","1st","27.65","29%","-3.1%"
"*0512q*","Justin Slaten","BOS","RP","MCM","Active","27","5","1st","27.59","38%","+4.8%"
"*04aee*","Jo Adell","LAA","OF","SHS","Active","25","7","1st","27.58","55%","-5.8%"
"*0510z*","Korey Lee","CHW","C","RR","Active","26","12","1st","27.46","9%","-1.4%"
"*04emt*","Jake Meyers","HOU","OF","LEX","Active","28","5","1st","27.45","20%","-2.8%"
"*031bl*","Kyle Finnegan","WSH","RP","NJ","Active","33","7","1st","27","73%","-2.1%"
"*0630d*","Drake Baldwin","ATL","C","MCM","Active","24","10","1st","26.9","54%","-5.1%"
"*04yuu*","Patrick Bailey","SF","C","FLA","Active","25","5","2025","26.76","33%","-5%"
"*05yaf*","Jacob Young","WSH","OF","FLA","Active","25","8","1st","26.73","46%","-6.4%"
"*05139*","Michael Massey","KC","2B","TSN","Active","27","1","1st","26.7","29%","-4.4%"
"*050c3*","Jasson Dominguez","NYY","OF","SML","Active","22","10","2nd","26.63","99%","-0.3%"
"*01usr*","Kyle Higashioka","TEX","C","CFL","Active","34","5","2nd","26.62","15%","-1.8%"
"*04efi*","Connor Wong","BOS","C","SHS","Active","28","5","2nd","26.59","69%","-2.7%"
"*04apj*","Jhoan Duran","MIN","RP","YRK","Active","27","6","2027","26.14","98%","-0.2%"
"*03pjl*","Ryan Mountcastle","BAL","1B","LIL","Active","28","14","1st","26.1","82%","-3.3%"
"*031cd*","Mitch Garver","SEA","C","ISO","Active","34","9","1st","26.06","22%","-3.6%"
"*03avk*","Luis Rengifo","LAA","2B,3B","YRK","Active","28","5","2026","26.03","85%","-2.3%"
"*02buh*","Scott Barlow","CIN","RP","CFL","Active","32","1","1st","25.92","13%","+1.4%"
"*0319c*","Mark Leiter Jr.","NYY","RP","NJ","Active","34","5","1st","25.92","15%","-0.2%"
"*05ojj*","Matt Mervis","MIA","1B","NJ","Active","26","8","1st","25.89","18%","-5.1%"
"*032gq*","Rowdy Tellez","SEA","1B","LIL","Active","30","5","1st","25.71","7%","+0.2%"
"*030x2*","Jose Leclerc","ATH","RP","RUM","Active","31","5","1st","25.7","13%","-2.8%"
"*01c1g*","Andrew McCutchen","PIT","UT","KEN","Active","38","5","1st","25.66","19%","-2.7%"
"*03c65*","Victor Robles","SEA","OF","LRB","Active","27","5","2nd","25.6","82%","-2%"
"*031dw*","Mike Yastrzemski","SF","OF","MFR","Active","34","5","1st","25.38","24%","-2.8%"
"*02i11*","Jorge Soler","LAA","OF,UT","CFL","Active","33","3","2026","25.33","89%","-1.1%"
"*03dei*","Lane Thomas","CLE","OF","ROX","Active","29","6","2026","25.16","94%","-0.6%"
"*05tuw*","Trey Sweeney","DET","SS","NJ","Active","24","5","2nd","24.85","35%","-6.3%"
"*04naz*","Tyler Holton","DET","SP,RP","MCM","Active","28","8","2nd","24.43","45%","-2.5%"
"*060jo*","Cam Smith","HOU","3B,OF","SML","Active","22","10","1st","24.42","78%","+4.2%"
"*05yo5*","Ben Rice","NYY","1B","ECH","Active","26","2","1st","24.26","44%","-1.3%"
"*041q6*","Nolan Jones","CLE","OF","RR","Active","26","5","2nd","24.01","73%","-7%"
"*03d6p*","Grant Holmes","ATL","SP,RP","LIL","Active","29","7","1st","23.83","76%","-0.7%"
"*041ts*","Luke Raley","SEA","1B,OF","SHS","Active","30","8","1st","23.37","56%","-3.7%"
"*04q5b*","Jonah Bride","MIA","1B,3B","WEQ","Active","29","1","1st","23.23","22%","-1.7%"
"*0313t*","Tyler Kinley","COL","RP","ECH","Active","34","5","2nd","23.21","12%","-1.6%"
"*05jr0*","Alec Burleson","STL","OF","KEN","Active","26","12","1st","23.16","89%","-2.2%"
"*0310c*","Hunter Harvey","KC","RP","MFR","Active","30","5","2025","23.1","19%","-3.9%"
"*02nax*","Matt Strahm","PHI","RP","CFL","Active","33","1","2nd","23.1","34%","-5.4%"
"*02mw3*","Christian Walker","HOU","1B","YRK","Active","34","6","2027","22.9","99%","-0.1%"
"*02mwg*","Jesse Winker","NYM","OF","SML","Active","31","1","1st","22.72","31%","-5.3%"
"*01s9k*","Starling Marte","NYM","OF","SHS","Active","36","5","1st","22.32","29%","-4.8%"
"*0596e*","Dylan Crews","WSH","OF","ISO","Minors","23","10","1st","21.89","99%","-0.2%"
"*061yt*","Alan Roden","TOR","OF","YRK","Active","25","8","1st","21.75","34%","-2.9%"
"*03yrz*","William Contreras","MIL","C","LRB","Active","27","30","4th","21.75","100%","0%"
"*04pmu*","Ryan Jeffers","MIN","C","MCM","Active","27","5","2027","21.75","65%","-4.1%"
"*026qc*","Joc Pederson","TEX","UT","LEX","Active","32","6","2025","21.72","73%","-3.6%"
"*041qh*","Jose Miranda","MIN","3B","ROX","Active","26","15","4th","21.68","41%","-5.8%"
"*0529l*","Endy Rodriguez","PIT","C,1B","ISO","Active","24","1","1st","21.34","27%","-4.8%"
"*047l7*","Luis Robert Jr.","CHW","OF","SHS","Active","27","20","5th","21.07","99%","0%"
"*041ai*","Gavin Lux","CIN","2B,OF","WEQ","Active","27","9","1st","21.04","58%","-3.3%"
"*05yj1*","Nolan Schanuel","LAA","1B","WEQ","Active","23","4","1st","20.61","66%","-5.2%"
"*04eig*","Jose Caballero","TB","2B,3B,SS,OF","LIL","Active","28","5","2nd","20.55","69%","-3.3%"
"*03whq*","Ty France","MIN","1B","WEQ","Active","30","5","1st","20.4","26%","-2.3%"
"*042no*","Oswaldo Cabrera","NYY","1B,3B,OF","TSN","Active","26","5","2nd","20.38","21%","-1.6%"
"*04de1*","Triston Casas","BOS","1B","RR","Active","25","8","3rd","20.18","99%","-0.1%"
"*03m6o*","Yandy Diaz","TB","1B","ISO","Active","33","20","1st","20.18","92%","-1%"
"*0312h*","Kyle Farmer","COL","2B,3B","ECH","Active","34","5","1st","20","6%","-0.6%"
"*05131*","Tyler Fitzgerald","SF","2B,SS","LRB","Active","27","10","2nd","19.74","78%","-3.9%"
"*0423e*","Anthony Bender","MIA","RP","WEQ","Active","30","2","1st","19.71","6%","-0.9%"
"*05acp*","Justin Martinez","ARI","RP","LRB","Active","23","5","2nd","19.71","86%","-1.1%"
"*03qml*","Dylan Moore","SEA","1B,2B,3B,SS,OF","MFR","Active","32","7","1st","19.68","56%","-5.1%"
"*03atq*","Willy Adames","SF","SS","LIL","Active","29","22","2nd","19.53","99%","0%"
"*0513l*","Brenton Doyle","COL","OF","ECH","Active","26","9","2nd","19.51","99%","0%"
"*04q5s*","Ryan Fernandez","STL","RP","RR","Active","26","1","1st","19.32","11%","-2.1%"
"*02i1q*","Orlando Arcia","ATL","SS","LIL","Active","30","1","1st","19.31","30%","-4%"
"*0596f*","Heston Kjerstad","BAL","OF","RUM","Active","26","8","2nd","19.09","57%","-9.7%"
"*05jrh*","Colt Keith","DET","1B,2B","LRB","Active","23","8","2nd","18.79","85%","-3.9%"
"*04z6k*","Luisangel Acuna","NYM","2B,SS","TSN","Minors","23","8","1st","18.59","55%","-8.1%"
"*051em*","Kerry Carpenter","DET","OF","ROX","Active","27","5","2026","18.41","95%","-1%"
"*026lz*","Josh Bell","WSH","1B","KEN","Active","32","7","2nd","18.3","47%","-4.9%"
"*03qyv*","Jake McCarthy","ARI","OF","KEN","Active","27","14","1st","18.26","77%","-3.9%"
"*01s8u*","Mike Trout","LAA","OF","FLA","Active","33","43","1st","17.91","99%","0%"
"*030uc*","Rafael Devers","BOS","3B","TSN","Active","28","50","1st","17.73","100%","0%"
"*04ok3*","Michael Toglia","COL","1B","KEN","Active","26","6","2nd","17.51","93%","-0.7%"
"*041ah*","Josh Lowe","TB","OF","RUM","Active","27","15","4th","17.44","92%","-1.7%"
"*031el*","Danny Jansen","TB","C","WEQ","Active","29","6","2026","17.38","23%","-4.1%"
"*02611*","Francisco Lindor","NYM","SS","WEQ","Active","31","50","1st","17.2","100%","0%"
"*04yrs*","Jhonkensy Noel","CLE","OF,UT","LIL","Active","23","6","1st","16.89","48%","-6.4%"
"*0512v*","Michael Harris II","ATL","OF","LRB","Active","24","15","4th","16.79","100%","-0.1%"
"*03mew*","Luis Arraez","SD","1B,2B","RR","Active","27","6","2025","16.68","98%","-0.1%"
"*03aru*","Joel Payamps","MIL","RP","NJ","Active","30","2","1st","16.66","34%","-5%"
"*05lo5*","Freddy Fermin","KC","C","TSN","Active","29","5","2nd","16.63","15%","-3.8%"
"*0515v*","David Hamilton","BOS","2B,SS","KEN","Active","27","5","2nd","16.63","34%","-5.1%"
"*01ub6*","Jose Ramirez","CLE","3B","YRK","Active","32","57","1st","16.59","100%","0%"
"*04sxv*","Jose Tena","WSH","3B","ROX","Active","24","1","1st","16.01","14%","-5.4%"
"*05gsi*","Ceddanne Rafaela","BOS","SS,OF","WEQ","Active","24","17","1st","15.97","88%","-3.4%"
"*01t9q*","Gary Sanchez","BAL","C","MFR","Active","32","1","1st","15.97","7%","-1.8%"
"*062z3*","Brooks Baldwin","CHW","2B,SS,OF","RUM","Active","24","5","1st","15.79","10%","-2.6%"
"*03qkh*","Paul DeJong","WSH","3B,SS","FLA","Active","31","1","2nd","15.18","18%","-1.8%"
"*05gwy*","Masyn Winn","STL","SS","MCM","Active","23","8","2nd","15.18","93%","-2.3%"
"*04o78*","Matt Wallner","MIN","OF","FLA","Active","27","5","2nd","14.83","74%","-3.2%"
"*02c68*","Trea Turner","PHI","SS","MCM","Active","31","36","1st","14.48","100%","0%"
"*01lum*","Justin Turner","CHC","1B","TSN","Active","40","1","1st","13.95","18%","-3.2%"
"*04yib*","Brett Baty","NYM","2B,3B","LIL","Active","25","2","1st","13.68","44%","-2.2%"
"*01ubo*","Kris Bryant","COL","UT","SML","Active","33","5","1st","13.68","24%","-5%"
"*02i2k*","Byron Buxton","MIN","OF","TSN","Active","31","16","2nd","13.68","93%","-1.1%"
"*03oh0*","Willson Contreras","STL","C,1B","LEX","Active","32","24","2nd","13.68","99%","0%"
"*02i2q*","Carlos Correa","MIN","SS","SML","Active","30","25","1st","13.68","95%","-1%"
"*03bud*","Bryan De La Cruz","ATL","OF","ROX","Active","28","1","1st","13.68","26%","-5.5%"
"*0641c*","Zach Dezenzo","HOU","1B,OF","ISO","Active","24","6","1st","13.68","26%","-6.1%"
"*0518b*","Oliver Dunn","MIL","1B,3B","MCM","Active","27","1","1st","13.68","6%","-1%"
"*04ent*","J.C. Escarra","NYY","C,1B","SML","Active","29","1","1st","13.68","4%","-0.7%"
"*041qd*","Jake Fraley","CIN","OF","WEQ","Active","29","2","1st","13.68","25%","-4.7%"
"*04prc*","Brandon Lockridge","SD","OF","MCM","Active","28","5","1st","13.68","4%","+1.8%"
"*05ahe*","Curtis Mead","TB","1B,2B","NJ","Minors","24","8","1st","13.68","37%","-4.9%"
"*04eey*","MJ Melendez","KC","OF,UT","LEX","Active","26","2","1st","13.68","34%","-6.1%"
"*03022*","Hunter Renfroe","KC","OF","KEN","Active","33","1","1st","13.68","15%","-2.5%"
"*052ru*","Josh Smith","TEX","3B,SS","SHS","Active","27","3","1st","13.68","48%","-5.4%"
"*0512e*","Spencer Steer","CIN","1B,OF","LRB","Active","27","8","3rd","13.68","98%","-0.3%"
"*042af*","Enmanuel Valdez","PIT","2B,OF","ECH","Minors","26","6","2nd","13.68","3%","-0.8%"
"*04si2*","Andrew Vaughn","CHW","1B","RR","Active","26","15","5th","13.68","62%","-5.4%"
"*03qo2*","LaMonte Wade Jr.","SF","1B","ROX","Active","31","1","1st","13.68","28%","-4.6%"
"*05g4k*","Mick Abel","PHI","SP","SML","Minors","23","8","1st","0","26%","-6.4%"
"*03wha*","Ronald Acuna Jr.","ATL","OF","SML","Inj Res","27","44","1st","0","99%","-0.1%"
"*04pkp*","Jordyn Adams","BAL","OF","RUM","Minors","25","10","1st","0","3%","-1%"
"*04qow*","Kevin Alcantara","CHC","OF","SML","Minors","22","10","1st","0","36%","-7.9%"
"*04pvs*","Blaze Alexander","ARI","SS","LRB","Minors","25","6","1st","0","8%","-2.5%"
"*04qnc*","Francisco Alvarez","NYM","C","KEN","Inj Res","23","8","3rd","0","76%","-6.6%"
"*064da*","Nacho Alvarez","ATL","2B","LIL","Inj Res","21","8","2nd","0","18%","-5.6%"
"*04ysv*","Adael Amador","COL","2B","KEN","Minors","21","8","1st","0","35%","-8.5%"
"*05u9z*","Roman Anthony","BOS","OF","CFL","Minors","20","10","1st","0","90%","-3%"
"*066mw*","Rayner Arias","SF","OF","SML","Minors","18","8","1st","0","12%","-3.7%"
"*05gec*","Roderick Arias","NYY","2B,SS","LRB","Minors","20","8","1st","0","20%","-5.7%"
"*05rcj*","Edwin Arroyo","CIN","SS","MFR","Minors","21","8","1st","0","23%","-6.6%"
"*04ew7*","Aaron Ashby","MIL","RP","TSN","Inj Res","26","1","1st","0","19%","-5.1%"
"*05rbs*","Moises Ballesteros","CHC","C","MFR","Minors","21","8","1st","0","34%","-9.1%"
"*05rbv*","Samuel Basallo","BAL","C,1B","NJ","Minors","20","10","1st","0","55%","-7.9%"
"*02c2h*","Chris Bassitt","TOR","SP","SHS","Active","36","7","1st","0","85%","+0.2%"
"*04cwf*","Shane Baz","TB","SP","ECH","Active","25","8","2nd","0","97%","-0.5%"
"*05zde*","Travis Bazzana","CLE","2B","NJ","Minors","22","10","1st","0","58%","-6.7%"
"*04t40*","Brayan Bello","BOS","SP","KEN","Active","25","4","1st","0","80%","-3.4%"
"*06icc*","Eduardo Beltre","MIN","OF","NJ","Minors","18","8","1st","0","13%","-3.6%"
"*06aly*","Carson Benge","NYM","OF","TSN","Minors","22","8","1st","0","24%","-6.9%"
"*05t5m*","Jacob Berry","MIA","3B,OF","RR","Minors","23","8","1st","0","10%","-2.8%"
"*05y23*","Tanner Bibee","CLE","SP","MCM","Active","26","8","2027","0","100%","-0.1%"
"*041rf*","Shane Bieber","CLE","SP","FLA","Inj Res","29","3","1st","0","68%","-5.1%"
"*06650*","Hayden Birdsong","SF","SP","LIL","Active","23","8","2nd","0","64%","-6%"
"*04267*","Hunter Bishop","SF","OF","MFR","Minors","26","8","1st","0","3%","-0.5%"
"*05u2u*","Tyler Black","MIL","UT","NJ","Minors","24","8","1st","0","31%","-9%"
"*04ydi*","Ronel Blanco","HOU","SP","ECH","Active","31","15","2nd","0","97%","-0.3%"
"*05m1c*","Miguel Bleis","BOS","OF","LEX","Minors","21","8","1st","0","17%","-5.2%"
"*02n4s*","Matthew Boyd","CHC","SP","SHS","Active","34","6","1st","0","60%","-2.5%"
"*05jre*","Enrique Bradfield Jr.","BAL","OF","LIL","Minors","23","8","1st","0","25%","-6.7%"
"*0514o*","Cody Bradford","TEX","SP","LEX","Active","27","2","1st","0","49%","-9.8%"
"*04pq4*","Kyle Bradish","BAL","SP","LIL","Inj Res","28","6","2025","0","42%","-6.9%"
"*04pr8*","Taj Bradley","TB","SP","ROX","Active","24","10","3rd","0","98%","-0.1%"
"*04pmb*","Kris Bubic","KC","RP","ISO","Active","27","1","1st","0","56%","+2.2%"
"*041rd*","Corbin Burnes","ARI","SP","LIL","Active","30","41","2025","0","100%","0%"
"*05rb3*","Chase Burns","CIN","SP","CFL","Minors","22","10","1st","0","50%","-7.1%"
"*05u9q*","Jac Caglianone","KC","1B","LIL","Minors","22","10","1st","0","57%","-6.1%"
"*05jsg*","Owen Caissie","CHC","OF","ISO","Minors","22","8","1st","0","39%","-9.1%"
"*062e0*","Cam Caminiti","ATL","SP","ECH","Minors","18","8","1st","0","32%","-7.3%"
"*04p0h*","Diego Cartaya","MIN","C","FLA","Minors","23","8","1st","0","14%","-3.9%"
"*05mdt*","Evan Carter","TEX","OF","WEQ","Minors","22","10","2nd","0","79%","-8.3%"
"*05gef*","Cade Cavalli","WSH","SP","SHS","Inj Res","26","8","1st","0","29%","-7.1%"
"*05mx9*","Felnin Celesten","SEA","SS","NJ","Minors","19","8","1st","0","33%","-8%"
"*05rik*","Bubba Chandler","PIT","SP","LIL","Minors","22","8","1st","0","81%","-3.9%"
"*05yix*","Jaison Chourio","CLE","OF","YRK","Minors","19","8","1st","0","35%","-7.8%"
"*041qr*","Aaron Civale","MIL","SP","CFL","Active","29","1","1st","0","67%","-3.6%"
"*05u9y*","Max Clark","DET","OF","MCM","Minors","20","10","1st","0","49%","-7.4%"
"*05ge1*","Ryan Clifford","NYM","1B,OF","TSN","Minors","21","8","1st","0","23%","-6.4%"
"*01spo*","Gerrit Cole","NYY","SP","ISO","Inj Res","34","13","1st","0","67%","-9.5%"
"*05u1y*","Cam Collier","CIN","3B","MCM","Minors","20","8","1st","0","33%","-8%"
"*06alk*","Charlie Condon","COL","OF","ECH","Minors","21","10","1st","0","45%","-8.1%"
"*05y30*","Justin Crawford","PHI","OF","MFR","Minors","21","8","1st","0","35%","-7.4%"
"*04ep8*","Kutter Crawford","BOS","SP","RUM","Active","28","5","2025","0","55%","-9.1%"
"*05tcd*","Gavin Cross","KC","OF","MCM","Minors","24","8","1st","0","18%","-5.4%"
"*05ym7*","Fernando Cruz","NYY","RP","NJ","Active","35","1","1st","0","21%","-3.2%"
"*01s99*","Travis d'Arnaud","LAA","C","SHS","Active","36","3","1st","0","15%","-3.5%"
"*01c5l*","Yu Darvish","SD","SP","KEN","Inj Res","38","4","1st","0","80%","-5.6%"
"*04pmv*","Brennen Davis","NYY","UT","RUM","Minors","25","10","1st","0","8%","-2.3%"
"*05oxc*","Henry Davis","PIT","C","WEQ","Minors","25","10","3rd","0","21%","-6.5%"
"*061zv*","Josue De Paula","LAD","OF","MCM","Minors","19","8","1st","0","40%","-8.3%"
"*067yc*","Leodalis De Vries","SD","SS","NJ","Minors","18","8","1st","0","45%","-7.8%"
"*02hjp*","Jacob deGrom","TEX","SP","SML","Active","36","1","2nd","0","99%","-0.2%"
"*05jn0*","Adrian Del Castillo","ARI","C","KEN","Minors","25","10","1st","0","27%","-8.1%"
"*05uei*","Chase DeLauter","CLE","OF","LRB","Minors","23","10","1st","0","50%","-9.4%"
"*0596g*","Reid Detmers","LAA","SP","CFL","Active","25","1","1st","0","50%","-8.9%"
"*03qqf*","Alexis Diaz","CIN","RP","LEX","Inj Res","28","6","2028","0","88%","-4.3%"
"*06agh*","Yilber Diaz","ARI","SP","ROX","Minors","24","5","2nd","0","20%","-6.1%"
"*05uy4*","Dylan Dodd","ATL","RP","LRB","Minors","26","8","1st","0","3%","-0.9%"
"*05yj0*","Chase Dollander","COL","SP","LIL","Minors","23","8","1st","0","51%","-8.3%"
"*04k0w*","Camilo Doval","SF","RP","FLA","Active","27","4","1st","0","49%","-6.6%"
"*06626*","Alfredo Duno","CIN","C","CFL","Minors","19","8","1st","0","15%","-4.6%"
"*05jp9*","Bryce Elder","ATL","SP","LIL","Minors","25","7","2025","0","11%","-2.6%"
"*05u96*","Bryce Eldridge","SF","1B","KEN","Minors","20","8","1st","0","50%","-8.7%"
"*060ub*","Colt Emerson","SEA","SS","YRK","Minors","19","8","1st","0","43%","-8.1%"
"*04ya2*","Daniel Espino","CLE","SP","CFL","Minors","24","10","1st","0","22%","-5.5%"
"*03aay*","Thairo Estrada","COL","2B","WEQ","Inj Res","29","10","2026","0","43%","-11.3%"
"*05g3k*","Yanquiel Fernandez","COL","OF","SML","Minors","22","8","1st","0","21%","-6.6%"
"*05rav*","Richard Fitts","BOS","SP","KEN","Active","25","1","1st","0","42%","+2.5%"
"*04aoq*","Jason Foley","DET","RP","ROX","Active","29","1","2nd","0","59%","-10.2%"
"*05raw*","Harry Ford","SEA","C","ROX","Minors","22","10","1st","0","34%","-8%"
"*0421k*","Bowden Francis","TOR","SP,RP","YRK","Active","28","6","2nd","0","94%","-0.4%"
"*05xu1*","Alex Freeland","LAD","SS","SML","Minors","23","8","1st","0","25%","-6.5%"
"*04psr*","David Fry","CLE","C,1B,OF","RR","Inj Res","29","6","2nd","0","28%","-6.3%"
"*04ni3*","Luis Garcia","HOU","SP","MFR","Inj Res","28","11","2026","0","36%","-10.7%"
"*05u6r*","Robert Gasser","MIL","SP","NJ","Active","25","8","1st","0","24%","-6.7%"
"*05ub0*","Zack Gelof","ATH","2B","ISO","Inj Res","25","4","1st","0","69%","-10%"
"*05r5e*","Angel Genao","CLE","SS","SML","Minors","20","8","1st","0","25%","-6.4%"
"*04s1h*","Luis Gil","NYY","SP","YRK","Inj Res","26","6","2nd","0","80%","-5.7%"
"*05xu0*","Drew Gilbert","NYM","OF","WEQ","Minors","24","8","1st","0","28%","-7.7%"
"*02i37*","Lucas Giolito","BOS","SP","RUM","Active","30","1","1st","0","58%","-5.4%"
"*02btx*","Tyler Glasnow","LAD","SP","ROX","Active","31","50","2nd","0","100%","0%"
"*04ai4*","Nolan Gorman","STL","2B","KEN","Active","24","15","4th","0","64%","-9.1%"
"*05wxw*","Gordon Graceffo","STL","SP,RP","ROX","Minors","25","8","1st","0","11%","-3.3%"
"*05oek*","Elijah Green","WSH","OF","FLA","Minors","21","10","1st","0","18%","-5%"
"*05u3u*","Konnor Griffin","PIT","SS","FLA","Minors","18","10","1st","0","40%","-8.1%"
"*03ysp*","Jay Groome","SD","SP","RR","Minors","26","10","1st","0","3%","-0.6%"
"*05yh3*","Chase Hampton","NYY","SP","TSN","Minors","23","8","1st","0","17%","-5.2%"
"*0510l*","Emerson Hancock","SEA","SP","TSN","Active","25","5","1st","0","26%","-2.3%"
"*05js3*","Kyle Harrison","SF","SP","LIL","Minors","23","10","2nd","0","58%","-11%"
"*05gbe*","Robert Hassell","WSH","OF","KEN","Minors","23","10","1st","0","23%","-6.2%"
"*02mv0*","Andrew Heaney","PIT","SP","KEN","Active","33","1","2nd","0","49%","-0.4%"
"*05jpx*","Tink Hence","STL","SP","FLA","Minors","22","8","1st","0","42%","-8.3%"
"*050w9*","Gunnar Henderson","BAL","SS","ROX","Active","23","8","3rd","0","100%","-0.1%"
"*01ub8*","Liam Hendriks","BOS","RP","SHS","Inj Res","36","7","1st","0","46%","-8.1%"
"*0516h*","DJ Herz","WSH","SP","KEN","Inj Res","24","9","2nd","0","50%","-14.3%"
"*03vcw*","Jordan Hicks","SF","SP","ISO","Active","28","5","1st","0","38%","-5.7%"
"*06eyu*","Zyhir Hope","LAD","OF","YRK","Minors","20","8","1st","0","37%","-8.1%"
"*05gww*","Cade Horton","CHC","SP","SHS","Minors","23","8","1st","0","46%","-8.2%"
"*051ia*","Spencer Horwitz","PIT","1B,2B","SHS","Inj Res","27","7","1st","0","55%","-7.7%"
"*059bx*","Brady House","WSH","3B","KEN","Minors","21","10","1st","0","39%","-9.1%"
"*03aqv*","Raisel Iglesias","ATL","RP","ECH","Active","35","38","1st","0","99%","0%"
"*062pp*","Xavier Isaac","TB","1B","WEQ","Minors","21","8","1st","0","41%","-8.7%"
"*045kb*","Cristian Javier","HOU","SP","WEQ","Inj Res","28","12","2026","0","33%","-6.7%"
"*05u3v*","Walker Jenkins","MIN","OF","KEN","Minors","20","10","1st","0","54%","-7.1%"
"*05rb0*","Jackson Jobe","DET","RP","RR","Active","22","10","1st","0","97%","-0.8%"
"*05rc5*","Termarr Johnson","PIT","2B,SS","LRB","Minors","20","10","1st","0","36%","-8.2%"
"*05tdk*","Druw Jones","ARI","OF","SML","Minors","21","10","1st","0","35%","-7.4%"
"*05h2u*","Jared Jones","PIT","SP","YRK","Inj Res","23","8","2nd","0","94%","-3%"
"*04yi8*","Spencer Jones","NYY","OF","LRB","Minors","23","8","1st","0","44%","-8.5%"
"*051dl*","Edouard Julien","MIN","2B","ROX","Active","25","1","1st","0","30%","-6.1%"
"*05tzg*","Jace Jung","DET","3B","MCM","Minors","24","8","1st","0","42%","-9.9%"
"*05zh9*","Luke Keaschall","MIN","2B","YRK","Minors","22","10","1st","0","36%","-7.8%"
"*05ajg*","Ha-seong Kim","TB","SS","SHS","Inj Res","29","6","2026","0","57%","-8.2%"
"*04yie*","George Kirby","SEA","SP","RR","Active","27","30","4th","0","99%","-0.4%"
"*062k5*","Nick Kurtz","ATH","1B","KEN","Minors","22","10","1st","0","52%","-7.4%"
"*059qm*","Asa Lacy","KC","SP,RP","SHS","Minors","25","10","1st","0","5%","-1.2%"
"*05r1m*","Jordan Lawlar","ARI","SS","ISO","Minors","22","8","1st","0","65%","-7.7%"
"*04yig*","Brooks Lee","MIN","SS","RUM","Inj Res","24","10","2nd","0","46%","-9.4%"
"*05tdl*","Dylan Lesko","TB","SP","WEQ","Minors","21","8","1st","0","22%","-6%"
"*04aeb*","Royce Lewis","MIN","3B","YRK","Active","25","10","3rd","0","96%","-2.4%"
"*05r64*","Thayron Liranzo","DET","C,1B","CFL","Minors","21","8","1st","0","23%","-6.7%"
"*05xu8*","Tyler Locklear","SEA","1B","TSN","Minors","24","8","2nd","0","22%","-7.6%"
"*06b72*","George Lombard Jr.","NYY","SS","ECH","Minors","19","8","1st","0","28%","-6.3%"
"*02brf*","Jorge Lopez","WSH","RP","MFR","Active","32","1","1st","0","12%","-2.7%"
"*02hir*","Michael Lorenzen","KC","SP","LRB","Active","33","5","1st","0","29%","-2.9%"
"*061bo*","Rhett Lowder","CIN","SP","MCM","Inj Res","23","8","2nd","0","62%","-8.4%"
"*04ooy*","Marco Luciano","SF","2B,SS","KEN","Minors","23","8","1st","0","28%","-7.5%"
"*06ibv*","Jesus Made","MIL","SS","ISO","Minors","17","10","1st","0","42%","-8.2%"
"*02x0f*","Sean Manaea","NYM","SP","WEQ","Inj Res","33","2","1st","0","90%","-2.3%"
"*04erc*","Ron Marinaccio","SD","RP","MFR","Minors","29","5","2025","0","1%","-0.5%"
"*04qnd*","Noelvi Marte","CIN","3B","YRK","Minors","23","10","2nd","0","49%","-9.9%"
"*02c4q*","Nick Martinez","CIN","SP,RP","ISO","Active","34","1","1st","0","81%","+0.9%"
"*04mms*","Orelvis Martinez","TOR","2B","ISO","Minors","23","8","1st","0","38%","-9.2%"
"*060gd*","Quinn Mathews","STL","SP","CFL","Minors","24","8","1st","0","55%","-7.6%"
"*066cf*","Zebby Matthews","MIN","SP","NJ","Minors","24","13","2nd","0","50%","-7%"
"*04fyo*","Ronny Mauricio","NYM","2B","TSN","Inj Res","23","10","1st","0","35%","-8%"
"*041r5*","Dustin May","LAD","SP","ECH","Active","27","3","1st","0","79%","-0.6%"
"*05r9j*","Marcelo Mayer","BOS","SS","ROX","Minors","22","10","1st","0","57%","-5.9%"
"*05js5*","Coby Mayo","BAL","3B","MCM","Minors","23","8","1st","0","68%","-9.4%"
"*04mlt*","Shane McClanahan","TB","SP","LEX","Inj Res","27","16","1st","0","98%","-0.6%"
"*026l1*","Lance McCullers Jr.","HOU","SP","LIL","Inj Res","31","6","2025","0","28%","-4.8%"
"*05yby*","Kevin McGonigle","DET","2B,SS","MCM","Minors","20","10","1st","0","39%","-7.6%"
"*05y7s*","Nolan McLean","NYM","UT,SP","CFL","Minors","23","8","1st","0","14%","-4.3%"
"*04pmn*","Parker Meadows","DET","OF","YRK","Inj Res","25","7","2nd","0","71%","-9.5%"
"*066cn*","Wade Meckler","SF","OF","MFR","Minors","24","6","2025","0","6%","-1.9%"
"*03dau*","Trevor Megill","MIL","RP","YRK","Active","31","12","2nd","0","88%","-0.4%"
"*061gx*","Jacob Melton","HOU","OF","ISO","Minors","24","8","1st","0","27%","-7.6%"
"*05a2d*","Max Meyer","MIA","SP","RR","Active","26","10","2nd","0","66%","-0.7%"
"*062yr*","Noble Meyer","MIA","SP","ISO","Minors","20","10","1st","0","34%","-7.6%"
"*05u36*","Aidan Miller","PHI","SS","NJ","Minors","20","8","1st","0","40%","-7.7%"
"*05gwz*","Bobby Miller","LAD","SP","LIL","Minors","25","10","3rd","0","55%","-9%"
"*061yu*","Jacob Misiorowski","MIL","SP,RP","LRB","Minors","22","10","1st","0","48%","-9.1%"
"*04mlf*","Casey Mize","DET","SP","MCM","Active","27","3","1st","0","64%","-0.5%"
"*02yg3*","Frankie Montas","NYM","SP","ROX","Active","32","1","1st","0","43%","-7.9%"
"*05rfc*","Lazaro Montes","SEA","OF","YRK","Minors","20","8","1st","0","41%","-8.5%"
"*05rcg*","Braden Montgomery","CHW","OF","WEQ","Minors","21","10","1st","0","36%","-8%"
"*05rch*","Colson Montgomery","CHW","SS","NJ","Minors","23","8","1st","0","47%","-9.1%"
"*06cq8*","Christian Moore","LAA","2B","WEQ","Minors","22","10","1st","0","52%","-9.1%"
"*06ibo*","Emil Morales","LAD","SS","ISO","Minors","18","8","1st","0","26%","-7.1%"
"*0662m*","Luis Morales","ATH","SP","WEQ","Minors","22","8","1st","0","18%","-5.2%"
"*03aoy*","Sean Murphy","ATL","C","RR","Inj Res","30","15","5th","0","61%","-5.5%"
"*041sz*","Tobias Myers","MIL","SP","LRB","Inj Res","26","6","2nd","0","72%","-6.6%"
"*05xu5*","Zach Neto","LAA","SS","YRK","Inj Res","24","14","2026","0","86%","-5.2%"
"*05y3p*","Arjun Nimmala","TOR","SS","FLA","Minors","19","8","1st","0","26%","-7%"
"*02i3o*","Aaron Nola","PHI","SP","KEN","Active","31","42","2nd","0","100%","0%"
"*05tce*","Connor Norby","MIA","3B","MCM","Active","24","8","2nd","0","78%","-8.1%"
"*0425t*","Bailey Ober","MIN","SP","ISO","Active","29","11","2025","0","99%","0%"
"*05uv5*","Abimelec Ortiz","TEX","1B","SML","Minors","23","8","1st","0","14%","-4.8%"
"*05xsq*","Luis Ortiz","CLE","SP,RP","RR","Active","26","1","1st","0","48%","-6.4%"
"*04psu*","James Outman","LAD","OF","LIL","Minors","27","8","2026","0","11%","-4%"
"*03qne*","Chris Paddack","MIN","SP","FLA","Active","29","6","1st","0","28%","+0.3%"
"*05r3i*","Andrew Painter","PHI","SP","SML","Minors","21","10","1st","0","76%","-5.7%"
"*05jrc*","Kevin Parada","NYM","C","NJ","Minors","23","8","1st","0","11%","-3.4%"
"*05jqy*","Mitchell Parker","WSH","SP","KEN","Active","25","5","1st","0","45%","-4.1%"
"*05aoc*","Eury Perez","MIA","SP","FLA","Inj Res","21","10","3rd","0","66%","-6.5%"
"*04an8*","Wenceel Perez","DET","OF,UT","MCM","Inj Res","25","10","2nd","0","15%","-4.7%"
"*04g1x*","David Peterson","NYM","SP","TSN","Active","29","5","2nd","0","69%","-1.4%"
"*03qto*","Evan Phillips","LAD","RP","SML","Active","30","6","2025","0","30%","-6.5%"
"*0316j*","Nick Pivetta","SD","SP","KEN","Active","32","1","2026","0","95%","-0.4%"
"*05xop*","Cade Povich","BAL","SP","WEQ","Active","24","1","1st","0","43%","-2.4%"
"*067xj*","Cooper Pratt","MIL","SS","CFL","Minors","20","8","1st","0","26%","-7%"
"*056j2*","Reginald Preciado","CHC","SS","LRB","Minors","21","8","1st","0","3%","-0.7%"
"*050vn*","Quinn Priester","BOS","SP","RR","Minors","24","5","2nd","0","16%","-5.5%"
"*03yso*","A.J. Puk","ARI","RP","ROX","Active","29","6","2025","0","78%","-3%"
"*05gss*","Jeferson Quero","MIL","C","MCM","Minors","22","8","1st","0","29%","-7.6%"
"*05yai*","Bryce Rainer","DET","SS","KEN","Minors","19","8","1st","0","32%","-7.8%"
"*04z6m*","Agustin Ramirez","MIA","C,1B","YRK","Minors","23","8","1st","0","36%","-8.6%"
"*059bs*","Bryan Ramos","CHW","3B","SHS","Inj Res","23","8","2nd","0","17%","-5.1%"
"*04eee*","Drew Rasmussen","TB","RP","CFL","Active","29","12","1st","0","81%","-0.2%"
"*025j1*","Robbie Ray","SF","SP","MFR","Active","33","11","2025","0","96%","-0.1%"
"*04azu*","Kumar Rocker","TEX","SP","TSN","Active","25","21","2nd","0","91%","-0.3%"
"*029si*","Eduardo Rodriguez","ARI","SP","SHS","Active","31","3","1st","0","64%","-2.1%"
"*054p6*","Emmanuel Rodriguez","MIN","OF","YRK","Minors","22","8","1st","0","48%","-8.5%"
"*04pko*","Grayson Rodriguez","BAL","SP","NJ","Inj Res","25","8","3rd","0","98%","-0.3%"
"*066o8*","Jeremy Rodriguez","NYM","SS","LEX","Minors","18","8","1st","0","6%","-2.1%"
"*02n3l*","Taylor Rogers","CIN","RP","WEQ","Active","34","1","1st","0","16%","-0.8%"
"*05y72*","Landen Roupp","SF","RP","ECH","Active","26","7","1st","0","39%","+0.4%"
"*05xtz*","Dalton Rushing","LAD","C,OF","LIL","Minors","24","8","1st","0","56%","-8.1%"
"*05ynx*","River Ryan","LAD","SP","LIL","Inj Res","26","8","2nd","0","24%","-6.8%"
"*05ybr*","Ethan Salas","SD","C","FLA","Minors","18","8","1st","0","43%","-7.8%"
"*052c8*","Cristopher Sanchez","PHI","SP","SML","Active","28","7","2025","0","99%","-0.1%"
"*03nru*","Jesus Sanchez","MIA","OF","ISO","Inj Res","27","4","1st","0","54%","-7.8%"
"*06ho7*","Paulino Santana","TEX","OF","YRK","Minors","18","8","1st","0","17%","-5.3%"
"*04ee7*","Clarke Schmidt","NYY","SP","LIL","Active","29","8","1st","0","87%","-2.9%"
"*05uc7*","Noah Schultz","CHW","SP","NJ","Minors","21","10","1st","0","55%","-7.7%"
"*05xpq*","Christian Scott","NYM","SP","TSN","Inj Res","25","8","2nd","0","27%","-7.1%"
"*04eld*","J.P. Sears","ATH","SP","MCM","Active","29","1","1st","0","47%","-2.3%"
"*04a2t*","Kodai Senga","NYM","SP","CFL","Active","32","25","1st","0","99%","0%"
"*0622w*","Chandler Simpson","TB","OF","NJ","Minors","24","10","1st","0","38%","-9%"
"*03pov*","Brady Singer","CIN","SP","FLA","Active","28","7","1st","0","93%","+0.3%"
"*05zd4*","Hagen Smith","CHW","SP","SML","Minors","21","10","1st","0","44%","-7.5%"
"*05uy5*","AJ Smith-Shawver","ATL","SP","LIL","Active","22","17","2025","0","66%","+1.4%"
"*061mh*","Robby Snelling","MIA","SP","KEN","Minors","21","8","1st","0","31%","-7.5%"
"*03pjf*","Mike Soroka","WSH","SP,RP","ROX","Active","27","1","1st","0","34%","-8.1%"
"*0515o*","Brandon Sproat","NYM","SP","CFL","Minors","24","10","1st","0","48%","-8.3%"
"*02j7h*","Jacob Stallings","COL","C","KEN","Active","35","5","1st","0","8%","-1.4%"
"*01cdf*","Giancarlo Stanton","NYY","UT","KEN","Inj Res","35","7","1st","0","47%","-7.7%"
"*03pix*","Tyler Stephenson","CIN","C","NJ","Active","28","15","5th","0","70%","-7.5%"
"*05mre*","Spencer Strider","ATL","SP","LIL","Active","26","7","2028","0","99%","-0.1%"
"*03et8*","Ranger Suarez","PHI","SP","WEQ","Inj Res","29","1","2027","0","91%","-2.5%"
"*04b01*","Tomoyuki Sugano","BAL","SP","WEQ","Active","35","9","1st","0","75%","-3.1%"
"*05y7n*","Jarlin Susana","WSH","SP","SML","Minors","21","10","1st","0","35%","-7.7%"
"*05ycl*","Travis Sykora","WSH","SP","MCM","Minors","20","8","1st","0","36%","-8.2%"
"*05wy1*","Brayden Taylor","TB","3B,SS","WEQ","Minors","22","8","1st","0","28%","-7.5%"
"*066er*","Grant Taylor","CHW","SP","YRK","Minors","22","8","1st","0","22%","-5.1%"
"*05wxy*","Kyle Teel","CHW","C","FLA","Minors","23","10","1st","0","46%","-8.9%"
"*04n0p*","Zack Thompson","STL","RP","CFL","Minors","27","5","2nd","0","2%","-0.6%"
"*05yb1*","Drew Thorpe","CHW","SP","ISO","Inj Res","24","8","1st","0","29%","-10.2%"
"*05u2q*","Blade Tidwell","NYM","SP","TSN","Minors","23","8","1st","0","16%","-4.4%"
"*05js6*","Ricky Tiedemann","TOR","SP","CFL","Minors","22","10","1st","0","35%","-7.9%"
"*041pq*","Taylor Trammell","HOU","OF","SHS","Minors","27","15","5th","0","1%","-0.4%"
"*05ucf*","James Triantos","CHC","2B","WEQ","Minors","22","8","1st","0","30%","-8.1%"
"*05jse*","Tommy Troy","ARI","SS","SML","Minors","23","8","1st","0","23%","-6.6%"
"*04tji*","Edwin Uceta","TB","RP","ISO","Active","27","8","1st","0","49%","-4.4%"
"*05nso*","Abner Uribe","MIL","RP","FLA","Active","24","3","1st","0","19%","-4.9%"
"*04fqi*","George Valera","CLE","OF","LRB","Minors","24","8","1st","0","12%","-3.5%"
"*04efa*","Daulton Varsho","TOR","OF","LEX","Inj Res","28","7","1st","0","50%","-7.4%"
"*05gbg*","Zac Veen","COL","OF","FLA","Minors","23","10","1st","0","44%","-7.9%"
"*04pqq*","Matt Vierling","DET","3B,OF","CFL","Inj Res","28","2","1st","0","47%","-7.2%"
"*02iug*","Michael Wacha","KC","SP","ECH","Active","33","2","2nd","0","86%","-1.1%"
"*0662o*","Sebastian Walcott","TEX","3B,SS","FLA","Minors","19","8","1st","0","49%","-7.1%"
"*0603p*","Hurston Waldrep","ATL","SP","LIL","Minors","23","10","1st","0","37%","-8.6%"
"*051e5*","Matt Waldron","SD","SP","RR","Active","28","5","2nd","0","17%","-5.5%"
"*05yaz*","Will Warren","NYY","SP","LRB","Active","25","8","1st","0","48%","-4.1%"
"*04mnw*","Ryan Weathers","MIA","SP","LRB","Inj Res","25","6","2nd","0","54%","-12.4%"
"*0514f*","Hayden Wesneski","HOU","SP,RP","CFL","Active","27","8","3rd","0","35%","-4.2%"
"*06aw3*","JJ Wetherholt","STL","SS","TSN","Minors","22","10","1st","0","46%","-7.8%"
"*05tp6*","Thomas White","MIA","SP","FLA","Minors","20","8","1st","0","38%","-7.9%"
"*041m3*","Forrest Whitley","HOU","RP","SHS","Inj Res","27","10","1st","0","9%","-2.4%"
"*05ubi*","Brock Wilken","MIL","3B","KEN","Minors","22","10","1st","0","26%","-7.4%"
"*05t9n*","Carson Williams","TB","SS","FLA","Minors","21","8","1st","0","52%","-7.6%"
"*060la*","Jett Williams","NYM","SS","SML","Minors","21","10","1st","0","37%","-8.2%"
"*0311b*","Trevor Williams","WSH","SP","TSN","Active","32","1","1st","0","25%","-2.9%"
"*05y62*","Bryan Woo","SEA","SP","RUM","Active","25","11","2026","0","99%","-0.2%"
"*02bu3*","Brandon Woodruff","MIL","SP","ISO","Inj Res","32","8","1st","0","94%","-0.7%"
"*04pmp*","Simeon Woods-Richardson","MIN","SP","ECH","Active","24","8","2nd","0","43%","-5.1%"
"*05y9r*","Justin Wrobleski","LAD","SP","ISO","Minors","24","6","2nd","0","19%","-5.1%"
"*03ner*","Juan Yepez","WSH","1B","RUM","Active","27","1","1st","0","10%","-3.2%"
"*05js7*","Nick Yorke","PIT","2B","NJ","Minors","22","10","1st","0","31%","-8.2%"
"*05rc3*","Masataka Yoshida","BOS","UT","TSN","Inj Res","31","1","1st","0","42%","-9.1%"
"*05y7x*","Cole Young","SEA","2B,SS","TSN","Minors","21","10","1st","0","36%","-8.4%"
"*05rdr*","Samuel Zavala","CHW","OF","YRK","Minors","20","8","1st","0","10%","-3.4%"
