"ID","Player","Team","Position","RkOv","Status","Roster Status","Age","Salary","Contract","Score","Ros","+/-"
"*05ajh*","Garrett Crochet","BOS","SP","1","LEX","Active","26","8","2nd","100","-","-"
"*03ynj*","Juan Soto","NYM","OF","2","NJ","Active","27","66","1st","100","-","-"
"*04ptt*","Tarik Skubal","DET","SP","3","NJ","Active","29","20","5th","98.22","-","-"
"*02i2j*","Max Fried","NYY","SP","4","SHS","Active","32","16","2025","97.57","-","-"
"*02my5*","Edwin Diaz","NYM","RP","5","LEX","Active","31","1","2027","97.44","-","-"
"*05y62*","Bryan Woo","SEA","SP","6","RUM","Active","25","11","2026","96.88","-","-"
"*01gya*","Aroldis Chapman","BOS","RP","7","RUM","Active","37","14","2nd","96.66","-","-"
"*02c2r*","Carlos Rodon","NYY","SP","8","ISO","Active","33","11","2025","96.64","-","-"
"*03dc4*","Freddy Peralta","MIL","SP","9","LEX","Active","29","30","1st","96.27","-","-"
"*04apj*","Jhoan Duran","MIN/PHI","RP","10","YRK","Active","28","6","2027","95.59","-","-"
"*052c8*","Cristopher Sanchez","PHI","SP","11","SML","Active","29","7","2025","94.66","-","-"
"*02yc4*","Shohei Ohtani","LAD","UT,SP","12","ISO","Active","31","49","2025","94.61","-","-"
"*05144*","Hunter Brown","HOU","SP","13","MCM","Active","27","14","2027","94.54","-","-"
"*05wru*","Paul Skenes","PIT","SP","14","YRK","Active","23","10","2nd","94.45","-","-"
"*05r8n*","Yoshinobu Yamamoto","LAD","SP","15","MCM","Active","27","38","2nd","94.01","-","-"
"*05r01*","Robert Suarez","SD","RP","16","KEN","Active","34","34","1st","93.9","-","-"
"*0316j*","Nick Pivetta","SD","SP","17","KEN","Active","32","1","2026","93.86","-","-"
"*01ub6*","Jose Ramirez","CLE","3B","18","YRK","Active","33","57","1st","93.84","-","-"
"*04my4*","Cal Raleigh","SEA","C","19","RUM","Active","29","13","2025","93.72","-","-"
"*0403o*","Andres Munoz","SEA","RP","20","MCM","Active","27","8","2028","93.13","-","-"
"*02hjp*","Jacob deGrom","TEX","SP","21","SML","Active","37","1","2nd","92.44","-","-"
"*04fhb*","Julio Rodriguez","SEA","OF","22","SHS","Active","25","30","4th","91.99","-","-"
"*02611*","Francisco Lindor","NYM","SS","23","ISO","Active","32","50","1st","91.95","-","-"
"*01ut7*","Nathan Eovaldi","TEX","SP","24","ISO","Inj Res","35","2","2026","91.95","-","-"
"*02z0s*","Aaron Judge","NYY","OF","25","LEX","Active","33","72","2nd","91.88","-","-"
"*04aqc*","David Bednar","PIT/NYY","RP","27","ISO","Active","31","13","2025","91.42","-","-"
"*03cag*","Kyle Schwarber","PHI","OF","28","SML","Active","32","29","2025","91.35","-","-"
"*04lgp*","Bobby Witt Jr.","KC","SS","29","KEN","Active","25","37","2027","91.08","-","-"
"*031cy*","Emilio Pagan","CIN","RP","30","SHS","Active","34","10","1st","90.29","-","-"
"*02n4s*","Matthew Boyd","CHC","SP","31","SHS","Active","34","6","1st","90.29","-","-"
"*03mnq*","Carlos Estevez","KC","RP","32","SML","Active","33","1","2025","90.1","-","-"
"*04y4e*","Corbin Carroll","ARI","OF","33","LEX","Active","25","10","3rd","90.08","-","-"
"*04eor*","Cade Smith","CLE","RP","34","LEX","Active","26","2","1st","90.08","-","-"
"*01sb3*","Zack Wheeler","PHI","SP","35","YRK","Inj Res","35","46","2nd","90.04","-","-"
"*04ps7*","Joe Ryan","MIN","SP","36","LEX","Active","29","34","1st","89.63","-","-"
"*051wv*","Pete Crow-Armstrong","CHC","OF","37","LIL","Active","23","10","2nd","89.62","-","-"
"*043ia*","Adrian Morejon","SD","RP","38","KEN","Active","26","6","1st","89.57","-","-"
"*05udp*","Elly De La Cruz","CIN","SS","39","NJ","Active","24","10","3rd","89.28","-","-"
"*03dbm*","Logan Webb","SF","SP","40","SML","Active","29","12","2026","89.13","-","-"
"*01svz*","Kenley Jansen","LAA","RP","41","SHS","Active","38","19","1st","87.24","-","-"
"*03aqv*","Raisel Iglesias","ATL","RP","42","ECH","Active","36","38","1st","87.17","-","-"
"*04eee*","Drew Rasmussen","TB","SP,RP","43","TWN","Active","30","12","1st","87","-","-"
"*02bqh*","Trevor Story","BOS","SS","44","ECH","Active","33","16","1st","86.84","-","-"
"*04pbq*","Geraldo Perdomo","ARI","SS","45","SHS","Active","26","6","1st","86.47","-","-"
"*04ak5*","Trevor Rogers","BAL","SP","46","YRK","Active","28","6","1st","86.42","-","-"
"*02hj7*","Merrill Kelly","ARI/TEX","SP","47","LRB","Active","37","10","1st","86.36","-","-"
"*041r1*","Jesus Luzardo","PHI","SP","48","FLA","Active","28","20","5th","86.15","-","-"
"*03ann*","Jeff Hoffman","TOR","RP","49","RUM","Active","33","5","2026","86.11","-","-"
"*03zbh*","Fernando Tatis Jr.","SD","OF","50","YRK","Active","27","20","6th","86.08","-","-"
"*02hi7*","Kevin Gausman","TOR","SP","51","ECH","Active","35","18","1st","85.57","-","-"
"*05jq2*","Andrew Abbott","CIN","SP","52","RUM","Active","26","6","1st","85.54","-","-"
"*05ucd*","Mason Miller","ATH/SD","RP","53","NJ","Active","27","21","2028","85.53","-","-"
"*040b5*","Randy Arozarena","SEA","OF","54","RUM","Active","30","37","2026","84.84","-","-"
"*046yd*","Dennis Santana","PIT","RP","55","MCM","Active","29","15","1st","84.82","-","-"
"*03dau*","Trevor Megill","MIL","RP","56","YRK","Inj Res","32","12","2nd","84.52","-","-"
"*02c47*","Shawn Armstrong","TEX","SP,RP","57","YRK","Active","35","5","1st","84.51","-","-"
"*02i2k*","Byron Buxton","MIN","OF","58","LEX","Active","32","16","2nd","84.39","-","-"
"*05xch*","Junior Caminero","TB","1B,3B","59","FLA","Active","22","8","2nd","84.38","-","-"
"*025he*","George Springer","TOR","OF","60","TWN","Active","36","18","1st","84.29","-","-"
"*04auj*","Framber Valdez","HOU","SP","61","SML","Active","32","11","2025","83.77","-","-"
"*05jp7*","Gavin Williams","CLE","SP","62","SHS","Active","26","8","3rd","83.65","-","-"
"*04em6*","Will Vest","DET","RP","63","ISO","Active","30","5","1st","83.59","-","-"
"*01uca*","Chris Sale","ATL","SP","64","TWN","Active","36","38","1st","83.51","-","-"
"*03et8*","Ranger Suarez","PHI","SP","65","WEQ","Active","30","1","2027","83.41","-","-"
"*05gww*","Cade Horton","CHC","SP","66","SHS","Active","24","8","1st","83.38","-","-"
"*03nuc*","Luis Castillo","SEA","SP","67","NJ","Active","33","29","2025","83.26","-","-"
"*03qo0*","Pete Fairbanks","TB","RP","68","ECH","Active","32","7","2027","83.12","-","-"
"*04aea*","Hunter Greene","CIN","SP","69","YRK","Active","26","15","4th","83.11","-","-"
"*041ps*","Nick Lodolo","CIN","SP","70","FLA","Active","27","15","4th","83.02","-","-"
"*02jh6*","Eugenio Suarez","ARI/SEA","1B,3B","71","ISO","Active","34","7","2nd","82.88","-","-"
"*04tzu*","Ronny Henriquez","MIA","RP","72","FLA","Active","25","5","1st","82.61","-","-"
"*025j1*","Robbie Ray","SF","SP","73","MFR","Active","34","11","2025","82.46","-","-"
"*050vn*","Quinn Priester","BOS/MIL","SP,RP","74","RR","Active","25","5","2nd","82.43","-","-"
"*05nso*","Abner Uribe","MIL","RP","75","FLA","Active","25","3","1st","82.27","-","-"
"*031d4*","Zack Littell","TB/CIN","SP","76","RR","Active","30","12","1st","82.25","-","-"
"*02c68*","Trea Turner","PHI","SS","77","MCM","Inj Res","32","36","1st","82.25","-","-"
"*041pz*","Pete Alonso","NYM","1B","78","SML","Active","31","30","6th","82.23","-","-"
"*0512m*","Ryan Pepiot","TB","SP","79","YRK","Active","28","11","2026","82.17","-","-"
"*03pjd*","Josh Naylor","ARI/SEA","1B","80","LEX","Active","28","1","2026","82.16","-","-"
"*05rat*","James Wood","WSH","OF","81","MCM","Active","23","10","2nd","82.09","-","-"
"*03pov*","Brady Singer","CIN","SP","82","FLA","Active","29","7","1st","82.04","-","-"
"*04pmb*","Kris Bubic","KC","SP,RP","84","ISO","Inj Res","28","1","1st","81.88","-","-"
"*025dn*","Christian Yelich","MIL","OF","85","FLA","Active","34","26","2026","81.76","-","-"
"*05ycf*","Noah Cameron","KC","SP","86","MFR","Active","26","5","1st","81.74","-","-"
"*03120*","Cody Bellinger","NYY","1B,OF","87","NJ","Active","30","17","2026","81.62","-","-"
"*030uc*","Rafael Devers","BOS/SF","1B,3B","88","YRK","Active","29","50","1st","81.59","-","-"
"*01svq*","Manny Machado","SD","3B","89","ISO","Active","33","36","1st","81.42","-","-"
"*05ge9*","Shota Imanaga","CHC","SP","90","MFR","Active","32","32","1st","80.53","-","-"
"*04t40*","Brayan Bello","BOS","SP","91","KEN","Active","26","4","1st","80.43","-","-"
"*04yid*","Ryne Nelson","ARI","SP,RP","92","NJ","Active","27","5","1st","80.4","-","-"
"*04b00*","Brice Turang","MIL","2B,SS","93","RUM","Active","26","15","2nd","80.19","-","-"
"*04mlf*","Casey Mize","DET","SP","94","MCM","Active","28","3","1st","80.1","-","-"
"*045qo*","Jazz Chisholm Jr.","NYY","2B,3B,OF","95","NJ","Active","27","20","5th","79.98","-","-"
"*02bx4*","Clay Holmes","NYM","SP,RP","96","LEX","Active","32","26","1st","79.71","-","-"
"*05y23*","Tanner Bibee","CLE","SP","97","MCM","Active","26","8","3rd","79.6","-","-"
"*05tq1*","Spencer Schwellenbach","ATL","SP","98","SML","Inj Res","25","14","2nd","79.59","-","-"
"*01srb*","Jameson Taillon","CHC","SP","99","ROX","Active","34","1","1st","79.58","-","-"
"*03atq*","Willy Adames","SF","SS","100","LIL","Active","30","22","2nd","79.5","-","-"
"*04n0m*","Logan Gilbert","SEA","SP","101","SHS","Active","28","13","2026","79.33","-","-"
"*04tlv*","Bryan Abreu","HOU","RP","102","RUM","Active","28","1","2026","79.15","-","-"
"*04mlr*","Jeffrey Springs","ATH","SP","103","ISO","Active","33","8","1st","78.69","-","-"
"*02mwm*","Matt Olson","ATL","1B","104","LIL","Active","31","45","1st","78.63","-","-"
"*04nb2*","Riley Greene","DET","OF","106","KEN","Active","25","15","4th","78.35","-","-"
"*04qk8*","CJ Abrams","WSH","SS","107","RR","Active","25","30","4th","78.32","-","-"
"*03pje*","Taylor Ward","LAA","OF","108","SHS","Active","32","24","1st","78.18","-","-"
"*050w9*","Gunnar Henderson","BAL","SS","109","ROX","Active","24","8","3rd","78.12","-","-"
"*04e2u*","Brent Rooker","ATH","OF","110","MCM","Active","31","5","2028","78.12","-","-"
"*03pir*","Kyle Tucker","CHC","OF","112","SML","Inj Res","29","30","6th","78.08","-","-"
"*02iug*","Michael Wacha","KC","SP","113","ECH","Active","34","2","2nd","78.05","-","-"
"*04pst*","Jarren Duran","BOS","OF","114","RUM","Active","29","9","2027","78.04","-","-"
"*031ey*","Eric Lauer","TOR","SP,RP","115","MFR","Active","30","5","1st","78","-","-"
"*04eqa*","Garrett Whitlock","BOS","SP,RP","116","RUM","Active","29","1","1st","77.78","-","-"
"*041qo*","Zac Gallen","ARI","SP","117","LIL","Active","30","20","1st","77.65","-","-"
"*02bzn*","Colin Rea","CHC","SP,RP","118","ROX","Active","35","5","1st","77.6","-","-"
"*05184*","Vinnie Pasquantino","KC","1B","120","MCM","Active","28","21","2026","76.63","-","-"
"*03ae8*","Dansby Swanson","CHC","SS","121","LEX","Active","31","24","1st","76.6","-","-"
"*05xu5*","Zach Neto","LAA","SS","122","YRK","Inj Res","24","14","2026","76.41","-","-"
"*02c2h*","Chris Bassitt","TOR","SP","124","SHS","Active","36","7","1st","76.28","-","-"
"*025it*","Jason Adam","SD","RP","125","SML","Active","34","1","1st","76.22","-","-"
"*05y2l*","Emmet Sheehan","LAD","SP","126","YRK","Active","26","12","1st","76.09","-","-"
"*04ali*","Edward Cabrera","MIA","SP","127","TWN","Inj Res","27","5","1st","76.07","-","-"
"*02bq2*","Brandon Nimmo","NYM","OF","128","ISO","Active","32","6","2025","76.04","-","-"
"*031bl*","Kyle Finnegan","WSH/DET","RP","129","NJ","Active","34","7","1st","75.99","-","-"
"*062k5*","Nick Kurtz","ATH","1B","130","KEN","Active","22","10","1st","75.95","-","-"
"*04b02*","Seiya Suzuki","CHC","OF","131","ISO","Active","31","26","2nd","75.94","-","-"
"*06dqb*","Shane Smith","CHW","SP,RP","132","LRB","Active","25","5","1st","75.94","-","-"
"*05g3x*","Maikel Garcia","KC","2B,3B,SS,OF","133","LRB","Active","25","6","2027","75.93","-","-"
"*05m1e*","Jackson Chourio","MIL","OF","135","SML","Active","21","10","2nd","75.88","-","-"
"*03ojr*","Vladimir Guerrero Jr.","TOR","1B","136","SHS","Active","26","30","6th","75.85","-","-"
"*02i37*","Lucas Giolito","BOS","SP","137","RUM","Active","31","1","1st","75.55","-","-"
"*04y9o*","Jack Leiter","TEX","SP","138","LEX","Active","25","10","1st","75.54","-","-"
"*005ih*","Clayton Kershaw","LAD","SP","139","ISO","Active","37","8","1st","75.46","-","-"
"*04t9b*","Michael Busch","CHC","1B","140","TWN","Active","28","17","1st","75.35","-","-"
"*04ru5*","Andy Pages","LAD","OF","142","NJ","Active","25","8","2nd","75.18","-","-"
"*04yie*","George Kirby","SEA","SP","143","RR","Active","27","30","4th","75.12","-","-"
"*06luc*","Jack Dreyer","LAD","SP,RP","144","LIL","Active","26","6","1st","75.07","-","-"
"*031fj*","Gabe Speier","SEA","RP","145","LEX","Active","30","5","1st","75.07","-","-"
"*02myt*","Steven Okert","HOU","SP,RP","146","MFR","Active","34","5","1st","75.06","-","-"
"*05u2v*","Hunter Goodman","COL","C,OF","147","LIL","Active","26","7","1st","75.06","-","-"
"*03qwa*","Phil Maton","STL/TEX","RP","149","ISO","Active","32","5","1st","74.6","-","-"
"*01cgo*","Freddie Freeman","LAD","1B","150","SHS","Active","36","44","2025","74.4","-","-"
"*05u4l*","Daniel Palencia","CHC","RP","151","SML","Active","25","16","1st","74.26","-","-"
"*04q05*","Alex Vesia","LAD","RP","152","SHS","Active","29","21","1st","74.26","-","-"
"*03qju*","Garrett Cleavinger","TB","RP","153","ISO","Active","31","5","1st","74.01","-","-"
"*04o4s*","Shea Langeliers","ATH","C","154","ECH","Active","28","17","2nd","73.81","-","-"
"*04ok0*","Mike Vasil","TB/CHW","SP,RP","155","ROX","Active","25","5","1st","73.75","-","-"
"*0374m*","Tyler Rogers","SF/NYM","RP","156","WEQ","Active","35","7","1st","73.67","-","-"
"*024m0*","Jose Altuve","HOU","2B,OF","157","SML","Active","35","33","1st","73.36","-","-"
"*02bu3*","Brandon Woodruff","MIL","SP","158","ISO","Inj Res","32","8","1st","73.34","-","-"
"*02brc*","Adrian Houser","TEX/CHW/TB","SP,RP","159","NJ","Active","32","5","1st","73.26","-","-"
"*0312g*","Tyler Mahle","TEX","SP","160","MCM","Active","31","5","1st","73.15","-","-"
"*02c5l*","Luke Weaver","NYY","RP","161","FLA","Active","32","5","2nd","73.11","-","-"
"*05gtn*","Tyler Soderstrom","ATH","1B,OF","162","FLA","Active","24","8","2nd","73.02","-","-"
"*04aee*","Jo Adell","LAA","OF","163","KEN","Active","26","6","1st","72.96","-","-"
"*04prt*","Lawrence Butler","ATH","OF","165","WEQ","Active","25","1","2nd","72.81","-","-"
"*04pkr*","Nico Hoerner","CHC","2B,SS","166","MCM","Active","28","14","2025","72.77","-","-"
"*02mwk*","Jose Berrios","TOR","SP","167","LRB","Inj Res","31","11","1st","72.71","-","-"
"*05lg3*","Brandon Pfaadt","ARI","SP","168","RR","Active","27","10","3rd","72.61","-","-"
"*01fh9*","Bryce Harper","PHI","1B","169","FLA","Active","33","47","2026","72.57","-","-"
"*04ew7*","Aaron Ashby","MIL","SP,RP","170","LEX","Active","27","5","1st","72.53","-","-"
"*04yk2*","Spencer Torkelson","DET","1B","171","SHS","Active","26","7","1st","72.5","-","-"
"*02btx*","Tyler Glasnow","LAD","SP","172","ISO","Active","32","50","2nd","72.36","-","-"
"*03m6o*","Yandy Diaz","TB","1B","173","ISO","Active","34","20","1st","72.36","-","-"
"*04ehz*","Jeremiah Estrada","SD","RP","174","LIL","Active","27","5","2nd","72.3","-","-"
"*04z6m*","Agustin Ramirez","MIA","C,1B,OF","175","YRK","Active","24","8","1st","72.29","-","-"
"*02btf*","Mookie Betts","LAD","SS,OF","176","RUM","Active","33","64","1st","72.15","-","-"
"*01u75*","Salvador Perez","KC","C,1B","177","LEX","Active","35","16","2025","72.15","-","-"
"*03zlh*","Oneil Cruz","PIT","SS,OF","180","RUM","Active","27","15","4th","72.05","-","-"
"*02nax*","Matt Strahm","PHI","RP","181","TWN","Active","34","1","2nd","72.05","-","-"
"*03btv*","Sandy Alcantara","MIA","SP","182","LRB","Active","30","1","2nd","71.95","-","-"
"*01sbv*","Shelby Miller","ARI/MIL","RP","183","SHS","Inj Res","35","5","1st","71.93","-","-"
"*03d7h*","Mitch Keller","PIT","SP","185","NJ","Active","29","6","2027","71.68","-","-"
"*04a2t*","Kodai Senga","NYM","SP","186","TWN","Minors","32","25","1st","71.63","-","-"
"*04ug5*","Emmanuel Clase","CLE","RP","187","LRB","Active","27","5","1st","71.62","-","-"
"*05w9g*","Randy Rodriguez","SF","RP","188","SHS","Inj Res","26","11","1st","71.59","-","-"
"*03yrz*","William Contreras","MIL","C,1B,OF","189","LRB","Active","28","30","4th","71.53","-","-"
"*05aoc*","Eury Perez","MIA","SP","191","FLA","Active","22","10","3rd","71.47","-","-"
"*03pit*","Trent Grisham","NYY","OF","192","MFR","Active","29","5","1st","71.42","-","-"
"*0311c*","Devin Williams","NYY","RP","193","NJ","Active","31","24","2nd","71.26","-","-"
"*041qb*","Bo Bichette","TOR","SS","194","TSN","Inj Res","27","25","1st","71.25","-","-"
"*025kd*","Jose Quintana","MIL","SP","195","ROX","Inj Res","37","7","1st","71.16","-","-"
"*04g1x*","David Peterson","NYM","SP","197","SML","Active","30","5","2nd","71","-","-"
"*04c0o*","Jose Soriano","LAA","SP","199","FLA","Active","27","8","1st","70.98","-","-"
"*0512v*","Michael Harris II","ATL","OF","200","SHS","Active","24","15","4th","70.84","-","-"
"*03nmw*","Ian Happ","CHC","OF","201","TWN","Active","31","29","1st","70.83","-","-"
"*03d6w*","Jack Flaherty","DET","SP","203","RUM","Active","30","24","1st","70.65","-","-"
"*03df2*","Dylan Cease","SD","SP","205","KEN","Active","30","39","1st","70.54","-","-"
"*041vm*","Dylan Lee","ATL","RP","206","TSN","Active","31","5","1st","70.5","-","-"
"*0326s*","Ketel Marte","ARI","2B","207","ROX","Active","32","33","2nd","70.5","-","-"
"*060pm*","Wyatt Langford","TEX","OF","209","YRK","Inj Res","24","10","2nd","70.38","-","-"
"*04cwf*","Shane Baz","TB","SP","210","ECH","Active","26","8","2nd","70.38","-","-"
"*041rj*","JoJo Romero","STL","RP","211","ROX","Active","29","5","1st","70.33","-","-"
"*03qjy*","Brandon Lowe","TB","1B,2B","212","RR","Active","31","22","1st","70.17","-","-"
"*03sef*","Seth Lugo","KC","SP","213","MCM","Inj Res","36","10","2025","70.16","-","-"
"*02mw3*","Christian Walker","HOU","1B","214","YRK","Active","34","6","2027","69.95","-","-"
"*04tk1*","Slade Cecconi","CLE","SP","216","ISO","Active","26","8","1st","69.92","-","-"
"*04eos*","Joey Cantillo","CLE","SP,RP","218","TWN","Active","26","5","1st","69.82","-","-"
"*05yaz*","Will Warren","NYY","SP","219","LRB","Active","26","8","1st","69.6","-","-"
"*03oh0*","Willson Contreras","STL","C,1B","221","LEX","Inj Res","33","24","2nd","69.43","-","-"
"*04ml0*","Yusei Kikuchi","LAA","SP","224","MFR","Active","34","2","2026","69.25","-","-"
"*05gsi*","Ceddanne Rafaela","BOS","2B,SS,OF","226","WEQ","Active","25","17","1st","69.08","-","-"
"*04ppj*","Jeremy Pena","HOU","SS","228","SHS","Active","28","20","4th","68.93","-","-"
"*03ab0*","Luis Severino","ATH","SP","229","MFR","Active","31","12","2026","68.86","-","-"
"*05t64*","Felix Bautista","BAL","RP","230","LRB","Inj Res","30","6","2028","68.82","-","-"
"*04k0w*","Camilo Doval","SF/NYY","RP","231","FLA","Active","28","4","1st","68.8","-","-"
"*04ee8*","Heliot Ramos","SF","OF","233","ROX","Active","26","19","2nd","68.62","-","-"
"*04pr1*","Steven Kwan","CLE","OF","234","MCM","Active","28","20","1st","68.4","-","-"
"*04ekf*","Calvin Faucher","MIA","RP","238","LRB","Active","30","10","1st","68.1","-","-"
"*03fi0*","Ozzie Albies","ATL","2B","239","SHS","Active","29","29","1st","68.02","-","-"
"*04enz*","Robert Garcia","TEX","RP","240","ECH","Active","29","11","1st","67.97","-","-"
"*04q08*","Kyle Leahy","STL","SP,RP","242","ROX","Active","28","5","1st","67.78","-","-"
"*04cd5*","MacKenzie Gore","WSH","SP","247","ISO","Inj Res","26","3","2026","67.47","-","-"
"*04pmp*","Simeon Woods-Richardson","MIN","SP","248","ECH","Active","25","8","2nd","67.44","-","-"
"*05u6q*","Cam Schlittler","NYY","SP","250","SML","Active","24","15","1st","67.34","-","-"
"*04y9p*","Anthony Volpe","NYY","SS","251","RR","Active","24","10","3rd","67.23","-","-"
"*066n3*","Ryan Walker","SF","RP","252","SHS","Active","30","21","1st","67.14","-","-"
"*051ui*","Jacob Lopez","ATH","SP,RP","253","KEN","Active","27","10","1st","67.13","-","-"
"*05yb8*","Chad Patrick","MIL","SP","255","MFR","Minors","27","5","1st","67.02","-","-"
"*062ob*","Jose Ferrer","WSH","RP","257","MFR","Active","25","2","1st","66.79","-","-"
"*0423e*","Anthony Bender","MIA","RP","258","WEQ","Active","30","2","1st","66.78","-","-"
"*04p10*","Bryson Stott","PHI","2B,SS","259","NJ","Active","28","13","2026","66.77","-","-"
"*05rb1*","Sal Frelick","MIL","1B,3B,OF","260","TSN","Active","25","8","3rd","66.55","-","-"
"*02xic*","Teoscar Hernandez","LAD","OF","261","ISO","Active","33","33","1st","66.54","-","-"
"*05y7s*","Nolan McLean","NYM","UT,SP","263","TWN","Active","24","8","1st","66.46","-","-"
"*02yd1*","Jorge Polanco","SEA","1B,2B,3B","264","LEX","Active","32","1","1st","66.36","-","-"
"*01xfr*","Patrick Corbin","TEX","SP","265","TSN","Active","36","5","1st","66.3","-","-"
"*05ybv*","Jackson Holliday","BAL","2B,SS","267","FLA","Active","22","10","2nd","66.23","-","-"
"*000dp*","Justin Verlander","SF","SP","268","TSN","Active","42","11","2026","66.1","-","-"
"*03dp8*","Ramon Laureano","BAL/SD","OF","269","RR","Active","31","12","1st","66.05","-","-"
"*05yo5*","Ben Rice","NYY","C,1B","273","ECH","Active","26","2","1st","65.54","-","-"
"*041wv*","Michael King","SD","SP","276","ISO","Active","30","10","2025","65.26","-","-"
"*0512e*","Spencer Steer","CIN","1B,OF","278","LRB","Active","28","8","3rd","65.06","-","-"
"*04afl*","Brendon Little","TOR","RP","279","WEQ","Active","29","5","1st","65.03","-","-"
"*03pjf*","Michael Soroka","WSH/CHC","SP,RP","280","ROX","Active","28","1","1st","64.96","-","-"
"*06491*","Orion Kerkering","PHI","RP","281","MCM","Active","24","10","2nd","64.89","-","-"
"*04ej3*","Riley OBrien","STL","RP","283","SML","Active","30","7","1st","64.84","-","-"
"*045gu*","TJ Friedl","CIN","OF","284","MFR","Active","30","8","2025","64.84","-","-"
"*02bqr*","Blake Snell","LAD","SP","285","LEX","Active","33","29","2025","64.77","-","-"
"*04pmq*","Braxton Ashcraft","PIT","SP,RP","288","ECH","Active","26","5","1st","64.63","-","-"
"*04tjl*","Otto Lopez","MIA","2B,SS","289","LRB","Active","27","5","1st","64.59","-","-"
"*051b4*","Jordan Beck","COL","OF","291","RUM","Active","24","1","1st","64.33","-","-"
"*05itb*","Randy Vasquez","SD","SP","292","WEQ","Active","27","5","1st","64.12","-","-"
"*031t0*","Gleyber Torres","DET","2B","294","ISO","Active","29","7","1st","64.04","-","-"
"*03d6s*","Matt Chapman","SF","3B","296","SHS","Active","32","23","2nd","63.89","-","-"
"*04n8z*","Xavier Edwards","MIA","2B,SS","297","ECH","Active","26","5","2nd","63.8","-","-"
"*05mre*","Spencer Strider","ATL","SP","299","LIL","Active","27","7","2028","63.66","-","-"
"*03d6p*","Grant Holmes","ATL","SP,RP","300","LIL","Inj Res","29","7","1st","63.56","-","-"
"*041py*","Keegan Akin","BAL","SP,RP","301","NJ","Active","30","7","1st","63.48","-","-"
"*0524l*","Yainer Diaz","HOU","C","302","SML","Active","27","12","2025","63.44","-","-"
"*04pr8*","Taj Bradley","TB/MIN","SP","303","ROX","Active","24","10","3rd","63.42","-","-"
"*05jp9*","Bryce Elder","ATL","SP","306","LEX","Active","26","5","1st","63.25","-","-"
"*04hyc*","Ivan Herrera","STL","C,OF","308","YRK","Active","25","1","2nd","63.12","-","-"
"*03ql8*","Bailey Falter","PIT/KC","SP","310","ECH","Active","28","7","1st","63.08","-","-"
"*041e2*","Mickey Moniak","LAA/COL","OF","311","TSN","Active","27","5","1st","63.01","-","-"
"*03e5m*","Bryan Reynolds","PIT","OF","312","LIL","Active","31","29","1st","62.95","-","-"
"*04px8*","Reese Olson","DET","SP","315","ROX","Inj Res","26","5","2026","62.8","-","-"
"*04y97*","Kyle Stowers","MIA","OF","317","NJ","Inj Res","28","1","1st","62.75","-","-"
"*0603p*","Hurston Waldrep","ATL","SP","318","LIL","Active","23","10","1st","62.7","-","-"
"*03dfa*","Tanner Scott","LAD","RP","319","RUM","Active","31","5","2026","62.68","-","-"
"*01s8u*","Mike Trout","LAA","OF","320","FLA","Active","34","43","1st","62.61","-","-"
"*041xv*","Nathaniel Lowe","WSH/BOS","1B","324","RR","Active","30","20","1st","62.4","-","-"
"*05y72*","Landen Roupp","SF","SP,RP","325","TWN","Inj Res","27","10","1st","62.36","-","-"
"*04pks*","Matt McLain","CIN","2B,SS","326","MFR","Active","26","15","2025","62.35","-","-"
"*029si*","Eduardo Rodriguez","ARI","SP","327","TWN","Active","32","3","1st","62.26","-","-"
"*05u6p*","Brant Hurter","DET","SP,RP","328","ECH","Active","27","5","1st","62.2","-","-"
"*04pvl*","Mike Burrows","PIT","SP,RP","329","KEN","Active","26","10","1st","62.13","-","-"
"*025gb*","Xander Bogaerts","SD","2B,SS","331","LRB","Active","33","11","2nd","62","-","-"
"*0630d*","Drake Baldwin","ATL","C","332","MCM","Active","24","10","1st","61.99","-","-"
"*060ml*","Huascar Brazoban","NYM","SP,RP","333","TSN","Active","36","9","1st","61.98","-","-"
"*03mew*","Luis Arraez","SD","1B,2B","334","SML","Active","28","6","2025","61.87","-","-"
"*03djb*","Jalen Beeks","HOU/ARI","SP,RP","337","TSN","Active","32","5","1st","61.63","-","-"
"*03qr0*","Cedric Mullins","BAL/NYM","OF","338","ISO","Active","31","16","2026","61.6","-","-"
"*0473m*","Zach McKinstry","DET","1B,2B,3B,SS,OF","340","ROX","Active","30","12","1st","61.48","-","-"
"*0310z*","J.P. Crawford","SEA","SS","342","LEX","Active","31","1","1st","61.37","-","-"
"*05138*","Matt Brash","SEA","RP","345","MCM","Active","27","5","1st","61.27","-","-"
"*05sr2*","Michael McGreevy","STL","SP","348","ROX","Active","25","5","1st","61.01","-","-"
"*041r5*","Dustin May","LAD/BOS","SP","349","ECH","Active","28","3","1st","60.91","-","-"
"*05ym7*","Fernando Cruz","NYY","RP","351","NJ","Active","35","1","1st","60.75","-","-"
"*042sz*","Will Smith","LAD","C","355","NJ","Active","30","27","1st","60.58","-","-"
"*05jr0*","Alec Burleson","STL","1B,OF","356","KEN","Active","27","12","1st","60.45","-","-"
"*047l7*","Luis Robert Jr.","CHW","OF","357","SHS","Inj Res","28","20","5th","60.44","-","-"
"*04llv*","Lenyn Sosa","CHW","1B,2B,3B","360","ROX","Active","26","5","1st","60.39","-","-"
"*03dgq*","Ryan OHearn","BAL/SD","1B,OF","361","TWN","Active","32","1","2nd","60.31","-","-"
"*04pxp*","Victor Vodnik","COL","RP","362","LRB","Active","26","5","1st","60.31","-","-"
"*05ahg*","Austin Wells","NYY","C","365","LRB","Active","26","8","2026","60.12","-","-"
"*04ru7*","Miguel Vargas","CHW","1B,3B,OF","367","TWN","Active","26","8","3rd","59.97","-","-"
"*025i9*","J.T. Realmuto","PHI","C","368","MFR","Active","34","19","1st","59.94","-","-"
"*0513l*","Brenton Doyle","COL","OF","369","ECH","Active","27","9","2nd","59.9","-","-"
"*05y9r*","Justin Wrobleski","LAD","SP,RP","372","ROX","Active","25","6","2nd","59.77","-","-"
"*05m49*","Jung Hoo Lee","SF","OF","375","MFR","Active","27","14","1st","59.75","-","-"
"*04t3y*","Alejandro Kirk","TOR","C","376","TSN","Active","27","18","2nd","59.6","-","-"
"*03aac*","Walker Buehler","BOS/PHI","SP","377","SML","Active","31","8","2nd","59.6","-","-"
"*05uc4*","Troy Melton","DET","SP,RP","378","LIL","Active","25","10","1st","59.56","-","-"
"*041qr*","Aaron Civale","MIL/CHW","SP,RP","379","TWN","Active","30","1","1st","59.55","-","-"
"*04qii*","Addison Barger","TOR","3B,OF","380","YRK","Active","26","12","1st","59.55","-","-"
"*03qjv*","Harrison Bader","MIN/PHI","OF","382","ROX","Active","31","5","1st","59.2","-","-"
"*051em*","Kerry Carpenter","DET","OF","383","ROX","Active","28","5","2026","59.14","-","-"
"*061yu*","Jacob Misiorowski","MIL","SP,RP","384","LRB","Active","23","10","1st","59.1","-","-"
"*0622t*","Jacob Wilson","ATH","SS","386","SML","Active","23","13","2nd","58.98","-","-"
"*01usi*","Marcell Ozuna","ATL","UT","387","TWN","Active","35","5","1st","58.9","-","-"
"*04alp*","Ernie Clement","TOR","1B,2B,3B,SS","389","ECH","Active","29","9","1st","58.84","-","-"
"*05rfu*","Kyle Manzardo","CLE","1B","391","LRB","Active","25","10","2nd","58.81","-","-"
"*05xpo*","Ryan Bergert","SD/KC","SP","392","KEN","Active","25","6","1st","58.81","-","-"
"*04ywk*","Tylor Megill","NYM","SP","395","NJ","Inj Res","30","5","2nd","58.64","-","-"
"*04eej*","Gavin Sheets","SD","1B,OF","396","ROX","Active","29","8","1st","58.57","-","-"
"*01vxp*","Brooks Raley","NYM","RP","397","WEQ","Active","37","5","1st","58.48","-","-"
"*05y4b*","Caleb Durbin","MIL","2B,3B,SS","398","TSN","Active","25","8","1st","58.36","-","-"
"*05jpd*","Ian Seymour","TB","SP,RP","400","YRK","Active","27","7","1st","58.28","-","-"
"*03wha*","Ronald Acuna Jr.","ATL","OF","403","SML","Active","28","44","1st","58.03","-","-"
"*05uo2*","Logan Henderson","MIL","SP","404","TSN","Active","23","14","1st","57.89","-","-"
"*04nky*","Trevor Larnach","MIN","1B,OF","405","LEX","Active","28","2","1st","57.86","-","-"
"*02w7p*","Alex Bregman","BOS","3B","407","RUM","Active","31","34","1st","57.8","-","-"
"*0310n*","Ryan McMahon","COL/NYY","3B","408","LRB","Active","31","6","1st","57.67","-","-"
"*03ql5*","Ryan Helsley","STL/NYM","RP","410","MCM","Active","31","12","2025","57.54","-","-"
"*0662m*","Luis Morales","ATH","SP","412","WEQ","Active","23","8","1st","57.47","-","-"
"*026lz*","Josh Bell","WSH","1B","414","MFR","Active","33","5","1st","57.37","-","-"
"*041ma*","Cole Ragans","KC","SP","416","YRK","Active","28","7","2028","57.2","-","-"
"*031dw*","Mike Yastrzemski","SF/KC","OF","418","MFR","Active","35","5","1st","57.17","-","-"
"*04pq4*","Kyle Bradish","BAL","SP","421","LIL","Active","29","10","1st","56.82","-","-"
"*060x1*","Wilyer Abreu","BOS","OF","423","ECH","Active","26","10","1st","56.65","-","-"
"*05yj1*","Nolan Schanuel","LAA","1B","425","WEQ","Active","23","4","1st","56.46","-","-"
"*03dpt*","Reed Garrett","NYM","SP,RP","427","TSN","Active","33","5","1st","56.37","-","-"
"*004ee*","Max Scherzer","TOR","SP","430","RR","Active","41","3","2nd","56.24","-","-"
"*01ual*","Paul Goldschmidt","NYY","1B,OF","431","ECH","Active","38","29","1st","56.15","-","-"
"*01c5l*","Yu Darvish","SD","SP","432","KEN","Active","39","4","1st","56.15","-","-"
"*052ru*","Josh Smith","TEX","1B,2B,3B,SS,OF","433","ECH","Active","28","10","1st","56.1","-","-"
"*05gwy*","Masyn Winn","STL","SS","434","MCM","Active","23","8","2nd","56.08","-","-"
"*026mq*","Tyler Anderson","LAA","SP","435","RR","Active","36","5","1st","56.07","-","-"
"*03nru*","Jesus Sanchez","MIA/HOU","OF","437","ECH","Active","28","4","1st","55.99","-","-"
"*04eig*","Jose Caballero","TB/NYY","2B,3B,SS,OF","438","LIL","Active","29","5","2nd","55.99","-","-"
"*02mw6*","Corey Seager","TEX","SS","439","MFR","Active","31","51","1st","55.92","-","-"
"*050c3*","Jasson Dominguez","NYY","OF","440","SML","Active","22","10","1st","55.89","-","-"
"*05gx4*","Dillon Dingler","DET","C","442","SHS","Active","27","10","1st","55.78","-","-"
"*02i2q*","Carlos Correa","MIN/HOU","3B,SS","444","SML","Active","31","25","1st","55.63","-","-"
"*041rf*","Shane Bieber","CLE/TOR","SP","446","FLA","Active","30","3","1st","55.35","-","-"
"*05ua7*","Jackson Merrill","SD","OF","447","RR","Active","22","10","2nd","55.18","-","-"
"*04o2w*","Ben Brown","CHC","SP,RP","450","TWN","Active","26","5","1st","54.96","-","-"
"*02ccf*","Tommy Kahnle","DET","RP","451","RR","Active","36","18","1st","54.91","-","-"
"*0622w*","Chandler Simpson","TB","OF","452","NJ","Active","25","10","1st","54.89","-","-"
"*04pt2*","Lars Nootbaar","STL","OF","455","MFR","Active","28","11","2026","54.8","-","-"
"*041qs*","Austin Hays","CIN","OF","457","LIL","Active","30","8","1st","54.67","-","-"
"*02i3o*","Aaron Nola","PHI","SP","458","KEN","Active","32","42","2nd","54.6","-","-"
"*0648z*","Victor Scott","STL","OF","459","RR","Active","24","14","1st","54.59","-","-"
"*0516n*","Isaac Collins","MIL","2B,3B,OF","461","KEN","Active","28","5","1st","54.57","-","-"
"*03pdw*","Andrew Benintendi","CHW","OF","464","ROX","Active","31","1","1st","54.38","-","-"
"*063vu*","Matt Shaw","CHC","2B,3B,SS","468","ECH","Active","24","10","1st","54.23","-","-"
"*01fhm*","Martin Perez","CHW","SP","469","RR","Active","34","18","1st","54.13","-","-"
"*04y44*","Josh Jung","TEX","3B","470","FLA","Active","27","8","3rd","54.05","-","-"
"*04yig*","Brooks Lee","MIN","2B,3B,SS","471","RUM","Active","24","10","2nd","54","-","-"
"*04yib*","Brett Baty","NYM","2B,3B","473","TWN","Active","26","5","1st","53.82","-","-"
"*048tn*","Carlos Narvaez","BOS","C","474","TWN","Active","27","5","1st","53.67","-","-"
"*02mxf*","Carson Kelly","CHC","C","475","RR","Active","31","15","1st","53.66","-","-"
"*04pse*","Brendan Donovan","STL","2B,SS,OF","476","LRB","Active","29","5","2nd","53.44","-","-"
"*05t9v*","Jonathan Aranda","TB","1B","478","WEQ","Inj Res","27","10","1st","53.26","-","-"
"*02mzg*","Max Muncy","LAD","3B","484","SML","Active","35","33","1st","52.56","-","-"
"*04mn5*","Alec Bohm","PHI","1B,3B","485","RUM","Active","29","15","5th","52.55","-","-"
"*05yfi*","Colton Gordon","HOU","SP,RP","487","TSN","Active","27","5","1st","52.53","-","-"
"*03qmh*","Jake Cronenworth","SD","1B,2B,SS","489","MCM","Active","32","17","1st","52.49","-","-"
"*04071*","Isaac Paredes","HOU","3B","490","TSN","Active","26","6","2028","52.35","-","-"
"*05rik*","Bubba Chandler","PIT","SP","491","LIL","Active","23","8","1st","52.32","-","-"
"*025ey*","Luke Jackson","TEX/DET/SEA","RP","494","TSN","Minors","34","14","1st","52.05","-","-"
"*041ah*","Josh Lowe","TB","OF","498","RUM","Active","27","15","4th","51.9","-","-"
"*04ydi*","Ronel Blanco","HOU","SP","500","ECH","Inj Res","32","15","2nd","51.79","-","-"
"*04emu*","Eric Wagaman","MIA","1B,3B,OF","506","MCM","Active","28","5","1st","51.25","-","-"
"*03d6n*","Erick Fedde","STL/ATL/MIL","SP,RP","507","WEQ","Active","32","6","1st","51.22","-","-"
"*03pji*","KeBryan Hayes","PIT/CIN","3B","508","TWN","Active","28","5","1st","51.17","-","-"
"*03avk*","Luis Rengifo","LAA","2B,3B,SS,OF","510","NJ","Active","28","5","1st","51.09","-","-"
"*060jo*","Cam Smith","HOU","3B,OF","511","WEQ","Active","22","10","1st","50.98","-","-"
"*05135*","Jake Mangum","TB","OF","512","ECH","Active","29","17","1st","50.94","-","-"
"*0310c*","Hunter Harvey","KC","RP","513","MFR","Active","31","5","2025","50.93","-","-"
"*04pmu*","Ryan Jeffers","MIN","C,OF","514","MCM","Active","28","5","2027","50.91","-","-"
"*05tzn*","Parker Messick","CLE","SP","517","KEN","Active","25","5","1st","50.87","-","-"
"*026mn*","Javier Baez","DET","2B,3B,SS,OF","519","ROX","Active","33","6","1st","50.87","-","-"
"*0510l*","Emerson Hancock","SEA","SP,RP","520","LIL","Active","26","6","1st","50.81","-","-"
"*03zcy*","Mark Vientos","NYM","1B,3B","522","LRB","Active","26","10","2nd","50.71","-","-"
"*06f1r*","Connelly Early","BOS","SP","524","WEQ","Active","23","20","1st","50.6","-","-"
"*05jrh*","Colt Keith","DET","1B,2B,3B","527","LRB","Inj Res","24","8","2nd","50.45","-","-"
"*03yxh*","Cal Quantrill","MIA/ATL/TEX","SP","528","RR","Active","30","12","1st","50.41","-","-"
"*066cf*","Zebby Matthews","MIN","SP","530","NJ","Active","25","13","2nd","50.27","-","-"
"*04nx3*","Jonathan India","KC","2B,3B,OF","531","TWN","Active","29","19","1st","50.2","-","-"
"*03qmr*","Nathan Lukes","TOR","OF","532","TSN","Active","31","9","1st","50.17","-","-"
"*0657l*","Jack Perkins","ATH","SP,RP","535","LRB","Inj Res","26","13","1st","50.05","-","-"
"*041q8*","Brandon Marsh","PHI","OF","538","NJ","Active","28","5","1st","49.97","-","-"
"*04q56*","Logan OHoppe","LAA","C","540","KEN","Active","25","8","3rd","49.89","-","-"
"*04ppi*","Kody Clemens","PHI/MIN","1B,2B,OF","542","YRK","Active","29","5","1st","49.86","-","-"
"*04qnd*","Noelvi Marte","CIN","3B,OF","544","YRK","Active","24","10","2nd","49.84","-","-"
"*05w7z*","Edgardo Henriquez","LAD","RP","546","LRB","Active","23","7","1st","49.82","-","-"
"*05vy6*","Bryce Miller","SEA","SP","550","FLA","Active","27","22","2026","49.57","-","-"
"*04s1h*","Luis Gil","NYY","SP","551","YRK","Active","27","6","2nd","49.53","-","-"
"*01cfr*","Carlos Santana","CLE/CHC","1B,3B","553","KEN","Active","39","1","2026","49.46","-","-"
"*02x0f*","Sean Manaea","NYM","SP","555","WEQ","Active","33","2","1st","49.26","-","-"
"*01spl*","Jurickson Profar","ATL","OF","558","SHS","Active","32","5","2nd","49.19","-","-"
"*04o78*","Matt Wallner","MIN","OF","570","FLA","Active","28","5","2nd","48.57","-","-"
"*04si2*","Andrew Vaughn","CHW/MIL","1B,2B","571","RR","Active","27","15","5th","48.44","-","-"
"*01cdf*","Giancarlo Stanton","NYY","OF,UT","574","KEN","Active","36","7","1st","48.28","-","-"
"*04mrn*","Bo Naylor","CLE","C","575","TWN","Active","25","8","3rd","48.18","-","-"
"*0317o*","Jeff McNeil","NYM","1B,2B,OF","582","TWN","Active","33","5","1st","48.01","-","-"
"*04aeb*","Royce Lewis","MIN","3B","584","WEQ","Active","26","10","3rd","47.93","-","-"
"*04yuu*","Patrick Bailey","SF","C","588","FLA","Active","26","5","2025","47.32","-","-"
"*05gsc*","Jordan Westburg","BAL","2B,3B","589","YRK","Active","26","12","2nd","47.24","-","-"
"*01sy3*","Nolan Arenado","STL","3B","591","RR","Active","34","19","1st","47.13","-","-"
"*041ai*","Gavin Lux","CIN","2B,3B,OF","594","WEQ","Active","28","9","1st","46.9","-","-"
"*05ras*","Colton Cowser","BAL","OF","596","NJ","Active","25","10","2nd","46.7","-","-"
"*04an8*","Wenceel Perez","DET","OF,UT","599","MCM","Active","26","10","2nd","46.64","-","-"
"*05t2b*","Daylen Lile","WSH","OF","602","YRK","Active","23","5","1st","46.63","-","-"
"*05a2d*","Max Meyer","MIA","SP","603","RR","Inj Res","26","10","2nd","46.63","-","-"
"*04q0o*","Romy Gonzalez","BOS","1B,2B,3B,SS","604","ROX","Active","29","6","1st","46.61","-","-"
"*04efc*","Tyler Freeman","CLE/COL","2B,3B,OF","607","ECH","Active","26","11","1st","46.55","-","-"
"*0311f*","Victor Caratini","HOU","C,1B","609","MFR","Active","32","5","1st","46.4","-","-"
"*05rch*","Colson Montgomery","CHW","3B,SS","610","TSN","Active","23","8","1st","46.39","-","-"
"*031b2*","Jonah Heim","TEX","C","613","RUM","Active","30","6","2025","46.15","-","-"
"*06650*","Hayden Birdsong","SF","SP,RP","614","LIL","Minors","24","8","2nd","46.13","-","-"
"*02mwq*","Zach Eflin","BAL","SP","615","LEX","Inj Res","31","4","2025","46.09","-","-"
"*030vs*","Kirby Yates","LAD","RP","616","LIL","Active","38","10","2nd","46.08","-","-"
"*04azv*","Jake Burger","TEX","1B,3B","618","MFR","Active","29","6","2026","46.04","-","-"
"*04efa*","Daulton Varsho","TOR","OF","619","LEX","Active","29","7","1st","45.89","-","-"
"*03pix*","Tyler Stephenson","CIN","C","624","NJ","Active","29","15","5th","45.54","-","-"
"*04y8z*","Erik Miller","SF","SP,RP","633","LEX","Inj Res","27","5","1st","44.9","-","-"
"*02z0e*","Yimi Garcia","TOR","RP","634","LEX","Inj Res","35","7","1st","44.89","-","-"
"*04xne*","Yoendrys Gomez","NYY/LAD/CHW","SP,RP","636","ROX","Active","26","5","1st","44.8","-","-"
"*02hhj*","Ryne Stanek","NYM","RP","639","TSN","Active","34","5","1st","44.57","-","-"
"*05yav*","David Festa","MIN","SP","641","WEQ","Inj Res","25","14","1st","44.51","-","-"
"*04emt*","Jake Meyers","HOU","OF","643","LEX","Active","29","5","1st","44.47","-","-"
"*05yj0*","Chase Dollander","COL","SP","644","TWN","Active","24","5","1st","44.43","-","-"
"*0514k*","Pedro Pages","STL","C,1B,2B","645","SHS","Active","27","5","1st","44.38","-","-"
"*04ai4*","Nolan Gorman","STL","1B,2B,3B","647","KEN","Active","25","15","4th","44.36","-","-"
"*02z0t*","Michael Conforto","LAD","OF","648","MFR","Active","32","2","2nd","44.26","-","-"
"*03aoy*","Sean Murphy","ATL","C","654","RR","Active","31","15","5th","44.01","-","-"
"*04mnw*","Ryan Weathers","MIA","SP","655","LRB","Active","26","6","2nd","43.96","-","-"
"*04s1g*","Gabriel Moreno","ARI","C","656","ISO","Active","25","17","1st","43.91","-","-"
"*01usr*","Kyle Higashioka","TEX","C","659","ISO","Active","35","5","1st","43.75","-","-"
"*0596e*","Dylan Crews","WSH","OF","664","ISO","Active","23","10","1st","43.45","-","-"
"*05ynb*","Liam Hicks","MIA","C,1B","666","SML","Active","26","5","1st","43.36","-","-"
"*05rb3*","Chase Burns","CIN","SP,RP","672","TWN","Active","23","10","1st","42.67","-","-"
"*0514f*","Hayden Wesneski","HOU","SP,RP","673","TWN","Inj Res","28","8","3rd","42.53","-","-"
"*04mra*","Ezequiel Tovar","COL","SS","674","YRK","Active","24","6","2025","42.47","-","-"
"*031el*","Danny Jansen","TB/MIL","C","675","WEQ","Active","30","6","2026","42.41","-","-"
"*06ala*","Osvaldo Bido","ATH","SP,RP","676","TWN","Active","30","1","1st","42.39","-","-"
"*04y95*","JJ Bleday","ATH","OF","681","RR","Active","28","10","2nd","42.09","-","-"
"*04azu*","Kumar Rocker","TEX","SP","682","TSN","Active","26","21","2nd","42.03","-","-"
"*05gbf*","Jordan Walker","STL","OF","683","FLA","Active","23","10","3rd","41.93","-","-"
"*05128*","Jared Triolo","PIT","1B,2B,3B,SS","686","NJ","Active","27","6","1st","41.77","-","-"
"*04de0*","Ramon Urias","BAL/HOU","1B,2B,3B","687","WEQ","Active","31","6","1st","41.74","-","-"
"*066er*","Grant Taylor","CHW","SP,RP","688","YRK","Active","23","8","1st","41.68","-","-"
"*03pzn*","Andres Gimenez","TOR","2B,SS","690","FLA","Active","27","15","2026","41.59","-","-"
"*05un2*","Edgar Quero","CHW","C","693","TSN","Active","22","16","1st","41.42","-","-"
"*05tce*","Connor Norby","MIA","3B","694","MCM","Active","25","8","2nd","41.41","-","-"
"*05rb0*","Jackson Jobe","DET","SP,RP","695","RR","Active","23","10","1st","41.36","-","-"
"*04ni3*","Luis Garcia","HOU","SP","697","MFR","Inj Res","29","11","2026","41.11","-","-"
"*05acp*","Justin Martinez","ARI","RP","701","LEX","Inj Res","24","5","2nd","40.9","-","-"
"*05wxy*","Kyle Teel","CHW","C,OF","702","FLA","Active","23","10","1st","40.88","-","-"
"*06fqx*","Seth Halvorsen","COL","RP","705","KEN","Inj Res","25","5","1st","40.75","-","-"
"*045kb*","Cristian Javier","HOU","SP","707","WEQ","Active","28","12","2026","40.56","-","-"
"*05gef*","Cade Cavalli","WSH","SP","709","SHS","Active","27","8","1st","40.33","-","-"
"*05u9z*","Roman Anthony","BOS","OF","710","TWN","Active","21","10","1st","40.27","-","-"
"*05rav*","Richard Fitts","BOS","SP","711","KEN","Inj Res","26","1","1st","40.16","-","-"
"*04q2n*","Adley Rutschman","BAL","C","713","ROX","Active","27","20","4th","40.08","-","-"
"*04bpj*","Taylor Walls","TB","2B,3B,SS","717","ECH","Active","29","7","1st","39.87","-","-"
"*04up9*","Heriberto Hernandez","MIA","OF","726","YRK","Active","26","5","1st","39.64","-","-"
"*05js3*","Kyle Harrison","SF/BOS","SP,RP","732","LIL","Minors","24","10","2nd","39.36","-","-"
"*05jp4*","Casey Schmitt","SF","1B,2B,3B,SS","733","TWN","Active","26","5","1st","39.32","-","-"
"*03qml*","Dylan Moore","SEA/TEX","1B,2B,3B,SS,OF","734","MFR","Active","33","7","1st","39.04","-","-"
"*03deg*","Justin Steele","CHC","SP","737","MFR","Inj Res","30","6","2027","38.94","-","-"
"*04qnc*","Francisco Alvarez","NYM","C","739","KEN","Active","24","8","3rd","38.9","-","-"
"*03di6*","Jordan Romano","PHI","RP","740","MFR","Active","32","19","1st","38.73","-","-"
"*041q6*","Nolan Jones","COL/CLE","1B,OF","742","RR","Active","27","5","2nd","38.72","-","-"
"*065ji*","Jakob Marsee","MIA","OF","749","LIL","Active","24","10","1st","38.2","-","-"
"*03vcw*","Jordan Hicks","SF/BOS","SP,RP","754","TWN","Inj Res","29","8","1st","37.74","-","-"
"*0597k*","Nick Gonzales","PIT","2B,SS","760","TSN","Active","26","10","2nd","37.2","-","-"
"*031cd*","Mitch Garver","SEA","C","765","LEX","Active","35","5","1st","36.72","-","-"
"*05lo5*","Freddy Fermin","KC/SD","C,2B","766","ROX","Active","30","5","1st","36.72","-","-"
"*05mdt*","Evan Carter","TEX","OF","778","WEQ","Active","23","10","2nd","36.03","-","-"
"*05js5*","Coby Mayo","BAL","1B,3B","779","MCM","Active","24","8","1st","35.95","-","-"
"*05wxw*","Gordon Graceffo","STL","SP,RP","781","ROX","Active","25","8","1st","35.91","-","-"
"*02i11*","Jorge Soler","LAA","OF,UT","782","TWN","Inj Res","33","3","2026","35.86","-","-"
"*04alq*","Pavin Smith","ARI","1B,OF","785","TSN","Active","29","1","1st","35.64","-","-"
"*05zh9*","Luke Keaschall","MIN","2B","786","YRK","Inj Res","23","10","1st","35.58","-","-"
"*04mn4*","Joey Bart","PIT","C","791","WEQ","Active","29","4","1st","34.98","-","-"
"*02brf*","Jorge Lopez","WSH","RP","794","MFR","Active","32","1","1st","34.87","-","-"
"*04ok3*","Michael Toglia","COL","1B","795","KEN","Minors","27","6","2nd","34.81","-","-"
"*04pvs*","Blaze Alexander","ARI","2B,3B,SS,OF","807","ROX","Active","26","5","1st","34.12","-","-"
"*03o43*","Luis Urias","ATH/MIL","2B,3B","813","WEQ","Active","28","6","1st","33.74","-","-"
"*05rks*","Luis Mey","CIN","RP","819","ROX","Minors","24","6","1st","33.55","-","-"
"*05gdz*","Roki Sasaki","LAD","SP","820","FLA","Inj Res","24","10","1st","33.43","-","-"
"*0515o*","Brandon Sproat","NYM","SP","828","TWN","Minors","25","10","1st","32.73","-","-"
"*06apx*","Trey Yesavage","TOR","SP","830","RUM","Active","22","14","1st","32.69","-","-"
"*026qc*","Joc Pederson","TEX","1B,OF","831","LEX","Active","33","6","2025","32.66","-","-"
"*05g4k*","Mick Abel","PHI/MIN","SP","839","SML","Minors","24","8","1st","32","-","-"
"*059bx*","Brady House","WSH","3B","840","KEN","Active","22","10","1st","31.99","-","-"
"*051aa*","Porter Hodge","CHC","RP","843","LRB","Minors","24","5","2nd","31.65","-","-"
"*05y0j*","Spencer Arrighetti","HOU","SP","848","NJ","Inj Res","26","13","1st","31.38","-","-"
"*04g7n*","Oswald Peraza","NYY/LAA","1B,2B,3B,SS","857","MFR","Active","25","8","3rd","30.53","-","-"
"*03d6v*","Michael Kopech","LAD","RP","861","LIL","Active","29","10","1st","30.4","-","-"
"*02yk4*","Tyler ONeill","BAL","OF","862","RUM","Active","30","5","1st","30.39","-","-"
"*06f0q*","Kristian Campbell","BOS","2B,SS,OF","864","TWN","Minors","23","10","1st","30.15","-","-"
"*03rmz*","Keibert Ruiz","WSH","C","867","ROX","Inj Res","27","15","4th","30.06","-","-"
"*02bve*","Blake Treinen","LAD","RP","869","RR","Active","37","1","1st","29.9","-","-"
"*05131*","Tyler Fitzgerald","SF","2B,SS,OF","877","WEQ","Active","28","10","2nd","29.56","-","-"
"*06in4*","Hyeseong Kim","LAD","2B,SS,OF","878","LIL","Active","27","14","1st","29.51","-","-"
"*0514z*","Sawyer Gipson-Long","DET","SP,RP","879","MCM","Minors","28","5","1st","29.32","-","-"
"*04z6k*","Luisangel Acuna","NYM","2B,3B,SS,OF","883","TSN","Minors","23","8","1st","29.06","-","-"
"*05t9l*","Max Muncy","ATH","2B,3B,SS","889","WEQ","Inj Res","23","6","1st","28.69","-","-"
"*05y7x*","Cole Young","SEA","2B,SS","892","TSN","Active","22","10","1st","28.54","-","-"
"*05ajg*","Ha-seong Kim","TB/ATL","2B,SS","919","LEX","Active","30","6","2026","27.42","-","-"
"*04pmt*","Jeremiah Jackson","BAL","2B,3B,SS,OF","925","NJ","Active","25","6","1st","27.09","-","-"
"*04pmn*","Parker Meadows","DET","OF","932","MCM","Active","26","7","2nd","26.64","-","-"
"*04psr*","David Fry","CLE","C,1B,OF","934","RR","Active","30","6","2nd","26.59","-","-"
"*05u9q*","Jac Caglianone","KC","1B,OF","936","LIL","Active","22","10","1st","26.38","-","-"
"*063e5*","Caden Dana","LAA","SP","939","LRB","Active","22","8","1st","26.17","-","-"
"*03bin*","Nestor Cortes Jr.","MIL/SD","SP","947","LRB","Inj Res","31","6","2026","26.01","-","-"
"*05gbe*","Robert Hassell","WSH","OF","948","KEN","Active","24","10","1st","25.96","-","-"
"*06cq8*","Christian Moore","LAA","2B","949","WEQ","Active","23","10","1st","25.92","-","-"
"*05xu2*","Ryan Ritter","COL","2B,SS","951","KEN","Active","25","10","1st","25.89","-","-"
"*04fyo*","Ronny Mauricio","NYM","2B,3B,SS","955","TSN","Active","24","10","1st","25.49","-","-"
"*051am*","Easton Lucas","TOR","SP,RP","965","RR","Minors","29","17","1st","24.74","-","-"
"*03pzo*","Leody Taveras","TEX/SEA","OF","970","FLA","Active","27","5","1st","24.55","-","-"
"*05xtz*","Dalton Rushing","LAD","C,1B,OF","978","LIL","Active","24","8","1st","24.15","-","-"
"*03djk*","Tanner Houck","BOS","SP","980","MFR","Inj Res","29","2","2027","24.06","-","-"
"*050s0*","Kyren Paris","LAA","2B,OF","982","WEQ","Minors","24","8","1st","24.04","-","-"
"*02w16*","Anthony Santander","TOR","1B,OF","983","MCM","Inj Res","31","37","1st","24.03","-","-"
"*03xs3*","Miguel Amaya","CHC","C","984","FLA","Inj Res","26","1","2nd","24","-","-"
"*05u6r*","Robert Gasser","MIL","SP","986","NJ","Minors","26","8","1st","23.89","-","-"
"*05145*","Darell Hernaiz","ATH","2B,3B,SS","993","SML","Active","24","10","1st","23.57","-","-"
"*05unf*","Denzel Clarke","ATH","OF","1003","LIL","Inj Res","25","6","1st","23","-","-"
"*04ybm*","Warming Bernabel","COL","1B,3B","1019","MCM","Inj Res","23","7","1st","22.21","-","-"
"*0596f*","Heston Kjerstad","BAL","OF","1025","RUM","Minors","26","8","2nd","22.06","-","-"
"*05xty*","Dylan Beavers","BAL","OF","1034","RUM","Active","24","9","1st","21.47","-","-"
"*05r9j*","Marcelo Mayer","BOS","2B,3B,SS","1040","ROX","Inj Res","23","10","1st","21.26","-","-"
"*05ojj*","Matt Mervis","MIA/ARI","1B","1042","NJ","Minors","27","8","1st","21.04","-","-"
"*05yfl*","Joey Loperfido","TOR","OF","1055","RUM","Minors","26","5","1st","20.22","-","-"
"*04psu*","James Outman","LAD/MIN","OF","1057","LIL","Active","28","8","2026","20.16","-","-"
"*05g3k*","Yanquiel Fernandez","COL","OF","1064","LRB","Active","23","8","1st","19.52","-","-"
"*03qqf*","Alexis Diaz","CIN/LAD/ATL","RP","1065","LEX","Minors","29","6","2028","19.49","-","-"
"*01sfi*","DJ LeMahieu","NYY","1B,2B,3B","1066","ECH","Minors","37","10","1st","19.44","-","-"
"*05rbv*","Samuel Basallo","BAL","C,1B","1072","TSN","Active","21","10","1st","19.31","-","-"
"*06dsa*","Kyle Karros","COL","3B","1073","LIL","Active","23","10","1st","19.18","-","-"
"*0664g*","Hayden Harris","ATL","RP","1077","LIL","Minors","26","5","1st","18.97","-","-"
"*03dei*","Lane Thomas","CLE","OF","1078","ROX","Inj Res","30","6","2026","18.94","-","-"
"*06gwk*","Payton Tolle","BOS","SP","1082","RUM","Active","23","22","1st","18.8","-","-"
"*0658b*","Jonah Tong","NYM","SP","1083","ISO","Active","22","23","1st","18.79","-","-"
"*03c65*","Victor Robles","SEA","OF","1087","LRB","Active","28","5","2nd","18.66","-","-"
"*05vy5*","Carter Jensen","KC","C","1093","LIL","Active","22","5","1st","18.32","-","-"
"*0641c*","Zach Dezenzo","HOU","1B,OF","1095","RUM","Inj Res","25","10","1st","18.29","-","-"
"*05t9n*","Carson Williams","TB","SS","1100","FLA","Active","22","8","1st","17.99","-","-"
"*02bxv*","Jon Gray","TEX","SP,RP","1108","TSN","Active","34","5","1st","17.38","-","-"
"*05xu0*","Drew Gilbert","NYM/SF","OF","1111","SHS","Active","25","8","1st","17.16","-","-"
"*05rbs*","Moises Ballesteros","CHC","C,1B","1116","MFR","Minors","22","8","1st","16.83","-","-"
"*060eu*","Ben Joyce","LAA","RP","1125","LIL","Inj Res","25","8","2nd","16.61","-","-"
"*042af*","Enmanuel Valdez","PIT","1B,2B,OF","1142","ECH","Inj Res","27","6","2nd","15.52","-","-"
"*04mn2*","Griffin Conine","MIA","OF","1143","RR","Inj Res","28","9","1st","15.5","-","-"
"*04de1*","Triston Casas","BOS","1B","1145","RR","Inj Res","26","8","3rd","15.39","-","-"
"*066db*","Zach Cole Jr.","HOU","OF,UT","1152","YRK","Active","25","5","1st","15.04","-","-"
"*05u9o*","Sal Stewart","CIN","1B,2B,3B","1156","LRB","Active","22","8","1st","14.79","-","-"
"*04ysv*","Adael Amador","COL","2B","1157","KEN","Minors","22","8","1st","14.77","-","-"
"*05xu1*","Alex Freeland","LAD","2B,3B,SS","1163","TSN","Active","24","8","1st","14.46","-","-"
"*06l0i*","Eduarniel Nunez","SD/ATH","RP","1165","LIL","Minors","26","5","1st","14.42","-","-"
"*05ub0*","Zack Gelof","ATH","2B","1166","ROX","Inj Res","26","4","1st","14.37","-","-"
"*061gx*","Jacob Melton","HOU","OF","1195","WEQ","Active","25","8","1st","12.81","-","-"
"*05js7*","Nick Yorke","PIT","1B,2B,3B,OF","1200","NJ","Minors","23","10","1st","12.63","-","-"
"*04en7*","Garrett Mitchell","MIL","OF","1203","ROX","Inj Res","27","10","2nd","12.46","-","-"
"*05r1m*","Jordan Lawlar","ARI","2B,3B,SS","1212","ISO","Active","23","8","1st","11.98","-","-"
"*05u2q*","Blade Tidwell","NYM/SF","SP","1230","TSN","Minors","24","8","1st","11.51","-","-"
"*027fx*","Jeimer Candelario","CIN/NYY","1B,3B","1232","LEX","Minors","32","10","1st","11.39","-","-"
"*04fqi*","George Valera","CLE","OF","1247","LRB","Minors","25","8","1st","10.73","-","-"
"*03i81*","Reynaldo Lopez","ATL","SP","1261","MFR","Inj Res","32","10","2nd","10","-","-"
"*064zm*","Didier Fuentes","ATL","SP","1269","LIL","Minors","20","12","1st","9.64","-","-"
"*041m3*","Forrest Whitley","HOU/TB","RP","1272","TWN","Minors","28","10","1st","9.56","-","-"
"*0406v*","Esteury Ruiz","ATH/LAD","OF","1311","LIL","Minors","26","5","1st","7.41","-","-"
"*05tzg*","Jace Jung","DET","3B","1316","MCM","Minors","25","8","1st","7.12","-","-"
"*03bud*","Bryan De La Cruz","ATL/NYY","OF","1319","ROX","Minors","29","1","1st","6.92","-","-"
"*041qh*","Jose Miranda","MIN","3B","1324","ROX","Minors","27","15","4th","6.73","-","-"
"*05jsg*","Owen Caissie","CHC","OF","1328","SML","Minors","23","8","1st","6.68","-","-"
"*05gbg*","Zac Veen","COL","OF","1331","FLA","Minors","24","10","1st","6.5","-","-"
"*051e5*","Matt Waldron","SD","SP","1334","RR","Minors","29","5","2nd","6.23","-","-"
"*05gwz*","Bobby Miller","LAD","SP","1338","LIL","Minors","26","10","3rd","6.08","-","-"
"*05u96*","Bryce Eldridge","SF","1B","1339","KEN","Minors","21","8","1st","6.03","-","-"
"*04qow*","Kevin Alcantara","CHC","OF","1383","LRB","Active","23","10","1st","4.45","-","-"
"*05u2u*","Tyler Black","MIL","1B,OF","1394","NJ","Minors","25","8","1st","3.85","-","-"
"*059bs*","Bryan Ramos","CHW","3B","1404","WEQ","Minors","23","8","2nd","3.47","-","-"
"*05raw*","Harry Ford","SEA","C","1429","ROX","Minors","22","10","1st","2.42","-","-"
"*05j8u*","Jhostynxon Garcia","BOS","OF","1433","SML","Active","23","16","1st","2.34","-","-"
"*066mw*","Rayner Arias","SF","OF","1789","TSN","Minors","19","8","1st","0","-","-"
"*05gec*","Roderick Arias","NYY","2B,SS","1791","WEQ","Minors","21","8","1st","0","-","-"
"*05rcj*","Edwin Arroyo","CIN","SS","1823","MFR","Minors","22","8","1st","0","-","-"
"*05zde*","Travis Bazzana","CLE","2B","2038","NJ","Minors","23","10","1st","0","-","-"
"*06icc*","Eduardo Beltre","MIN","OF","2088","NJ","Minors","19","8","1st","0","-","-"
"*06aly*","Carson Benge","NYM","OF","2101","TSN","Minors","23","8","1st","0","-","-"
"*05t5m*","Jacob Berry","MIA","3B,OF","2143","RR","Minors","24","8","1st","0","-","-"
"*04267*","Hunter Bishop","SF","OF","2186","MFR","Minors","27","8","1st","0","-","-"
"*05m1c*","Miguel Bleis","BOS","OF","2211","ROX","Minors","21","8","1st","0","-","-"
"*05jre*","Enrique Bradfield Jr.","BAL","OF","2301","LIL","Minors","24","8","1st","0","-","-"
"*0514o*","Cody Bradford","TEX","SP","2302","LEX","Inj Res","27","2","1st","0","-","-"
"*062e0*","Cam Caminiti","ATL","SP","2564","ECH","Minors","19","8","1st","0","-","-"
"*05mx9*","Felnin Celesten","SEA","SS","2776","NJ","Minors","20","8","1st","0","-","-"
"*05yix*","Jaison Chourio","CLE","OF","2875","TSN","Minors","20","8","1st","0","-","-"
"*05u9y*","Max Clark","DET","OF","2902","MCM","Minors","21","10","1st","0","-","-"
"*05ge1*","Ryan Clifford","NYM","1B,OF","2923","TSN","Minors","22","8","1st","0","-","-"
"*01spo*","Gerrit Cole","NYY","SP","2947","MFR","Inj Res","35","13","1st","0","-","-"
"*05u1y*","Cam Collier","CIN","3B","2962","YRK","Minors","21","8","1st","0","-","-"
"*06alk*","Charlie Condon","COL","OF","2991","ECH","Minors","22","10","1st","0","-","-"
"*05y30*","Justin Crawford","PHI","OF","3107","MFR","Minors","22","8","1st","0","-","-"
"*04ep8*","Kutter Crawford","BOS","SP","3108","RUM","Inj Res","29","5","2025","0","-","-"
"*05tcd*","Gavin Cross","KC","OF","3130","MCM","Minors","24","8","1st","0","-","-"
"*061zv*","Josue De Paula","LAD","OF","3392","MCM","Minors","20","8","1st","0","-","-"
"*067yc*","Leodalis De Vries","SD/ATH","SS","3397","NJ","Minors","19","8","1st","0","-","-"
"*05uei*","Chase DeLauter","CLE","OF","3405","LRB","Minors","24","10","1st","0","-","-"
"*06626*","Alfredo Duno","CIN","C","3651","TWN","Minors","20","8","1st","0","-","-"
"*060ub*","Colt Emerson","SEA","SS","3729","YRK","Minors","20","8","1st","0","-","-"
"*04ya2*","Daniel Espino","CLE","SP","3776","TWN","Minors","25","10","1st","0","-","-"
"*04aoq*","Jason Foley","DET","RP","4003","ROX","Inj Res","30","1","2nd","0","-","-"
"*05r5e*","Angel Genao","CLE","SS","4266","RR","Minors","21","8","1st","0","-","-"
"*05u3u*","Konnor Griffin","PIT","SS","4525","FLA","Minors","19","10","1st","0","-","-"
"*05yh3*","Chase Hampton","NYY","SP","4677","TSN","Minors","24","8","1st","0","-","-"
"*05jpx*","Tink Hence","STL","SP","4772","FLA","Minors","23","8","1st","0","-","-"
"*0516h*","DJ Herz","WSH","SP","4908","KEN","Inj Res","25","9","2nd","0","-","-"
"*06eyu*","Zyhir Hope","LAD","OF","5010","YRK","Minors","21","8","1st","0","-","-"
"*062pp*","Xavier Isaac","TB","1B","5112","WEQ","Minors","22","8","1st","0","-","-"
"*05u3v*","Walker Jenkins","MIN","OF","5178","KEN","Minors","20","10","1st","0","-","-"
"*05rc5*","Termarr Johnson","PIT","2B,SS","5251","LRB","Minors","21","10","1st","0","-","-"
"*05tdk*","Druw Jones","ARI","OF","5266","SML","Minors","22","10","1st","0","-","-"
"*05h2u*","Jared Jones","PIT","SP","5269","MFR","Inj Res","24","8","2nd","0","-","-"
"*04yi8*","Spencer Jones","NYY","OF","5279","LRB","Minors","24","8","1st","0","-","-"
"*059qm*","Asa Lacy","KC","SP,RP","5526","SHS","Minors","26","10","1st","0","-","-"
"*06cev*","Jhancarlos Lara","ATL","SP","5573","LIL","Minors","23","6","1st","0","-","-"
"*05tdl*","Dylan Lesko","TB","SP","5674","WEQ","Minors","22","8","1st","0","-","-"
"*05r64*","Thayron Liranzo","DET","C,1B","5738","TWN","Minors","22","8","1st","0","-","-"
"*06b72*","George Lombard Jr.","NYY","SS","5775","ECH","Minors","20","8","1st","0","-","-"
"*061bo*","Rhett Lowder","CIN","SP","5838","MCM","Active","23","8","2nd","0","-","-"
"*04ooy*","Marco Luciano","SF","2B,SS","5847","KEN","Minors","24","8","1st","0","-","-"
"*06ibv*","Jesus Made","MIL","SS","5922","ISO","Minors","18","10","1st","0","-","-"
"*04mms*","Orelvis Martinez","TOR/WSH","2B","6125","MFR","Minors","24","8","1st","0","-","-"
"*060gd*","Quinn Mathews","STL","SP","6163","TWN","Minors","25","8","1st","0","-","-"
"*04mlt*","Shane McClanahan","TB","SP","6217","LEX","Inj Res","28","16","1st","0","-","-"
"*05yby*","Kevin McGonigle","DET","2B,SS","6255","MCM","Minors","21","10","1st","0","-","-"
"*066cn*","Wade Meckler","SF","OF","6307","MFR","Minors","25","6","2025","0","-","-"
"*062yr*","Noble Meyer","MIA","SP","6443","TSN","Minors","21","10","1st","0","-","-"
"*05u36*","Aidan Miller","PHI","SS","6479","NJ","Minors","21","8","1st","0","-","-"
"*05rfc*","Lazaro Montes","SEA","OF","6584","YRK","Minors","21","8","1st","0","-","-"
"*05rcg*","Braden Montgomery","CHW","OF","6589","WEQ","Minors","22","10","1st","0","-","-"
"*06ibo*","Emil Morales","LAD","SS","6627","ISO","Minors","19","8","1st","0","-","-"
"*05y3p*","Arjun Nimmala","TOR","SS","6858","FLA","Minors","20","8","1st","0","-","-"
"*05uv5*","Abimelec Ortiz","TEX","1B","7030","SML","Minors","23","8","1st","0","-","-"
"*05r3i*","Andrew Painter","PHI","SP","7123","SML","Minors","22","10","1st","0","-","-"
"*067xj*","Cooper Pratt","MIL","SS","7576","TWN","Minors","21","8","1st","0","-","-"
"*056j2*","Reginald Preciado","CHC","SS","7580","LRB","Minors","22","8","1st","0","-","-"
"*05gss*","Jeferson Quero","MIL","C","7617","MCM","Minors","23","8","1st","0","-","-"
"*05yai*","Bryce Rainer","DET","SS","7657","KEN","Minors","20","8","1st","0","-","-"
"*054p6*","Emmanuel Rodriguez","MIN","OF","7988","YRK","Minors","22","8","1st","0","-","-"
"*04pko*","Grayson Rodriguez","BAL","SP","7999","NJ","Inj Res","26","8","3rd","0","-","-"
"*066o8*","Jeremy Rodriguez","NYM","SS","8002","ROX","Minors","19","8","1st","0","-","-"
"*05ynx*","River Ryan","LAD","SP","8227","LIL","Inj Res","27","8","1st","0","-","-"
"*05ybr*","Ethan Salas","SD","C","8247","FLA","Minors","19","8","1st","0","-","-"
"*06ho7*","Paulino Santana","TEX","OF","8363","WEQ","Minors","19","8","1st","0","-","-"
"*05uc7*","Noah Schultz","CHW","SP","8452","NJ","Minors","22","10","1st","0","-","-"
"*05xpq*","Christian Scott","NYM","SP","8461","TSN","Inj Res","26","8","2nd","0","-","-"
"*05zd4*","Hagen Smith","CHW","SP","8674","SML","Minors","22","10","1st","0","-","-"
"*061mh*","Robby Snelling","MIA","SP","8701","KEN","Minors","22","8","1st","0","-","-"
"*05y7n*","Jarlin Susana","WSH","SP","8919","RR","Minors","21","10","1st","0","-","-"
"*05ycl*","Travis Sykora","WSH","SP","8932","MCM","Minors","21","8","1st","0","-","-"
"*05wy1*","Brayden Taylor","TB","3B,SS","8994","WEQ","Minors","23","8","1st","0","-","-"
"*05js6*","Ricky Tiedemann","TOR","SP","9090","TWN","Minors","23","10","1st","0","-","-"
"*05ucf*","James Triantos","CHC","2B","9189","WEQ","Minors","22","8","1st","0","-","-"
"*05jse*","Tommy Troy","ARI","SS","9201","TSN","Minors","24","8","1st","0","-","-"
"*0662o*","Sebastian Walcott","TEX","3B,SS","9489","FLA","Minors","19","8","1st","0","-","-"
"*06aw3*","JJ Wetherholt","STL","SS","9607","TSN","Minors","23","10","1st","0","-","-"
"*05tp6*","Thomas White","MIA","SP","9630","FLA","Minors","21","8","1st","0","-","-"
"*05ubi*","Brock Wilken","MIL","3B","9657","KEN","Minors","23","10","1st","0","-","-"
"*060la*","Jett Williams","NYM","SS","9677","SML","Minors","22","10","1st","0","-","-"
"*05rdr*","Samuel Zavala","SD","OF","9849","YRK","Minors","21","8","1st","0","-","-"
