"RK",TIERS,"PLAYER NAME",TEAM,"POS","BYE WEEK","UPSIDE ","BUST ","SOS SEASON","ECR VS. ADP","AVG. DIFF ","% OVER "
"1",1,"Ja'Marr Chase",CIN,"WR1","10","Coach Upside rating","Coach Bust rating","3 out of 5 stars","0","+4.1","56% (9/16)"
"2",1,"Bijan Robinson",ATL,"RB1","5","Coach Upside rating","Coach Bust rating","4 out of 5 stars","0","+0.7","56% (9/16)"
"3",1,"CeeDee Lamb",DAL,"WR2","10","Coach Upside rating","Coach Bust rating","2 out of 5 stars","+2","-0.4","46% (7/15)"
"4",1,"Jahmyr Gibbs",DET,"RB2","8","Coach Upside rating","Coach Bust rating","2 out of 5 stars","0","+2.9","68% (11/16)"
"5",2,"Justin Jefferson",MIN,"WR3","6","Coach Upside rating","Coach Bust rating","2 out of 5 stars","+1","+0.7","50% (8/16)"
"6",2,"Saquon Barkley",PHI,"RB3","9","Coach Upside rating","Coach Bust rating","3 out of 5 stars","-3","+3.8","50% (8/16)"
"7",2,"Malik Nabers",NYG,"WR4","14","Coach Upside rating","Coach Bust rating","2 out of 5 stars","+1","+1.8","42% (6/14)"
"8",2,"Christian McCaffrey",SF,"RB4","14","Coach Upside rating","Coach Bust rating","3 out of 5 stars","-1","-8.2","0% (0/4)"
"9",2,"Nico Collins",HOU,"WR5","6","Coach Upside rating","Coach Bust rating","4 out of 5 stars","+4","+0.9","63% (7/11)"
"10",3,"Amon-Ra St. Brown",DET,"WR6","8","Coach Upside rating","Coach Bust rating","3 out of 5 stars","-1","+1.0","62% (10/16)"
"11",3,"Puka Nacua",LAR,"WR7","8","Coach Upside rating","Coach Bust rating","3 out of 5 stars","+1","+1.4","54% (6/11)"
"12",3,"Drake London",ATL,"WR8","5","Coach Upside rating","Coach Bust rating","3 out of 5 stars","+5","-0.3","56% (9/16)"
"13",3,"Brian Thomas Jr.",JAC,"WR9","8","Coach Upside rating","Coach Bust rating","4 out of 5 stars","+2","+3.7","75% (12/16)"
"14",3,"Ashton Jeanty",LV,"RB5","8","Coach Upside rating","Coach Bust rating","2 out of 5 stars","-3","-","-"
"15",3,"Ladd McConkey",LAC,"WR10","12","Coach Upside rating","Coach Bust rating","3 out of 5 stars","+11","+2.0","53% (8/15)"
"16",4,"Brock Bowers",LV,"TE1","8","Coach Upside rating","Coach Bust rating","2 out of 5 stars","+3","+1.4","56% (9/16)"
"17",4,"Derrick Henry",BAL,"RB6","7","Coach Upside rating","Coach Bust rating","3 out of 5 stars","-7","+2.8","56% (9/16)"
"18",4,"De'Von Achane",MIA,"RB7","12","Coach Upside rating","Coach Bust rating","4 out of 5 stars","-4","-0.2","50% (8/16)"
"19",4,"A.J. Brown",PHI,"WR11","9","Coach Upside rating","Coach Bust rating","3 out of 5 stars","+2","+0.8","53% (7/13)"
"20",4,"Jaxon Smith-Njigba",SEA,"WR12","8","Coach Upside rating","Coach Bust rating","3 out of 5 stars","+13","+1.6","50% (8/16)"
"21",4,"Trey McBride",ARI,"TE2","8","Coach Upside rating","Coach Bust rating","5 out of 5 stars","+6","+1.3","53% (8/15)"
"22",4,"Chase Brown",CIN,"RB8","10","Coach Upside rating","Coach Bust rating","3 out of 5 stars","0","+2.3","62% (10/16)"
"23",4,"Tee Higgins",CIN,"WR13","10","Coach Upside rating","Coach Bust rating","3 out of 5 stars","+7","+4.0","63% (7/11)"
"24",4,"Jonathan Taylor",IND,"RB9","11","Coach Upside rating","Coach Bust rating","2 out of 5 stars","-6","+1.3","46% (6/13)"
"25",4,"Josh Allen",BUF,"QB1","7","Coach Upside rating","Coach Bust rating","4 out of 5 stars","-5","+2.0","56% (9/16)"
"26",4,"Davante Adams",LAR,"WR14","8","Coach Upside rating","Coach Bust rating","3 out of 5 stars","+16","+1.3","46% (6/13)"
"27",4,"Lamar Jackson",BAL,"QB2","7","Coach Upside rating","Coach Bust rating","3 out of 5 stars","-4","+3.6","75% (12/16)"
"28",5,"Bucky Irving",TB,"RB10","9","Coach Upside rating","Coach Bust rating","3 out of 5 stars","-4","+2.8","75% (12/16)"
"29",5,"Josh Jacobs",GB,"RB11","5","Coach Upside rating","Coach Bust rating","4 out of 5 stars","-13","+1.9","50% (8/16)"
"30",5,"George Kittle",SF,"TE3","14","Coach Upside rating","Coach Bust rating","3 out of 5 stars","+7","+2.9","78% (11/14)"
"31",5,"Jalen Hurts",PHI,"QB3","9","Coach Upside rating","Coach Bust rating","3 out of 5 stars","+3","0.0","53% (8/15)"
"32",5,"Kyren Williams",LAR,"RB12","8","Coach Upside rating","Coach Bust rating","3 out of 5 stars","-7","-0.1","43% (7/16)"
"33",5,"Garrett Wilson",NYJ,"WR15","9","Coach Upside rating","Coach Bust rating","4 out of 5 stars","+8","+0.1","43% (7/16)"
"34",5,"Jayden Daniels",WAS,"QB4","12","Coach Upside rating","Coach Bust rating","2 out of 5 stars","-5","+2.0","56% (9/16)"
"35",5,"Marvin Harrison Jr.",ARI,"WR16","8","Coach Upside rating","Coach Bust rating","4 out of 5 stars","+9","-1.6","37% (6/16)"
"36",5,"Mike Evans",TB,"WR17","9","Coach Upside rating","Coach Bust rating","3 out of 5 stars","+4","+1.5","46% (6/13)"
"37",5,"James Cook",BUF,"RB13","7","Coach Upside rating","Coach Bust rating","4 out of 5 stars","-9","+2.1","60% (9/15)"
"38",5,"Alvin Kamara",NO,"RB14","11","Coach Upside rating","Coach Bust rating","4 out of 5 stars","-2","-0.1","35% (5/14)"
"39",6,"Tyreek Hill",MIA,"WR18","12","Coach Upside rating","Coach Bust rating","3 out of 5 stars","-8","-2.1","31% (5/16)"
"40",6,"Kenneth Walker III",SEA,"RB15","8","Coach Upside rating","Coach Bust rating","3 out of 5 stars","+3","+0.2","36% (4/11)"
"41",6,"Terry McLaurin",WAS,"WR19","12","Coach Upside rating","Coach Bust rating","3 out of 5 stars","-2","+1.8","75% (12/16)"
"42",6,"Xavier Worthy",KC,"WR20","10","Coach Upside rating","Coach Bust rating","3 out of 5 stars","+11","+0.7","50% (8/16)"
"43",6,"Omarion Hampton",LAC,"RB16","12","Coach Upside rating","Coach Bust rating","3 out of 5 stars","-8","-","-"
"44",6,"DJ Moore",CHI,"WR21","5","Coach Upside rating","Coach Bust rating","2 out of 5 stars","+6","-0.2","31% (5/16)"
"45",6,"Courtland Sutton",DEN,"WR22","12","Coach Upside rating","Coach Bust rating","3 out of 5 stars","+6","+1.1","62% (10/16)"
"46",6,"DK Metcalf",PIT,"WR23","5","Coach Upside rating","Coach Bust rating","4 out of 5 stars","+2","-1.7","28% (4/14)"
"47",6,"Breece Hall",NYJ,"RB17","9","Coach Upside rating","Coach Bust rating","5 out of 5 stars","-9","-2.6","26% (4/15)"
"48",6,"Calvin Ridley",TEN,"WR24","10","Coach Upside rating","Coach Bust rating","4 out of 5 stars","+17","-0.4","37% (6/16)"
"49",6,"Jameson Williams",DET,"WR25","8","Coach Upside rating","Coach Bust rating","3 out of 5 stars","+8","+2.6","60% (9/15)"
"50",6,"James Conner",ARI,"RB18","8","Coach Upside rating","Coach Bust rating","3 out of 5 stars","-3","+0.4","62% (10/16)"
"51",6,"Tetairoa McMillan",CAR,"WR26","14","Coach Upside rating","Coach Bust rating","4 out of 5 stars","+5","-","-"
"52",6,"TreVeyon Henderson",NE,"RB19","14","Coach Upside rating","Coach Bust rating","4 out of 5 stars","-7","-","-"
"53",6,"Chuba Hubbard",CAR,"RB20","14","Coach Upside rating","Coach Bust rating","4 out of 5 stars","-7","+2.1","53% (8/15)"
"54",6,"Joe Burrow",CIN,"QB5","10","Coach Upside rating","Coach Bust rating","2 out of 5 stars","-22","+3.9","68% (11/16)"
"55",6,"George Pickens",DAL,"WR27","10","Coach Upside rating","Coach Bust rating","2 out of 5 stars","+13","-1.2","30% (4/13)"
"56",6,"DeVonta Smith",PHI,"WR28","9","Coach Upside rating","Coach Bust rating","3 out of 5 stars","-1","+1.7","53% (7/13)"
"57",6,"Jaylen Waddle",MIA,"WR29","12","Coach Upside rating","Coach Bust rating","3 out of 5 stars","+15","-1.3","21% (3/14)"
"58",7,"Tony Pollard",TEN,"RB21","10","Coach Upside rating","Coach Bust rating","2 out of 5 stars","+8","-1.5","40% (6/15)"
"59",7,"RJ Harvey",DEN,"RB22","12","Coach Upside rating","Coach Bust rating","2 out of 5 stars","0","-","-"
"60",7,"Zay Flowers",BAL,"WR30","7","Coach Upside rating","Coach Bust rating","3 out of 5 stars","+1","-1.4","37% (6/16)"
"61",7,"D'Andre Swift",CHI,"RB23","5","Coach Upside rating","Coach Bust rating","4 out of 5 stars","-7","-1.3","31% (5/16)"
"62",7,"Isiah Pacheco",KC,"RB24","10","Coach Upside rating","Coach Bust rating","2 out of 5 stars","-2","-3.7","14% (1/7)"
"63",7,"Patrick Mahomes II",KC,"QB6","10","Coach Upside rating","Coach Bust rating","3 out of 5 stars","-14","+0.1","37% (6/16)"
"64",7,"Ricky Pearsall",SF,"WR31","14","Coach Upside rating","Coach Bust rating","4 out of 5 stars","+21","+1.0","40% (4/10)"
"65",7,"Travis Hunter",JAC,"WR32","8","Coach Upside rating","Coach Bust rating","4 out of 5 stars","+4","-","-"
"66",7,"David Montgomery",DET,"RB25","8","Coach Upside rating","Coach Bust rating","2 out of 5 stars","-8","+1.9","71% (10/14)"
"67",7,"Aaron Jones Sr.",MIN,"RB26","6","Coach Upside rating","Coach Bust rating","3 out of 5 stars","0","-0.7","43% (7/16)"
"68",7,"Jerry Jeudy",CLE,"WR33","9","Coach Upside rating","Coach Bust rating","2 out of 5 stars","+6","+2.5","68% (11/16)"
"69",7,"Baker Mayfield",TB,"QB7","9","Coach Upside rating","Coach Bust rating","2 out of 5 stars","-7","+5.0","81% (13/16)"
"70",7,"Sam LaPorta",DET,"TE4","8","Coach Upside rating","Coach Bust rating","3 out of 5 stars","-18","+0.3","46% (7/15)"
"71",7,"T.J. Hockenson",MIN,"TE5","6","Coach Upside rating","Coach Bust rating","3 out of 5 stars","-7","-1.3","33% (3/9)"
"72",7,"Travis Kelce",KC,"TE6","10","Coach Upside rating","Coach Bust rating","3 out of 5 stars","-9","-1.9","37% (6/16)"
"73",7,"Emeka Egbuka",TB,"WR34","9","Coach Upside rating","Coach Bust rating","3 out of 5 stars","+9","-","-"
"74",7,"Tyrone Tracy Jr.",NYG,"RB27","14","Coach Upside rating","Coach Bust rating","3 out of 5 stars","+1","+0.1","50% (8/16)"
"75",8,"Bo Nix",DEN,"QB8","12","Coach Upside rating","Coach Bust rating","4 out of 5 stars","-5","+2.0","62% (10/16)"
"76",8,"Rome Odunze",CHI,"WR35","5","Coach Upside rating","Coach Bust rating","2 out of 5 stars","+1","-0.9","25% (4/16)"
"77",8,"Jaylen Warren",PIT,"RB28","5","Coach Upside rating","Coach Bust rating","3 out of 5 stars","+7","-1.0","35% (5/14)"
"78",8,"Chris Olave",NO,"WR36","11","Coach Upside rating","Coach Bust rating","4 out of 5 stars","0","-3.5","30% (3/10)"
"79",8,"Kyler Murray",ARI,"QB9","8","Coach Upside rating","Coach Bust rating","4 out of 5 stars","+4","-1.1","50% (8/16)"
"80",8,"David Njoku",CLE,"TE7","9","Coach Upside rating","Coach Bust rating","3 out of 5 stars","0","+1.9","54% (6/11)"
"81",8,"Jordan Mason",MIN,"RB29","6","Coach Upside rating","Coach Bust rating","3 out of 5 stars","+14","-1.6","33% (4/12)"
"82",8,"Rashee Rice",KC,"WR37","10","Coach Upside rating","Coach Bust rating","3 out of 5 stars","-11","-0.7","75% (3/4)"
"83",8,"Evan Engram",DEN,"TE8","12","Coach Upside rating","Coach Bust rating","3 out of 5 stars","-2","-1.8","22% (2/9)"
"84",8,"Jakobi Meyers",LV,"WR38","8","Coach Upside rating","Coach Bust rating","4 out of 5 stars","+4","+1.1","50% (7/14)"
"85",8,"Zach Charbonnet",SEA,"RB30","8","Coach Upside rating","Coach Bust rating","3 out of 5 stars","+20","+1.0","43% (7/16)"
"86",8,"Travis Etienne Jr.",JAC,"RB31","8","Coach Upside rating","Coach Bust rating","2 out of 5 stars","+6","-3.6","14% (2/14)"
"87",8,"Stefon Diggs",NE,"WR39","14","Coach Upside rating","Coach Bust rating","3 out of 5 stars","-1","+0.2","50% (4/8)"
"88",8,"Matthew Golden",GB,"WR40","5","Coach Upside rating","Coach Bust rating","2 out of 5 stars","+1","-","-"
"89",8,"Mark Andrews",BAL,"TE9","7","Coach Upside rating","Coach Bust rating","3 out of 5 stars","-16","+1.8","62% (10/16)"
"90",8,"Deebo Samuel Sr.",WAS,"WR41","12","Coach Upside rating","Coach Bust rating","3 out of 5 stars","-11","-3.9","20% (3/15)"
"91",8,"Brock Purdy",SF,"QB10","14","Coach Upside rating","Coach Bust rating","4 out of 5 stars","+2","+0.6","53% (8/15)"
"92",8,"J.K. Dobbins",DEN,"RB32","12","Coach Upside rating","Coach Bust rating","2 out of 5 stars","+6","+1.0","50% (6/12)"
"93",8,"Tyler Warren",IND,"TE10","11","Coach Upside rating","Coach Bust rating","3 out of 5 stars","-6","-","-"
"94",8,"Kaleb Johnson",PIT,"RB33","5","Coach Upside rating","Coach Bust rating","3 out of 5 stars","-18","-","-"
"95",8,"Caleb Williams",CHI,"QB11","5","Coach Upside rating","Coach Bust rating","2 out of 5 stars","+24","-0.3","43% (7/16)"
"96",8,"Khalil Shakir",BUF,"WR42","7","Coach Upside rating","Coach Bust rating","3 out of 5 stars","+5","-0.2","53% (8/15)"
"97",8,"Dak Prescott",DAL,"QB12","10","Coach Upside rating","Coach Bust rating","2 out of 5 stars","-3","-1.6","25% (2/8)"
"98",8,"Michael Pittman Jr.",IND,"WR43","11","Coach Upside rating","Coach Bust rating","4 out of 5 stars","+10","-1.5","40% (6/15)"
"99",9,"Josh Downs",IND,"WR44","11","Coach Upside rating","Coach Bust rating","4 out of 5 stars","+22","+1.2","46% (6/13)"
"100",9,"Justin Herbert",LAC,"QB13","12","Coach Upside rating","Coach Bust rating","3 out of 5 stars","+10","+0.2","50% (8/16)"
"101",9,"Justin Fields",NYJ,"QB14","9","Coach Upside rating","Coach Bust rating","5 out of 5 stars","+13","+0.9","46% (6/13)"
"102",9,"Drake Maye",NE,"QB15","14","Coach Upside rating","Coach Bust rating","5 out of 5 stars","+21","+1.4","58% (7/12)"
"103",9,"Jauan Jennings",SF,"WR45","14","Coach Upside rating","Coach Bust rating","4 out of 5 stars","+1","+2.4","42% (6/14)"
"104",9,"Tucker Kraft",GB,"TE11","5","Coach Upside rating","Coach Bust rating","2 out of 5 stars","+2","+1.6","56% (9/16)"
"105",9,"Javonte Williams",DAL,"RB34","10","Coach Upside rating","Coach Bust rating","2 out of 5 stars","+2","-2.1","25% (4/16)"
"106",9,"Jordan Addison",MIN,"WR46","6","Coach Upside rating","Coach Bust rating","2 out of 5 stars","-15","+3.5","50% (7/14)"
"107",9,"Austin Ekeler",WAS,"RB35","12","Coach Upside rating","Coach Bust rating","2 out of 5 stars","+2","-0.1","54% (6/11)"
"108",9,"Jared Goff",DET,"QB16","8","Coach Upside rating","Coach Bust rating","2 out of 5 stars","-8","+4.0","56% (9/16)"
"109",9,"Jake Ferguson",DAL,"TE12","10","Coach Upside rating","Coach Bust rating","2 out of 5 stars","+27","-2.6","30% (4/13)"
"110",9,"Jordan Love",GB,"QB17","5","Coach Upside rating","Coach Bust rating","2 out of 5 stars","+23","+0.1","42% (6/14)"
"111",9,"Braelon Allen",NYJ,"RB36","9","Coach Upside rating","Coach Bust rating","5 out of 5 stars","+24","-1.0","18% (3/16)"
"112",9,"Darnell Mooney",ATL,"WR47","5","Coach Upside rating","Coach Bust rating","3 out of 5 stars","+25","+0.6","50% (8/16)"
"113",9,"J.J. McCarthy",MIN,"QB18","6","Coach Upside rating","Coach Bust rating","3 out of 5 stars","+32","-","-"
"114",9,"Trevor Lawrence",JAC,"QB19","8","Coach Upside rating","Coach Bust rating","3 out of 5 stars","+44","-0.8","40% (4/10)"
"115",9,"Cooper Kupp",SEA,"WR48","8","Coach Upside rating","Coach Bust rating","3 out of 5 stars","-25","-1.1","50% (6/12)"
"116",9,"Keon Coleman",BUF,"WR49","7","Coach Upside rating","Coach Bust rating","3 out of 5 stars","0","-0.6","46% (6/13)"
"117",9,"C.J. Stroud",HOU,"QB20","6","Coach Upside rating","Coach Bust rating","3 out of 5 stars","+10","-3.0","25% (4/16)"
"118",9,"Rhamondre Stevenson",NE,"RB37","14","Coach Upside rating","Coach Bust rating","4 out of 5 stars","-7","-1.1","40% (6/15)"
"119",9,"Colston Loveland",CHI,"TE13","5","Coach Upside rating","Coach Bust rating","4 out of 5 stars","-6","-","-"
"120",9,"Jayden Reed",GB,"WR50","5","Coach Upside rating","Coach Bust rating","2 out of 5 stars","+4","-0.3","37% (6/16)"
"121",9,"Rachaad White",TB,"RB38","9","Coach Upside rating","Coach Bust rating","3 out of 5 stars","+22","+0.7","46% (7/15)"
"122",9,"Christian Kirk",HOU,"WR51","6","Coach Upside rating","Coach Bust rating","4 out of 5 stars","+27","-2.1","37% (3/8)"
"123",10,"Jacory Croskey-Merritt",WAS,"RB39","12","Coach Upside rating","Coach Bust rating","2 out of 5 stars","-27","-","-"
"124",10,"Trey Benson",ARI,"RB40","8","Coach Upside rating","Coach Bust rating","3 out of 5 stars","+30","-0.7","28% (4/14)"
"125",10,"Marvin Mims Jr.",DEN,"WR52","12","Coach Upside rating","Coach Bust rating","3 out of 5 stars","+26","+2.0","50% (8/16)"
"126",10,"Rashid Shaheed",NO,"WR53","11","Coach Upside rating","Coach Bust rating","4 out of 5 stars","+16","+2.2","66% (4/6)"
"127",10,"Dalton Kincaid",BUF,"TE14","7","Coach Upside rating","Coach Bust rating","3 out of 5 stars","-2","-2.4","23% (3/13)"
"128",10,"Tank Bigsby",JAC,"RB41","8","Coach Upside rating","Coach Bust rating","2 out of 5 stars","+3","+0.6","40% (6/15)"
"129",10,"Chris Godwin Jr.",TB,"WR54","9","Coach Upside rating","Coach Bust rating","3 out of 5 stars","-27","+3.5","57% (4/7)"
"130",10,"Cam Skattebo",NYG,"RB42","14","Coach Upside rating","Coach Bust rating","3 out of 5 stars","-33","-","-"
"131",10,"Keenan Allen",LAC,"WR55","12","Coach Upside rating","Coach Bust rating","3 out of 5 stars","+15","+1.4","35% (5/14)"
"132",10,"Jaydon Blue",DAL,"RB43","10","Coach Upside rating","Coach Bust rating","2 out of 5 stars","+7","-","-"
"133",10,"Nick Chubb",HOU,"RB44","6","Coach Upside rating","Coach Bust rating","2 out of 5 stars","-11","-2.0","37% (3/8)"
"134",10,"Jayden Higgins",HOU,"WR56","6","Coach Upside rating","Coach Bust rating","4 out of 5 stars","+16","-","-"
"135",10,"Geno Smith",LV,"QB21","8","Coach Upside rating","Coach Bust rating","3 out of 5 stars","+56","-0.8","43% (7/16)"
"136",10,"Dallas Goedert",PHI,"TE15","9","Coach Upside rating","Coach Bust rating","3 out of 5 stars","+4","-0.1","44% (4/9)"
"137",10,"Ray Davis",BUF,"RB45","7","Coach Upside rating","Coach Bust rating","4 out of 5 stars","+35","+1.5","43% (7/16)"
"138",10,"Quinshon Judkins",CLE,"RB46","9","Coach Upside rating","Coach Bust rating","4 out of 5 stars","-20","-","-"
"139",10,"Najee Harris",LAC,"RB47","12","Coach Upside rating","Coach Bust rating","3 out of 5 stars","-9","-1.1","37% (6/16)"
"140",10,"Bryce Young",CAR,"QB22","14","Coach Upside rating","Coach Bust rating","3 out of 5 stars","+42","+1.5","50% (6/12)"
"141",10,"Dylan Sampson",CLE,"RB48","9","Coach Upside rating","Coach Bust rating","4 out of 5 stars","+27","-","-"
"142",10,"Hunter Henry",NE,"TE16","14","Coach Upside rating","Coach Bust rating","3 out of 5 stars","+18","-0.6","43% (7/16)"
"143",10,"DeMario Douglas",NE,"WR57","14","Coach Upside rating","Coach Bust rating","3 out of 5 stars","+52","-0.6","37% (6/16)"
"144",10,"Bhayshul Tuten",JAC,"RB49","8","Coach Upside rating","Coach Bust rating","2 out of 5 stars","+4","-","-"
"145",10,"Jerome Ford",CLE,"RB50","9","Coach Upside rating","Coach Bust rating","4 out of 5 stars","+11","-1.0","42% (6/14)"
"146",10,"Kyle Pitts Sr.",ATL,"TE17","5","Coach Upside rating","Coach Bust rating","3 out of 5 stars","-14","-1.1","37% (6/16)"
"147",10,"Tyjae Spears",TEN,"RB51","10","Coach Upside rating","Coach Bust rating","2 out of 5 stars","+33","+0.6","41% (5/12)"
"148",10,"Wan'Dale Robinson",NYG,"WR58","14","Coach Upside rating","Coach Bust rating","2 out of 5 stars","+35","-0.3","43% (7/16)"
"149",10,"Michael Penix Jr.",ATL,"QB23","5","Coach Upside rating","Coach Bust rating","4 out of 5 stars","+32","-0.9","18% (2/11)"
"150",10,"Joshua Palmer",BUF,"WR59","7","Coach Upside rating","Coach Bust rating","3 out of 5 stars","+82","-1.2","26% (4/15)"
"151",10,"Tyler Allgeier",ATL,"RB52","5","Coach Upside rating","Coach Bust rating","4 out of 5 stars","+14","-0.4","31% (5/16)"
"152",10,"Rashod Bateman",BAL,"WR60","7","Coach Upside rating","Coach Bust rating","3 out of 5 stars","+18","+1.7","50% (8/16)"
"153",10,"Chig Okonkwo",TEN,"TE18","10","Coach Upside rating","Coach Bust rating","3 out of 5 stars","+78","+0.7","43% (7/16)"
"154",10,"Cedric Tillman",CLE,"WR61","9","Coach Upside rating","Coach Bust rating","2 out of 5 stars","+36","+1.0","27% (3/11)"
"155",10,"Brian Robinson Jr.",SF,"RB53","14","Coach Upside rating","Coach Bust rating","3 out of 5 stars","-35","-0.6","53% (7/13)"
"156",10,"Brandon Aiyuk",SF,"WR62","14","Coach Upside rating","Coach Bust rating","4 out of 5 stars","-9","-4.9","14% (1/7)"
"157",10,"Tua Tagovailoa",MIA,"QB24","12","Coach Upside rating","Coach Bust rating","5 out of 5 stars","+17","+1.0","54% (6/11)"
"158",10,"Marquise Brown",KC,"WR63","10","Coach Upside rating","Coach Bust rating","3 out of 5 stars","+8","+1.7","50% (1/2)"
"159",10,"Luther Burden III",CHI,"WR64","5","Coach Upside rating","Coach Bust rating","2 out of 5 stars","+16","-","-"
"160",10,"Xavier Legette",CAR,"WR65","14","Coach Upside rating","Coach Bust rating","4 out of 5 stars","+16","-1.0","40% (6/15)"
"161",10,"Denver Broncos",DEN,"DST1","12","Coach Upside rating–No rating available","Coach Bust rating–No rating available","4 out of 5 stars","-62","+1.6","50% (8/16)"
"162",11,"Romeo Doubs",GB,"WR66","5","Coach Upside rating","Coach Bust rating","2 out of 5 stars","+30","+0.4","38% (5/13)"
"163",11,"Zach Ertz",WAS,"TE19","12","Coach Upside rating","Coach Bust rating","3 out of 5 stars","-10","+1.4","56% (9/16)"
"164",11,"Cam Ward",TEN,"QB25","10","Coach Upside rating","Coach Bust rating","2 out of 5 stars","+13","-","-"
"165",11,"Ollie Gordon II",MIA,"RB54","12","Coach Upside rating","Coach Bust rating","4 out of 5 stars","-6","-","-"
"166",11,"Joe Mixon",HOU,"RB55","6","Coach Upside rating","Coach Bust rating","2 out of 5 stars","-51","+0.4","46% (6/13)"
"167",11,"Jonnu Smith",PIT,"TE20","5","Coach Upside rating","Coach Bust rating","3 out of 5 stars","-15","+3.5","62% (10/16)"
"168",11,"Rico Dowdle",CAR,"RB56","14","Coach Upside rating","Coach Bust rating","4 out of 5 stars","+38","0.0","37% (6/16)"
"169",11,"Sam Darnold",SEA,"QB26","8","Coach Upside rating","Coach Bust rating","3 out of 5 stars","+44","+2.4","75% (12/16)"
"170",11,"Pittsburgh Steelers",PIT,"DST2","5","Coach Upside rating–No rating available","Coach Bust rating–No rating available","3 out of 5 stars","-41","+0.1","50% (8/16)"
"171",11,"Matthew Stafford",LAR,"QB27","8","Coach Upside rating","Coach Bust rating","3 out of 5 stars","+8","-1.5","31% (5/16)"
"172",11,"Philadelphia Eagles",PHI,"DST3","9","Coach Upside rating–No rating available","Coach Bust rating–No rating available","2 out of 5 stars","-60","-0.1","56% (9/16)"
"173",11,"Baltimore Ravens",BAL,"DST4","7","Coach Upside rating–No rating available","Coach Bust rating–No rating available","3 out of 5 stars","-56","-1.2","25% (4/16)"
"174",11,"Adam Thielen",MIN,"WR67","6","Coach Upside rating","Coach Bust rating","2 out of 5 stars","-3","+3.3","55% (5/9)"
"175",11,"Houston Texans",HOU,"DST5","6","Coach Upside rating–No rating available","Coach Bust rating–No rating available","2 out of 5 stars","-37","+0.1","37% (6/16)"
"176",11,"Minnesota Vikings",MIN,"DST6","6","Coach Upside rating–No rating available","Coach Bust rating–No rating available","2 out of 5 stars","-35","+0.8","50% (8/16)"
"177",11,"Quentin Johnston",LAC,"WR68","12","Coach Upside rating","Coach Bust rating","3 out of 5 stars","+46","+0.5","50% (7/14)"
"178",11,"Will Shipley",PHI,"RB57","9","Coach Upside rating","Coach Bust rating","3 out of 5 stars","+24","-0.1","11% (1/9)"
"179",11,"Brenton Strange",JAC,"TE21","8","Coach Upside rating","Coach Bust rating","3 out of 5 stars","+10","-","-"
"180",11,"Buffalo Bills",BUF,"DST7","7","Coach Upside rating–No rating available","Coach Bust rating–No rating available","5 out of 5 stars","-46","-0.3","37% (6/16)"
"181",11,"Brandon Aubrey",DAL,"K1","10","Coach Upside rating","Coach Bust rating","4 out of 5 stars","-78","+3.5","75% (12/16)"
"182",11,"Blake Corum",LAR,"RB58","8","Coach Upside rating","Coach Bust rating","3 out of 5 stars","+54","-1.3","31% (5/16)"
"183",11,"Mike Gesicki",CIN,"TE22","10","Coach Upside rating","Coach Bust rating","2 out of 5 stars","+44","+0.3","37% (6/16)"
"184",11,"Cameron Dicker",LAC,"K2","12","Coach Upside rating","Coach Bust rating","5 out of 5 stars","-56","+2.6","68% (11/16)"
"185",11,"Elic Ayomanor",TEN,"WR69","10","Coach Upside rating","Coach Bust rating","4 out of 5 stars","+69","-","-"
"186",11,"Mason Taylor",NYJ,"TE23","9","Coach Upside rating","Coach Bust rating","3 out of 5 stars","+56","-","-"
"187",11,"Woody Marks",HOU,"RB59","6","Coach Upside rating","Coach Bust rating","2 out of 5 stars","+51","-","-"
"188",11,"Green Bay Packers",GB,"DST8","5","Coach Upside rating–No rating available","Coach Bust rating–No rating available","2 out of 5 stars","-31","-0.6","37% (6/16)"
"189",11,"Los Angeles Rams",LAR,"DST9","8","Coach Upside rating–No rating available","Coach Bust rating–No rating available","3 out of 5 stars","+14","+0.1","37% (6/16)"
"190",11,"Jake Bates",DET,"K3","8","Coach Upside rating","Coach Bust rating","1 out of 5 stars","-64","+0.9","62% (10/16)"
"191",12,"Detroit Lions",DET,"DST10","8","Coach Upside rating–No rating available","Coach Bust rating–No rating available","1 out of 5 stars","-27","-0.4","37% (6/16)"
"192",12,"Seattle Seahawks",SEA,"DST11","8","Coach Upside rating–No rating available","Coach Bust rating–No rating available","3 out of 5 stars","-5","+0.6","37% (6/16)"
"193",12,"Ja'Tavion Sanders",CAR,"TE24","14","Coach Upside rating","Coach Bust rating","4 out of 5 stars","+50","-0.2","46% (7/15)"
"194",12,"Ka'imi Fairbairn",HOU,"K4","6","Coach Upside rating","Coach Bust rating","3 out of 5 stars","-27","+2.4","75% (12/16)"
"195",12,"Alec Pierce",IND,"WR70","11","Coach Upside rating","Coach Bust rating","4 out of 5 stars","+53","+3.1","53% (8/15)"
"196",12,"Chase McLaughlin",TB,"K5","9","Coach Upside rating","Coach Bust rating","3 out of 5 stars","-52","+1.7","56% (9/16)"
"197",12,"Justice Hill",BAL,"RB60","7","Coach Upside rating","Coach Bust rating","3 out of 5 stars","+42","+1.7","53% (8/15)"
"198",12,"Michael Wilson",ARI,"WR71","8","Coach Upside rating–No rating available","Coach Bust rating–No rating available","4 out of 5 stars","+73","-0.1","50% (8/16)"
"199",12,"Wil Lutz",DEN,"K6","12","Coach Upside rating","Coach Bust rating","5 out of 5 stars","-14","+2.1","50% (8/16)"
"200",12,"Dont'e Thornton Jr.",LV,"WR72","8","Coach Upside rating","Coach Bust rating","4 out of 5 stars","+19","-","-"
"201",12,"Kyle Williams",NE,"WR73","14","Coach Upside rating","Coach Bust rating","3 out of 5 stars","+32","-","-"
"202",12,"Isaac TeSlaa",DET,"WR74","8","Coach Upside rating","Coach Bust rating","3 out of 5 stars","+15","-","-"
"203",12,"Darius Slayton",NYG,"WR75","14","Coach Upside rating","Coach Bust rating","2 out of 5 stars","+67","-0.5","33% (5/15)"
"204",12,"Chris Boswell",PIT,"K7","5","Coach Upside rating","Coach Bust rating","1 out of 5 stars","-49","+3.5","62% (10/16)"
"205",12,"Andrei Iosivas",CIN,"WR76","10","Coach Upside rating","Coach Bust rating","3 out of 5 stars","+89","+0.5","50% (8/16)"
"206",12,"Isaiah Likely",BAL,"TE25","7","Coach Upside rating","Coach Bust rating","3 out of 5 stars","-20","+0.7","46% (7/15)"
"207",12,"Aaron Rodgers",PIT,"QB28","5","Coach Upside rating","Coach Bust rating","4 out of 5 stars","+5","-0.3","50% (8/16)"
"208",12,"Dameon Pierce",HOU,"RB61","6","Coach Upside rating","Coach Bust rating","2 out of 5 stars","+89","-0.3","20% (2/10)"
"209",12,"Pat Freiermuth",PIT,"TE26","5","Coach Upside rating","Coach Bust rating","3 out of 5 stars","+2","+0.9","50% (8/16)"
"210",12,"Jalen Coker",CAR,"WR77","14","Coach Upside rating","Coach Bust rating","4 out of 5 stars","+51","+1.9","44% (4/9)"
"211",12,"Tyler Bass",BUF,"K8","7","Coach Upside rating","Coach Bust rating","2 out of 5 stars","-48","+0.9","50% (8/16)"
"212",12,"DeAndre Hopkins",BAL,"WR78","7","Coach Upside rating","Coach Bust rating","3 out of 5 stars","+23","-1.0","31% (5/16)"
"213",12,"Tre' Harris",LAC,"WR79","12","Coach Upside rating","Coach Bust rating","3 out of 5 stars","+13","-","-"
"214",12,"Tory Horton",SEA,"WR80","8","Coach Upside rating","Coach Bust rating","3 out of 5 stars","+42","-","-"
"215",12,"Kansas City Chiefs",KC,"DST12","10","Coach Upside rating–No rating available","Coach Bust rating–No rating available","1 out of 5 stars","-42","-0.8","31% (5/16)"
"216",12,"Harrison Butker",KC,"K9","10","Coach Upside rating","Coach Bust rating","3 out of 5 stars","-47","+0.1","58% (7/12)"
"217",12,"Pat Bryant",DEN,"WR81","12","Coach Upside rating","Coach Bust rating","3 out of 5 stars","+58","-","-"
"218",12,"Cade Otton",TB,"TE27","9","Coach Upside rating","Coach Bust rating","3 out of 5 stars","-2","+0.3","50% (7/14)"
"219",12,"Dyami Brown",JAC,"WR82","8","Coach Upside rating","Coach Bust rating","4 out of 5 stars","+58","-0.3","40% (6/15)"
"220",12,"Jake Elliott",PHI,"K10","9","Coach Upside rating","Coach Bust rating","2 out of 5 stars","-58","+0.5","56% (9/16)"
"221",12,"San Francisco 49ers",SF,"DST13","14","Coach Upside rating–No rating available","Coach Bust rating–No rating available","5 out of 5 stars","-60","-2.0","25% (4/16)"
"222",12,"Juwan Johnson",NO,"TE28","11","Coach Upside rating","Coach Bust rating","3 out of 5 stars","+77","-0.1","50% (8/16)"
"223",12,"Calvin Austin III",PIT,"WR83","5","Coach Upside rating","Coach Bust rating","4 out of 5 stars","+42","+1.6","43% (7/16)"
"224",12,"Troy Franklin",DEN,"WR84","12","Coach Upside rating","Coach Bust rating","3 out of 5 stars","+50","-","-"
"225",12,"KaVontae Turpin",DAL,"WR85","10","Coach Upside rating","Coach Bust rating","2 out of 5 stars","+127","-","-"
"226",12,"Jaylin Noel",HOU,"WR86","6","Coach Upside rating","Coach Bust rating","4 out of 5 stars","+33","-","-"
"227",12,"Adonai Mitchell",IND,"WR87","11","Coach Upside rating","Coach Bust rating","4 out of 5 stars","+80","-2.5","18% (3/16)"
"228",12,"Tyler Lockett",TEN,"WR88","10","Coach Upside rating","Coach Bust rating","4 out of 5 stars","+57","-2.0","31% (5/16)"
"229",12,"Harold Fannin Jr.",CLE,"TE29","9","Coach Upside rating","Coach Bust rating","3 out of 5 stars","+31","-","-"
"230",12,"Roman Wilson",PIT,"WR89","5","Coach Upside rating","Coach Bust rating","4 out of 5 stars","+53","-","-"
"231",12,"Evan McPherson",CIN,"K11","10","Coach Upside rating","Coach Bust rating","1 out of 5 stars","-37","+0.1","50% (6/12)"
"232",12,"Kyle Monangai",CHI,"RB62","5","Coach Upside rating","Coach Bust rating","4 out of 5 stars","+25","-","-"
"233",12,"Los Angeles Chargers",LAC,"DST14","12","Coach Upside rating–No rating available","Coach Bust rating–No rating available","5 out of 5 stars","-33","-0.8","43% (7/16)"
"234",12,"Matt Gay",WAS,"K12","12","Coach Upside rating","Coach Bust rating","3 out of 5 stars","-27","+1.2","73% (11/15)"
"235",13,"Theo Johnson",NYG,"TE30","14","Coach Upside rating","Coach Bust rating","2 out of 5 stars","+65","0.0","41% (5/12)"
"236",13,"New York Jets",NYJ,"DST15","9","Coach Upside rating–No rating available","Coach Bust rating–No rating available","5 out of 5 stars","-31","-3.7","12% (2/16)"
"237",13,"Jack Bech",LV,"WR90","8","Coach Upside rating","Coach Bust rating","4 out of 5 stars","+7","-","-"
"238",13,"Amari Cooper",LV,"WR91","8","Coach Upside rating","Coach Bust rating","4 out of 5 stars","-40","-2.3","28% (4/14)"
"239",13,"Chris Rodriguez Jr.",WAS,"RB63","12","Coach Upside rating","Coach Bust rating","2 out of 5 stars","+56","+2.5","42% (3/7)"
"240",13,"Kendre Miller",NO,"RB64","11","Coach Upside rating","Coach Bust rating","4 out of 5 stars","-11","-1.5","28% (2/7)"
"241",13,"Daniel Jones",IND,"QB29","11","Coach Upside rating","Coach Bust rating","3 out of 5 stars","+21","-1.8","40% (4/10)"
"242",13,"Malik Washington",MIA,"WR92","12","Coach Upside rating","Coach Bust rating","3 out of 5 stars","+86","+0.4","45% (5/11)"
"243",13,"Russell Wilson",NYG,"QB30","14","Coach Upside rating","Coach Bust rating","1 out of 5 stars","+8","+1.4","50% (5/10)"
"244",13,"Elijah Arroyo",SEA,"TE31","8","Coach Upside rating","Coach Bust rating","4 out of 5 stars","+3","-","-"
"245",13,"Arizona Cardinals",ARI,"DST16","8","Coach Upside rating–No rating available","Coach Bust rating–No rating available","4 out of 5 stars","-57","-1.3","37% (6/16)"
"246",13,"Tahj Brooks",CIN,"RB65","10","Coach Upside rating","Coach Bust rating","3 out of 5 stars","-12","-","-"
"247",13,"New England Patriots",NE,"DST17","14","Coach Upside rating–No rating available","Coach Bust rating–No rating available","4 out of 5 stars","-32","-1.3","25% (4/16)"
"248",13,"DJ Giddens",IND,"RB66","11","Coach Upside rating","Coach Bust rating","2 out of 5 stars","+5","-","-"
"249",13,"Younghoe Koo",ATL,"K13","5","Coach Upside rating","Coach Bust rating","4 out of 5 stars","-52","+0.6","53% (8/15)"
"250",13,"Jalen Royals",KC,"WR93","10","Coach Upside rating","Coach Bust rating","3 out of 5 stars","+46","-","-"
"251",13,"Jaylen Wright",MIA,"RB67","12","Coach Upside rating","Coach Bust rating","4 out of 5 stars","-14","-0.9","26% (4/15)"
"252",13,"Tutu Atwell",LAR,"WR94","8","Coach Upside rating","Coach Bust rating","3 out of 5 stars","+69","-","-"
"253",13,"Keaton Mitchell",BAL,"RB68","7","Coach Upside rating","Coach Bust rating","3 out of 5 stars","-1","-0.9","0% (0/3)"
"254",13,"Dontayvion Wicks",GB,"WR95","5","Coach Upside rating","Coach Bust rating","2 out of 5 stars","+33","-1.1","25% (4/16)"
"255",13,"Anthony Richardson Sr.",IND,"QB31","11","Coach Upside rating","Coach Bust rating","3 out of 5 stars","-5","-1.4","30% (4/13)"
"256",13,"Ray-Ray McCloud III",ATL,"WR96","5","Coach Upside rating","Coach Bust rating","3 out of 5 stars","+52","-","-"
"257",13,"Brashard Smith",KC,"RB69","10","Coach Upside rating","Coach Bust rating","2 out of 5 stars","+11","-","-"
"258",13,"Kareem Hunt",KC,"RB70","10","Coach Upside rating","Coach Bust rating","2 out of 5 stars","-62","+0.7","53% (7/13)"
"259",13,"Dalton Schultz",HOU,"TE32","6","Coach Upside rating","Coach Bust rating","3 out of 5 stars","-29","-1.1","31% (5/16)"
"260",13,"Cole Kmet",CHI,"TE33","5","Coach Upside rating","Coach Bust rating","4 out of 5 stars","-2","+0.2","37% (6/16)"
"261",13,"Jalen Nailor",MIN,"WR97","6","Coach Upside rating–No rating available","Coach Bust rating–No rating available","2 out of 5 stars","+120","+0.9","43% (7/16)"
"262",13,"Isaac Guerendo",SF,"RB71","14","Coach Upside rating","Coach Bust rating","3 out of 5 stars","-52","+1.7","33% (5/15)"
"263",13,"Darren Waller",MIA,"TE34","12","Coach Upside rating","Coach Bust rating","3 out of 5 stars","-70","-","-"
"264",13,"Kayshon Boutte",NE,"WR98","14","Coach Upside rating","Coach Bust rating","3 out of 5 stars","+26","+1.2","53% (8/15)"
"265",13,"Chicago Bears",CHI,"DST18","5","Coach Upside rating–No rating available","Coach Bust rating–No rating available","2 out of 5 stars","-51","+0.7","43% (7/16)"
"266",13,"Joe Flacco",CLE,"QB32","9","Coach Upside rating","Coach Bust rating","2 out of 5 stars","-26","-","-"
"267",13,"Tampa Bay Buccaneers",TB,"DST19","9","Coach Upside rating–No rating available","Coach Bust rating–No rating available","3 out of 5 stars","-58","-1.5","31% (5/16)"
"268",13,"Joshua Karty",LAR,"K14","8","Coach Upside rating","Coach Bust rating","2 out of 5 stars","+18","+0.2","56% (9/16)"
"269",13,"Roschon Johnson",CHI,"RB72","5","Coach Upside rating","Coach Bust rating","4 out of 5 stars","-44","+0.3","42% (6/14)"
"270",13,"Spencer Rattler",NO,"QB33","11","Coach Upside rating","Coach Bust rating","5 out of 5 stars","+122","-","-"
"271",13,"Jaxson Dart",NYG,"QB34","14","Coach Upside rating","Coach Bust rating","1 out of 5 stars","-26","-","-"
"272",13,"Jarquez Hunter",LAR,"RB73","8","Coach Upside rating","Coach Bust rating","3 out of 5 stars","+10","-","-"
"273",13,"Jaylin Lane",WAS,"WR99","12","Coach Upside rating","Coach Bust rating","3 out of 5 stars","+227","-","-"
"274",13,"Trevor Etienne",CAR,"RB74","14","Coach Upside rating","Coach Bust rating","4 out of 5 stars","-5","-","-"
"275",13,"Devaughn Vele",NO,"WR100","11","Coach Upside rating","Coach Bust rating","4 out of 5 stars","+111","+1.2","50% (6/12)"
"276",13,"Tre Tucker",LV,"WR101","8","Coach Upside rating","Coach Bust rating","4 out of 5 stars","+83","0.0","31% (5/16)"
"277",13,"Sean Tucker",TB,"RB75","9","Coach Upside rating","Coach Bust rating","3 out of 5 stars","+29","+1.9","40% (6/15)"
"278",13,"Tyler Higbee",LAR,"TE35","8","Coach Upside rating","Coach Bust rating","4 out of 5 stars","+34","-","-"
"279",13,"Parker Washington",JAC,"WR102","8","Coach Upside rating","Coach Bust rating","4 out of 5 stars","+137","+0.7","40% (6/15)"
"280",13,"Tyler Loop",BAL,"K15","7","Coach Upside rating","Coach Bust rating","2 out of 5 stars","-96","-","-"
"281",13,"Jordan Whittington",LAR,"WR103","8","Coach Upside rating","Coach Bust rating","3 out of 5 stars","+92","-","-"
"282",14,"KeAndre Lambert-Smith",LAC,"WR104","12","Coach Upside rating","Coach Bust rating","3 out of 5 stars","+48","-","-"
"283",14,"Josh Reynolds",NYJ,"WR105","9","Coach Upside rating","Coach Bust rating","4 out of 5 stars","+193","-","-"
"284",14,"Will Reichard",MIN,"K16","6","Coach Upside rating","Coach Bust rating","0 out of 5 stars","-62","+2.6","66% (8/12)"
"285",14,"Tyler Shough",NO,"QB35","11","Coach Upside rating","Coach Bust rating","5 out of 5 stars","+35","-","-"
"286",14,"Miles Sanders",DAL,"RB76","10","Coach Upside rating","Coach Bust rating","2 out of 5 stars","-31","-1.5","20% (2/10)"
"287",14,"Chris Brooks",GB,"RB77","5","Coach Upside rating","Coach Bust rating","4 out of 5 stars","+220","+0.7","40% (4/10)"
"288",14,"Emanuel Wilson",GB,"RB78","5","Coach Upside rating","Coach Bust rating","4 out of 5 stars","+35","+1.0","43% (7/16)"
"289",14,"Dallas Cowboys",DAL,"DST20","10","Coach Upside rating–No rating available","Coach Bust rating–No rating available","0 out of 5 stars","-88","-2.1","25% (4/16)"
"290",14,"Kenneth Gainwell",PIT,"RB79","5","Coach Upside rating","Coach Bust rating","3 out of 5 stars","+36","-0.2","50% (8/16)"
"291",14,"Ty Johnson",BUF,"RB80","7","Coach Upside rating","Coach Bust rating","4 out of 5 stars","+23","+2.5","62% (10/16)"
"292",14,"Noah Gray",KC,"TE36","10","Coach Upside rating","Coach Bust rating","3 out of 5 stars","-26","+2.1","68% (11/16)"
"293",14,"Devin Singletary",NYG,"RB81","14","Coach Upside rating","Coach Bust rating","3 out of 5 stars","-2","-1.3","35% (5/14)"
"294",14,"Jalen McMillan",TB,"WR106","9","Coach Upside rating","Coach Bust rating","3 out of 5 stars","-5","+1.6","46% (6/13)"
"295",14,"Terrance Ferguson",LAR,"TE37","8","Coach Upside rating","Coach Bust rating","4 out of 5 stars","-17","-","-"
"296",14,"AJ Barner",SEA,"TE38","8","Coach Upside rating","Coach Bust rating","4 out of 5 stars","+109","-","-"
"297",14,"Raheem Mostert",LV,"RB82","8","Coach Upside rating","Coach Bust rating","2 out of 5 stars","-76","-1.2","41% (5/12)"
"298",14,"MarShawn Lloyd",GB,"RB83","5","Coach Upside rating","Coach Bust rating","4 out of 5 stars","+3","-0.6","33% (1/3)"
"299",14,"Isaiah Davis",NYJ,"RB84","9","Coach Upside rating","Coach Bust rating","5 out of 5 stars","+379","+0.8","50% (4/8)"
"300",14,"Elijah Moore",BUF,"WR107","7","Coach Upside rating","Coach Bust rating","3 out of 5 stars","+15","-1.0","31% (5/16)"
"301",14,"Daniel Carlson",LV,"K17","8","Coach Upside rating","Coach Bust rating","3 out of 5 stars","-83","+1.5","56% (9/16)"
"302",14,"Zay Jones",ARI,"WR108","8","Coach Upside rating","Coach Bust rating","4 out of 5 stars","+276","-","-"
"303",14,"Washington Commanders",WAS,"DST21","12","Coach Upside rating–No rating available","Coach Bust rating–No rating available","4 out of 5 stars","-104","-3.1","12% (2/16)"
"304",14,"Brandon McManus",GB,"K18","5","Coach Upside rating","Coach Bust rating","3 out of 5 stars","-84","+0.7","50% (5/10)"
"305",14,"Zamir White",LV,"RB85","8","Coach Upside rating","Coach Bust rating","2 out of 5 stars","+20","-4.3","12% (1/8)"
"306",14,"Ben Sinnott",WAS,"TE39","12","Coach Upside rating","Coach Bust rating","3 out of 5 stars","+59","-0.4","21% (3/14)"
"307",14,"Tyler Conklin",LAC,"TE40","12","Coach Upside rating","Coach Bust rating","3 out of 5 stars","-26","-","-"
"308",14,"Jason Sanders",MIA,"K19","12","Coach Upside rating","Coach Bust rating","2 out of 5 stars","-100","+2.9","75% (12/16)"
"309",14,"Olamide Zaccheaus",CHI,"WR109","5","Coach Upside rating","Coach Bust rating","2 out of 5 stars","+34","-","-"
"310",14,"Jimmy Garoppolo",LAR,"QB36","8","Coach Upside rating","Coach Bust rating","3 out of 5 stars","+53","-","-"
"311",14,"Brandin Cooks",NO,"WR110","11","Coach Upside rating","Coach Bust rating","4 out of 5 stars","+64","-1.0","18% (2/11)"
"312",14,"Jalen Tolbert",DAL,"WR111","10","Coach Upside rating","Coach Bust rating","2 out of 5 stars","+41","+1.4","56% (9/16)"
"313",14,"Jamari Thrash",CLE,"WR112","9","Coach Upside rating","Coach Bust rating","2 out of 5 stars","+322","-","-"
"314",14,"Noah Brown",WAS,"WR113","12","Coach Upside rating","Coach Bust rating","3 out of 5 stars","+156","-","-"
"315",14,"Noah Fant",CIN,"TE41","10","Coach Upside rating","Coach Bust rating","2 out of 5 stars","+9","-0.4","38% (5/13)"
"316",14,"Samaje Perine",CIN,"RB86","10","Coach Upside rating","Coach Bust rating","3 out of 5 stars","+105","-","-"
"317",14,"Oronde Gadsden II",LAC,"TE42","12","Coach Upside rating","Coach Bust rating","3 out of 5 stars","+74","-","-"
"318",14,"Jaleel McLaughlin",DEN,"RB87","12","Coach Upside rating","Coach Bust rating","2 out of 5 stars","-15","-0.5","40% (6/15)"
"319",14,"Shedeur Sanders",CLE,"QB37","9","Coach Upside rating","Coach Bust rating","2 out of 5 stars","-70","-","-"
"320",14,"Nick Westbrook-Ikhine",MIA,"WR114","12","Coach Upside rating","Coach Bust rating","3 out of 5 stars","+46","+2.5","50% (7/14)"
"321",14,"Jalen Milroe",SEA,"QB38","8","Coach Upside rating","Coach Bust rating","3 out of 5 stars","-41","-","-"
"322",14,"Michael Mayer",LV,"TE43","8","Coach Upside rating","Coach Bust rating","2 out of 5 stars","+14","-","-"
"323",14,"Luke Musgrave",GB,"TE44","5","Coach Upside rating","Coach Bust rating","2 out of 5 stars","+15","-","-"
"324",14,"Miami Dolphins",MIA,"DST22","12","Coach Upside rating–No rating available","Coach Bust rating–No rating available","2 out of 5 stars","-96","-1.9","31% (5/16)"
"325",14,"Will Dissly",LAC,"TE45","12","Coach Upside rating","Coach Bust rating","3 out of 5 stars","+20","-0.1","42% (6/14)"
"326",14,"Darnell Washington",PIT,"TE46","5","Coach Upside rating","Coach Bust rating","3 out of 5 stars","+23","-","-"
"327",14,"Antonio Gibson",NE,"RB88","14","Coach Upside rating","Coach Bust rating","4 out of 5 stars","-18","-0.9","31% (5/16)"
"328",14,"Cleveland Browns",CLE,"DST23","9","Coach Upside rating–No rating available","Coach Bust rating–No rating available","3 out of 5 stars","-82","-2.1","31% (5/16)"
"329",14,"Cade Stover",HOU,"TE47","6","Coach Upside rating","Coach Bust rating","3 out of 5 stars","+150","-","-"
"330",14,"Austin Hooper",NE,"TE48","14","Coach Upside rating","Coach Bust rating","3 out of 5 stars","+25","-","-"
"331",15,"Hunter Renfrow",CAR,"WR115","14","Coach Upside rating","Coach Bust rating","4 out of 5 stars","+13","-","-"
"332",15,"Dawson Knox",BUF,"TE49","7","Coach Upside rating","Coach Bust rating","3 out of 5 stars","-21","-","-"
"333",15,"Jahan Dotson",PHI,"WR116","9","Coach Upside rating","Coach Bust rating","3 out of 5 stars","0","-","-"
"334",15,"Elijah Mitchell",KC,"RB89","10","Coach Upside rating","Coach Bust rating","2 out of 5 stars","-70","-","-"
"335",15,"A.J. Dillon",PHI,"RB90","9","Coach Upside rating","Coach Bust rating","3 out of 5 stars","-13","-","-"
"336",15,"Jordan James",SF,"RB91","14","Coach Upside rating","Coach Bust rating","3 out of 5 stars","-31","-","-"
"337",15,"Jeremy McNichols",WAS,"RB92","12","Coach Upside rating","Coach Bust rating","2 out of 5 stars","+116","-","-"
"338",15,"Devin Neal",NO,"RB93","11","Coach Upside rating","Coach Bust rating","4 out of 5 stars","+12","-","-"
"339",15,"Dillon Gabriel",CLE,"QB39","9","Coach Upside rating","Coach Bust rating","2 out of 5 stars","+275","-","-"
"340",15,"Tim Patrick",JAC,"WR117","8","Coach Upside rating","Coach Bust rating","4 out of 5 stars","+95","+0.7","53% (8/15)"
"341",15,"New York Giants",NYG,"DST24","14","Coach Upside rating–No rating available","Coach Bust rating–No rating available","1 out of 5 stars","-137","-2.4","25% (4/16)"
"342",15,"Luke McCaffrey",WAS,"WR118","12","Coach Upside rating–No rating available","Coach Bust rating–No rating available","3 out of 5 stars","-44","-1.8","25% (4/16)"
"343",15,"Julius Chestnut",TEN,"RB94","10","Coach Upside rating","Coach Bust rating","2 out of 5 stars","+297","-","-"
"344",15,"Taysom Hill",NO,"TE50","11","Coach Upside rating","Coach Bust rating","3 out of 5 stars","-52","+4.6","50% (4/8)"
"345",15,"Kirk Cousins",ATL,"QB40","5","Coach Upside rating","Coach Bust rating","4 out of 5 stars","-43","-1.8","18% (3/16)"
"346",15,"Diontae Johnson",FA,"WR119","-","Coach Upside rating","Coach Bust rating","-","-36","-2.5","23% (3/13)"
"347",15,"Jermaine Burton",CIN,"WR120","10","Coach Upside rating","Coach Bust rating","3 out of 5 stars","+136","-0.4","16% (2/12)"
"348",15,"Cam Little",JAC,"K20","8","Coach Upside rating","Coach Bust rating","5 out of 5 stars","-170","+0.1","43% (7/16)"
"349",15,"Chimere Dike",TEN,"WR121","10","Coach Upside rating","Coach Bust rating","4 out of 5 stars","+369","-","-"
"350",15,"Gunnar Helm",TEN,"TE51","10","Coach Upside rating","Coach Bust rating","3 out of 5 stars","+97","-","-"
"351",15,"John Metchie III",PHI,"WR122","9","Coach Upside rating","Coach Bust rating","3 out of 5 stars","+5","+0.5","33% (4/12)"
"352",15,"Damien Martinez",FA,"RB95","-","Coach Upside rating","Coach Bust rating","-","-6","-","-"
"353",15,"Phil Mafah",DAL,"RB96","10","Coach Upside rating","Coach Bust rating","2 out of 5 stars","+255","-","-"
"354",15,"JuJu Smith-Schuster",KC,"WR123","10","Coach Upside rating","Coach Bust rating","3 out of 5 stars","-37","-","-"
"355",15,"Tez Johnson",TB,"WR124","9","Coach Upside rating","Coach Bust rating","3 out of 5 stars","-14","-","-"
"356",15,"Emari Demercado",ARI,"RB97","8","Coach Upside rating","Coach Bust rating","3 out of 5 stars","+307","-","-"
"357",15,"Jason Myers",SEA,"K21","8","Coach Upside rating","Coach Bust rating","5 out of 5 stars","-25","+0.7","56% (9/16)"
"358",15,"Marquez Valdes-Scantling",SF,"WR125","14","Coach Upside rating","Coach Bust rating","4 out of 5 stars","-29","-","-"
"359",15,"George Holani",SEA,"RB98","8","Coach Upside rating–No rating available","Coach Bust rating–No rating available","3 out of 5 stars","+155","-","-"
"360",15,"Luke Schoonmaker",DAL,"TE52","10","Coach Upside rating","Coach Bust rating","2 out of 5 stars","+30","-","-"
"361",15,"Jake Moody",SF,"K22","14","Coach Upside rating","Coach Bust rating","5 out of 5 stars","-137","+0.5","38% (5/13)"
"362",15,"Ty Chandler",MIN,"RB99","6","Coach Upside rating","Coach Bust rating","3 out of 5 stars","+23","-1.5","25% (4/16)"
"363",15,"Isaiah Bond",CLE,"WR126","9","Coach Upside rating","Coach Bust rating","2 out of 5 stars","+167","-","-"
"364",15,"Sterling Shepard",TB,"WR127","9","Coach Upside rating–No rating available","Coach Bust rating–No rating available","3 out of 5 stars","+87","-","-"
"365",15,"Tai Felton",MIN,"WR128","6","Coach Upside rating","Coach Bust rating","2 out of 5 stars","+139","-","-"
"366",15,"Christian Watson",GB,"WR129","5","Coach Upside rating","Coach Bust rating","2 out of 5 stars","-29","-1.8","28% (4/14)"
"367",15,"Tyrod Taylor",NYJ,"QB41","9","Coach Upside rating","Coach Bust rating","5 out of 5 stars","+265","-","-"
"368",15,"Josh Oliver",MIN,"TE53","6","Coach Upside rating","Coach Bust rating","3 out of 5 stars","-1","-","-"
"369",15,"Tyquan Thornton",KC,"WR130","10","Coach Upside rating–No rating available","Coach Bust rating–No rating available","3 out of 5 stars","+29","-","-"
"370",15,"Jordan Watkins",SF,"WR131","14","Coach Upside rating–No rating available","Coach Bust rating–No rating available","4 out of 5 stars","+339","-","-"
"371",15,"Allen Lazard",NYJ,"WR132","9","Coach Upside rating","Coach Bust rating","4 out of 5 stars","+7","-","-"
"372",15,"Arian Smith",NYJ,"WR133","9","Coach Upside rating","Coach Bust rating","4 out of 5 stars","+265","-","-"
"373",15,"Kyle Juszczyk",SF,"RB100","14","Coach Upside rating","Coach Bust rating","3 out of 5 stars","+55","-","-"
"374",15,"Grant Calcaterra",PHI,"TE54","9","Coach Upside rating","Coach Bust rating","3 out of 5 stars","-20","-","-"
"375",15,"Demarcus Robinson",SF,"WR134","14","Coach Upside rating","Coach Bust rating","4 out of 5 stars","+24","-0.3","31% (5/16)"
"376",15,"Hassan Haskins",LAC,"RB101","12","Coach Upside rating–No rating available","Coach Bust rating–No rating available","3 out of 5 stars","+243","-","-"
"377",15,"Greg Dortch",ARI,"WR135","8","Coach Upside rating","Coach Bust rating","4 out of 5 stars","+241","-","-"
"378",15,"Sincere McCormick",SF,"RB102","14","Coach Upside rating","Coach Bust rating","3 out of 5 stars","+286","-0.7","75% (3/4)"
"379",15,"Kimani Vidal",LAC,"RB103","12","Coach Upside rating","Coach Bust rating","3 out of 5 stars","+334","-1.6","11% (1/9)"
"380",15,"Gus Edwards",FA,"RB104","-","Coach Upside rating","Coach Bust rating","-","+240","-1.5","36% (4/11)"
"381",15,"Kalel Mullings",TEN,"RB105","10","Coach Upside rating","Coach Bust rating","2 out of 5 stars","+235","-","-"
"382",15,"Efton Chism III",NE,"WR136","14","Coach Upside rating","Coach Bust rating","3 out of 5 stars","-47","-","-"
"383",15,"Jimmy Horn Jr.",CAR,"WR137","14","Coach Upside rating–No rating available","Coach Bust rating–No rating available","4 out of 5 stars","-22","-","-"
"384",15,"Justin Tucker",FA,"K23","-","Coach Upside rating","Coach Bust rating","-","-111","+0.4","50% (8/16)"
"385",15,"Curtis Samuel",BUF,"WR138","7","Coach Upside rating","Coach Bust rating","3 out of 5 stars","+15","-","-"
"386",15,"Gabe Davis",BUF,"WR139","7","Coach Upside rating","Coach Bust rating","3 out of 5 stars","+120","-3.3","10% (1/10)"
"387",15,"Mack Hollins",NE,"WR140","14","Coach Upside rating","Coach Bust rating","3 out of 5 stars","+10","-","-"
"388",15,"Tyler Badie",DEN,"RB106","12","Coach Upside rating–No rating available","Coach Bust rating–No rating available","2 out of 5 stars","+135","-","-"
"389",15,"Savion Williams",GB,"WR141","5","Coach Upside rating","Coach Bust rating","2 out of 5 stars","+24","-","-"
"390",15,"Mitchell Tinsley",CIN,"WR142","10","Coach Upside rating–No rating available","Coach Bust rating–No rating available","3 out of 5 stars","-26","-","-"
"391",15,"Zack Moss",FA,"RB107","-","Coach Upside rating","Coach Bust rating","-","-115","-1.9","37% (3/8)"
"392",15,"Skyy Moore",SF,"WR143","14","Coach Upside rating–No rating available","Coach Bust rating–No rating available","4 out of 5 stars","+22","-","-"
"393",15,"Dare Ogunbowale",HOU,"RB108","6","Coach Upside rating–No rating available","Coach Bust rating–No rating available","2 out of 5 stars","+299","-","-"
"394",16,"Tyler Goodson",IND,"RB109","11","Coach Upside rating–No rating available","Coach Bust rating–No rating available","2 out of 5 stars","+268","-","-"
"395",16,"Tommy Tremble",CAR,"TE55","14","Coach Upside rating","Coach Bust rating","4 out of 5 stars","+129","-","-"
"396",16,"Devontez Walker",BAL,"WR144","7","Coach Upside rating–No rating available","Coach Bust rating–No rating available","3 out of 5 stars","+50","-","-"
"397",16,"Chad Ryland",ARI,"K24","8","Coach Upside rating","Coach Bust rating","3 out of 5 stars","-57","-","-"
"398",16,"Colby Parkinson",LAR,"TE56","8","Coach Upside rating–No rating available","Coach Bust rating–No rating available","4 out of 5 stars","+183","-","-"
"399",16,"Jacob Cowing",SF,"WR145","14","Coach Upside rating","Coach Bust rating","4 out of 5 stars","+331","-","-"
"400",16,"Atlanta Falcons",ATL,"DST25","5","Coach Upside rating–No rating available","Coach Bust rating–No rating available","3 out of 5 stars","-121","-2.5","18% (3/16)"
"401",16,"Cincinnati Bengals",CIN,"DST26","10","Coach Upside rating–No rating available","Coach Bust rating–No rating available","2 out of 5 stars","-160","-4.0","25% (4/16)"
"402",16,"Indianapolis Colts",IND,"DST27","11","Coach Upside rating–No rating available","Coach Bust rating–No rating available","4 out of 5 stars","-139","-3.6","18% (3/16)"
"403",16,"Tony Jones Jr.",FA,"RB110","-","Coach Upside rating–No rating available","Coach Bust rating–No rating available","-","-","-","-"
"404",16,"Las Vegas Raiders",LV,"DST28","8","Coach Upside rating–No rating available","Coach Bust rating–No rating available","4 out of 5 stars","-137","-2.0","31% (5/16)"
"405",16,"Tennessee Titans",TEN,"DST29","10","Coach Upside rating–No rating available","Coach Bust rating–No rating available","5 out of 5 stars","-121","-3.4","25% (4/16)"
"406",16,"Tyrell Shavers",BUF,"WR146","7","Coach Upside rating–No rating available","Coach Bust rating–No rating available","3 out of 5 stars","+14","-","-"
"407",16,"Carolina Panthers",CAR,"DST30","14","Coach Upside rating–No rating available","Coach Bust rating–No rating available","3 out of 5 stars","-89","-4.1","6% (1/16)"
"408",16,"Jonathon Brooks",CAR,"RB111","14","Coach Upside rating–No rating available","Coach Bust rating–No rating available","4 out of 5 stars","+225","-2.8","33% (1/3)"
"409",16,"Jacksonville Jaguars",JAC,"DST31","8","Coach Upside rating–No rating available","Coach Bust rating–No rating available","4 out of 5 stars","-96","-2.4","25% (4/16)"
"410",16,"Khalil Herbert",FA,"RB112","-","Coach Upside rating","Coach Bust rating","-","-23","-1.7","15% (2/13)"
"411",16,"Trey Sermon",PIT,"RB113","5","Coach Upside rating","Coach Bust rating","3 out of 5 stars","+220","-0.6","37% (6/16)"
"412",16,"New Orleans Saints",NO,"DST32","11","Coach Upside rating–No rating available","Coach Bust rating–No rating available","4 out of 5 stars","-140","-1.1","37% (6/16)"
"413",16,"Brock Wright",DET,"TE57","8","Coach Upside rating–No rating available","Coach Bust rating–No rating available","3 out of 5 stars","-43","-","-"
"414",16,"Payne Durham",TB,"TE58","9","Coach Upside rating–No rating available","Coach Bust rating–No rating available","3 out of 5 stars","+285","-","-"
"415",16,"Tank Dell",HOU,"WR147","6","Coach Upside rating","Coach Bust rating","4 out of 5 stars","-88","-2.0","28% (4/14)"
"416",16,"Trey Lance",LAC,"QB42","12","Coach Upside rating–No rating available","Coach Bust rating–No rating available","3 out of 5 stars","+61","-","-"
"417",16,"Jameis Winston",NYG,"QB43","14","Coach Upside rating","Coach Bust rating","1 out of 5 stars","-101","+2.9","60% (6/10)"
"418",16,"Xavier Restrepo",TEN,"WR148","10","Coach Upside rating","Coach Bust rating","4 out of 5 stars","-76","-","-"
"419",16,"Cam Akers",FA,"RB114","-","Coach Upside rating","Coach Bust rating","-","+41","+0.6","43% (7/16)"
"420",16,"Jalin Hyatt",NYG,"WR149","14","Coach Upside rating–No rating available","Coach Bust rating–No rating available","2 out of 5 stars","-38","-","-"
"421",16,"Joe Milton III",DAL,"QB44","10","Coach Upside rating","Coach Bust rating","2 out of 5 stars","-63","-","-"
"422",16,"Malik Willis",GB,"QB45","5","Coach Upside rating–No rating available","Coach Bust rating–No rating available","2 out of 5 stars","-34","-","-"
"423",16,"Mac Jones",SF,"QB46","14","Coach Upside rating–No rating available","Coach Bust rating–No rating available","4 out of 5 stars","-27","-","-"
"424",16,"Zavier Scott",MIN,"WR150","6","Coach Upside rating–No rating available","Coach Bust rating–No rating available","2 out of 5 stars","+418","-","-"
"425",16,"Van Jefferson",TEN,"WR151","10","Coach Upside rating–No rating available","Coach Bust rating–No rating available","4 out of 5 stars","+113","-","-"
"426",16,"Craig Reynolds",DET,"RB115","8","Coach Upside rating","Coach Bust rating","2 out of 5 stars","-42","-","-"
"427",16,"Raheim Sanders",CLE,"RB116","9","Coach Upside rating","Coach Bust rating","4 out of 5 stars","+108","-","-"
"428",16,"Carlos Washington Jr.",ATL,"RB117","5","Coach Upside rating–No rating available","Coach Bust rating–No rating available","4 out of 5 stars","+416","-","-"
"429",16,"Taylor Heinicke",FA,"QB47","-","Coach Upside rating–No rating available","Coach Bust rating–No rating available","-","+311","-","-"
"430",16,"Zach Wilson",MIA,"QB48","12","Coach Upside rating–No rating available","Coach Bust rating–No rating available","5 out of 5 stars","+87","-","-"
"431",16,"Davis Mills",HOU,"QB49","6","Coach Upside rating–No rating available","Coach Bust rating–No rating available","3 out of 5 stars","+362","-","-"
"432",16,"Foster Moreau",NO,"TE59","11","Coach Upside rating","Coach Bust rating","3 out of 5 stars","+254","-","-"
"433",16,"Kyle Trask",FA,"QB50","-","Coach Upside rating–No rating available","Coach Bust rating–No rating available","-","+367","-","-"
"434",16,"LeQuint Allen Jr.",JAC,"RB118","8","Coach Upside rating","Coach Bust rating","2 out of 5 stars","+385","-","-"
"435",16,"Hunter Luepke",DAL,"RB119","10","Coach Upside rating–No rating available","Coach Bust rating–No rating available","2 out of 5 stars","+192","-","-"
"436",16,"Audric Estime",PHI,"RB120","9","Coach Upside rating","Coach Bust rating","3 out of 5 stars","-97","-0.5","41% (5/12)"
"437",16,"Quinn Ewers",MIA,"QB51","12","Coach Upside rating–No rating available","Coach Bust rating–No rating available","5 out of 5 stars","-33","-","-"
"438",16,"Mitchell Evans",CAR,"TE60","14","Coach Upside rating–No rating available","Coach Bust rating–No rating available","4 out of 5 stars","+2","-","-"
"439",16,"Lucky Jackson",MIN,"WR152","6","Coach Upside rating–No rating available","Coach Bust rating–No rating available","2 out of 5 stars","+69","-","-"
"440",16,"Ezekiel Elliott",FA,"RB121","-","Coach Upside rating–No rating available","Coach Bust rating–No rating available","-","+32","-","-"
"441",16,"Xavier Hutchinson",HOU,"WR153","6","Coach Upside rating–No rating available","Coach Bust rating–No rating available","4 out of 5 stars","+228","-","-"
"442",16,"Patrick Ricard",BAL,"RB122","7","Coach Upside rating–No rating available","Coach Bust rating–No rating available","3 out of 5 stars","+20","-","-"
"443",16,"C.J. Ham",MIN,"RB123","6","Coach Upside rating–No rating available","Coach Bust rating–No rating available","3 out of 5 stars","+37","-","-"
"444",16,"Tanner Hudson",CIN,"TE61","10","Coach Upside rating–No rating available","Coach Bust rating–No rating available","2 out of 5 stars","+207","-","-"
"445",16,"Sam Howell",PHI,"QB52","9","Coach Upside rating–No rating available","Coach Bust rating–No rating available","3 out of 5 stars","+47","-","-"
"446",16,"Kalif Raymond",DET,"WR154","8","Coach Upside rating–No rating available","Coach Bust rating–No rating available","3 out of 5 stars","-39","-","-"
"447",16,"Jeremy Ruckert",NYJ,"TE62","9","Coach Upside rating","Coach Bust rating","3 out of 5 stars","+219","-","-"
"448",16,"K.J. Osborn",FA,"WR155","-","Coach Upside rating–No rating available","Coach Bust rating–No rating available","-","+333","-","-"
"449",16,"Carson Steele",KC,"RB124","10","Coach Upside rating–No rating available","Coach Bust rating–No rating available","2 out of 5 stars","+38","-","-"
"450",16,"Tyler Johnson",NYJ,"WR156","9","Coach Upside rating–No rating available","Coach Bust rating–No rating available","4 out of 5 stars","+261","-","-"
"451",16,"Marcus Mariota",WAS,"QB53","12","Coach Upside rating–No rating available","Coach Bust rating–No rating available","2 out of 5 stars","+58","-","-"
"452",16,"Julian Hill",MIA,"TE63","12","Coach Upside rating–No rating available","Coach Bust rating–No rating available","3 out of 5 stars","-49","-","-"
"453",16,"Andy Dalton",CAR,"QB54","14","Coach Upside rating–No rating available","Coach Bust rating–No rating available","3 out of 5 stars","+62","-","-"
"454",16,"Joshua Dobbs",NE,"QB55","14","Coach Upside rating–No rating available","Coach Bust rating–No rating available","5 out of 5 stars","-94","-","-"
"455",16,"Stone Smartt",NYJ,"TE64","9","Coach Upside rating–No rating available","Coach Bust rating–No rating available","3 out of 5 stars","+371","-","-"
"456",16,"Robert Tonyan",KC,"TE65","10","Coach Upside rating–No rating available","Coach Bust rating–No rating available","3 out of 5 stars","+196","-","-"
"457",16,"Elijah Higgins",ARI,"TE66","8","Coach Upside rating–No rating available","Coach Bust rating–No rating available","5 out of 5 stars","-86","-","-"
"458",16,"Jonathan Mingo",DAL,"WR157","10","Coach Upside rating–No rating available","Coach Bust rating–No rating available","2 out of 5 stars","+188","-","-"
"459",16,"Charlie Woerner",ATL,"TE67","5","Coach Upside rating–No rating available","Coach Bust rating–No rating available","3 out of 5 stars","+325","-","-"
"460",16,"Charlie Kolar",BAL,"TE68","7","Coach Upside rating–No rating available","Coach Bust rating–No rating available","3 out of 5 stars","+141","-","-"
"461",16,"Jeff Wilson Jr.",MIA,"RB125","12","Coach Upside rating–No rating available","Coach Bust rating–No rating available","4 out of 5 stars","+291","-","-"
"462",16,"Cordarrelle Patterson",FA,"RB126","-","Coach Upside rating–No rating available","Coach Bust rating–No rating available","-","+217","-","-"
"463",16,"Luke Farrell",SF,"TE69","14","Coach Upside rating–No rating available","Coach Bust rating–No rating available","3 out of 5 stars","+77","-","-"
"464",16,"Kendrick Bourne",FA,"WR158","-","Coach Upside rating","Coach Bust rating","-","+227","-","-"
"465",16,"Chris Blair",ATL,"WR159","5","Coach Upside rating–No rating available","Coach Bust rating–No rating available","3 out of 5 stars","-","-","-"
"466",16,"Jacoby Brissett",ARI,"QB56","8","Coach Upside rating–No rating available","Coach Bust rating–No rating available","4 out of 5 stars","+215","-","-"
"467",16,"Kyle Allen",DET,"QB57","8","Coach Upside rating–No rating available","Coach Bust rating–No rating available","2 out of 5 stars","-49","-","-"